received_date,manufacturer_name,model_name,model_year,vehicle_type
2019-01-02,기아,모하비,2018,SUV
2019-01-02,기아,니로 하이브리드,2018,SUV
2019-01-03,기아,니로 PHEV,2018,SUV
2019-01-03,기아,카니발,2019,MPV/미니밴
2019-01-04,기아,스포티지,2011,SUV
2019-01-04,현대자동차,싼타페(SANTAFE),2014,SUV
2019-01-04,혼다코리아,ODYSSEY,2015,MPV/미니밴
2019-01-04,현대자동차,투싼(TUCSON),2019,SUV
2019-01-07,르노코리아,QM5,2013,SUV
2019-01-07,현대자동차,싼타페(SANTAFE),2014,SUV
2019-01-08,볼보,볼보 XC90D5 AWD,2018,SUV
2019-01-08,기아,스포티지,2017,SUV
2019-01-08,볼보,볼보 XC90D5 AWD,2018,SUV
2019-01-09,현대자동차,싼타페(SANTAFE),2013,SUV
2019-01-09,현대자동차,투싼(TUCSON),2019,SUV
2019-01-09,KG 모빌리티,티볼리 에어,2018,SUV
2019-01-09,기아,스포티지,2009,SUV
2019-01-09,기아,카니발,2019,MPV/미니밴
2019-01-09,KG 모빌리티,G4 렉스턴,2019,SUV
2019-01-11,기아,스포티지,2012,SUV
2019-01-11,기아,니로 하이브리드,2017,SUV
2019-01-14,현대자동차,투싼(TUCSON),2019,SUV
2019-01-14,기아,쏘렌토,2016,SUV
2019-01-14,기아,니로 하이브리드,2017,SUV
2019-01-14,기아,니로 하이브리드,2017,SUV
2019-01-15,기아,카니발,2018,MPV/미니밴
2019-01-16,기아,쏘렌토,2018,SUV
2019-01-16,르노코리아,QM3,2014,SUV
2019-01-16,현대자동차,투싼(TUCSON),2017,SUV
2019-01-16,기아,니로 하이브리드,2018,SUV
2019-01-16,KG 모빌리티,렉스턴스포츠,2019,SUV
2019-01-16,현대자동차,싼타페(SANTAFE),2013,SUV
2019-01-21,현대자동차,투싼(TUCSON),2017,SUV
2019-01-21,BMW,BMW X5 xDrive30d,2015,SUV
2019-01-21,KG 모빌리티,티볼리,2018,SUV
2019-01-21,기아,카니발,2019,MPV/미니밴
2019-01-21,현대자동차,투싼(TUCSON),2017,SUV
2019-01-22,현대자동차,투싼(TUCSON),2016,SUV
2019-01-22,기아,카니발,2015,MPV/미니밴
2019-01-23,기아,니로 하이브리드,2018,SUV
2019-01-23,현대자동차,싼타페(SANTAFE),2019,SUV
2019-01-23,현대자동차,투싼(TUCSON),2019,SUV
2019-01-23,르노코리아,QM6,2017,SUV
2019-01-23,메르세데스 벤츠,GLC350 e 4Matic,2018,SUV
2019-01-24,기아,그랜드 카니발,2009,MPV/미니밴
2019-01-25,르노코리아,QM3,2016,SUV
2019-01-25,현대자동차,싼타페(SANTAFE),2016,SUV
2019-01-28,KG 모빌리티,티볼리,2016,SUV
2019-01-28,현대자동차,싼타페,2002,SUV
2019-01-29,현대자동차,싼타페(SANTAFE),2011,SUV
2019-01-29,르노코리아,QM3,2015,SUV
2019-01-29,현대자동차,코나 일렉트릭 (KONA ELECTRIC),2019,SUV
2019-01-31,KG 모빌리티,티볼리,2018,SUV
2019-01-31,기아,쏘렌토,2016,SUV
2019-01-31,기아,스포티지,2005,SUV
2019-02-01,KG 모빌리티,G4 렉스턴,2018,SUV
2019-02-07,현대자동차,투싼(TUCSON),2019,SUV
2019-02-07,기아,스포티지,2011,SUV
2019-02-07,현대자동차,투싼(TUCSON),2014,SUV
2019-02-07,볼보,볼보 XC90D5 AWD,2018,SUV
2019-02-07,기아,쏘렌토,2015,SUV
2019-02-08,기아,스포티지,2016,SUV
2019-02-11,르노코리아,QM6,2017,SUV
2019-02-11,현대자동차,투싼(TUCSON),2007,SUV
2019-02-11,기아,쏘렌토,2013,SUV
2019-02-12,기아,쏘렌토,2015,SUV
2019-02-13,기아,쏘렌토,2018,SUV
2019-02-14,르노코리아,QM6,2019,SUV
2019-02-15,현대자동차,싼타페(SANTAFE),2012,SUV
2019-02-15,현대자동차,싼타페(SANTAFE),2012,SUV
2019-02-15,기아,쏘렌토,2014,SUV
2019-02-18,기아,카니발,2018,MPV/미니밴
2019-02-18,기아,카니발,2016,MPV/미니밴
2019-02-19,기아,쏘렌토,2011,SUV
2019-02-19,현대자동차,싼타페(SANTAFE),2019,SUV
2019-02-19,현대자동차,싼타페(SANTAFE),2019,SUV
2019-02-20,현대자동차,싼타페,2002,SUV
2019-02-21,KG 모빌리티,티볼리 에어,2016,SUV
2019-02-21,BMW,BMW X5 xDrive30d,2016,SUV
2019-02-21,현대자동차,싼타페(SANTAFE),2013,SUV
2019-02-21,기아,쏘렌토,2011,SUV
2019-02-22,기아,쏘렌토,2018,SUV
2019-02-25,르노코리아,QM3,2015,SUV
2019-02-25,기아,스포티지,2019,SUV
2019-02-26,기아,스포티지,2011,SUV
2019-02-26,KG 모빌리티,티볼리,2016,SUV
2019-02-26,현대자동차,투싼(TUCSON),2016,SUV
2019-02-26,현대자동차,싼타페,2000,SUV
2019-02-27,기아,스포티지,2011,SUV
2019-02-28,기아,스포티지,2011,SUV
2019-03-04,현대자동차,투싼(TUCSON),2016,SUV
2019-03-04,현대자동차,싼타페(SANTAFE),2012,SUV
2019-03-04,현대자동차,싼타페(SANTAFE),2012,SUV
2019-03-05,KG 모빌리티,렉스턴,2007,SUV
2019-03-06,기아,카니발,2015,MPV/미니밴
2019-03-06,현대자동차,싼타페(SANTAFE),2014,SUV
2019-03-06,르노코리아,QM3,2015,SUV
2019-03-06,현대자동차,싼타페(SANTAFE),2013,SUV
2019-03-07,현대자동차,투싼(TUCSON),2015,SUV
2019-03-07,현대자동차,싼타페(SANTAFE),2015,SUV
2019-03-08,르노코리아,QM3,2015,SUV
2019-03-08,현대자동차,싼타페(SANTAFE),2013,SUV
2019-03-08,기아,니로 하이브리드,2018,SUV
2019-03-08,기아,니로 EV,2019,SUV
2019-03-08,현대자동차,싼타페(SANTAFE),2014,SUV
2019-03-11,현대자동차,싼타페(SANTAFE),2013,SUV
2019-03-11,볼보,볼보 XC90D5 AWD,2017,SUV
2019-03-11,볼보,볼보 XC90D5 AWD,2018,SUV
2019-03-12,포드,Explorer 2.3 AWD,2016,SUV
2019-03-13,르노코리아,QM6,2019,SUV
2019-03-13,현대자동차,투싼(TUCSON),2016,SUV
2019-03-14,기아,쏘렌토,2018,SUV
2019-03-14,현대자동차,싼타페(SANTAFE),2013,SUV
2019-03-15,KG 모빌리티,G4 렉스턴,2019,SUV
2019-03-15,현대자동차,그랜드 스타렉스(GRAND STAREX),2019,MPV/미니밴
2019-03-15,현대자동차,팰리세이드(PALISADE),2019,SUV
2019-03-18,기아,니로 하이브리드,2018,SUV
2019-03-18,현대자동차,스타렉스(STAREX),2006,MPV/미니밴
2019-03-18,기아,니로 하이브리드,2018,SUV
2019-03-18,르노코리아,QM3,2016,SUV
2019-03-18,르노코리아,QM3,2019,SUV
2019-03-18,현대자동차,투싼(TUCSON),2016,SUV
2019-03-19,르노코리아,QM6,2017,SUV
2019-03-20,기아,모하비,2018,SUV
2019-03-20,현대자동차,싼타페(SANTAFE),2018,SUV
2019-03-21,KG 모빌리티,티볼리,2019,SUV
2019-03-21,현대자동차,싼타페(SANTAFE),2011,SUV
2019-03-22,기아,쏘렌토,2015,SUV
2019-03-22,현대자동차,그랜드 스타렉스(GRAND STAREX),2013,MPV/미니밴
2019-03-22,기아,그랜드 카니발,2007,MPV/미니밴
2019-03-22,현대자동차,코나 일렉트릭 (KONA ELECTRIC),2019,SUV
2019-03-25,기아,쏘렌토,2016,SUV
2019-03-26,기아,쏘렌토,2010,SUV
2019-03-27,현대자동차,그랜드 스타렉스(GRAND STAREX),2015,MPV/미니밴
2019-03-27,포드,Explorer 2.3 AWD,2018,SUV
2019-03-28,기아,니로 하이브리드,2017,SUV
2019-03-28,르노코리아,QM3,2014,SUV
2019-03-29,현대자동차,싼타페(SANTAFE),2019,SUV
2019-03-29,기아,쏘렌토,2010,SUV
2019-03-29,르노코리아,QM6,2018,SUV
2019-03-29,기아,카니발,2015,MPV/미니밴
2019-04-01,현대자동차,그랜드 스타렉스(GRAND STAREX),2014,MPV/미니밴
2019-04-01,기아,니로 하이브리드,2018,SUV
2019-04-01,기아,스포티지,2013,SUV
2019-04-02,KG 모빌리티,렉스턴,2011,SUV
2019-04-02,기아,쏘렌토,2017,SUV
2019-04-02,현대자동차,그랜드 스타렉스(GRAND STAREX),2019,MPV/미니밴
2019-04-03,KG 모빌리티,렉스턴,2013,SUV
2019-04-03,기아,쏘렌토,2019,SUV
2019-04-04,KG 모빌리티,G4 렉스턴,2019,SUV
2019-04-04,현대자동차,스타렉스(STAREX),2005,MPV/미니밴
2019-04-05,현대자동차,싼타페(SANTAFE),2005,SUV
2019-04-08,기아,스포티지,2005,SUV
2019-04-09,현대자동차,싼타페(SANTAFE),2015,SUV
2019-04-10,현대자동차,싼타페(SANTAFE),2014,SUV
2019-04-11,르노코리아,QM3,2015,SUV
2019-04-11,재규어랜드로버,재규어 F-PACE 20d AWD,2019,SUV
2019-04-12,기아,모하비,2017,SUV
2019-04-12,KG 모빌리티,G4 렉스턴,2019,SUV
2019-04-15,기아,쏘렌토,2014,SUV
2019-04-15,현대자동차,싼타페(SANTAFE),2015,SUV
2019-04-15,현대자동차,그랜드 스타렉스(GRAND STAREX),2015,MPV/미니밴
2019-04-15,현대자동차,투싼(TUCSON),2018,SUV
2019-04-15,현대자동차,싼타페(SANTAFE),2014,SUV
2019-04-16,KG 모빌리티,티볼리,2016,SUV
2019-04-17,현대자동차,싼타페(SANTAFE),2004,SUV
2019-04-19,현대자동차,팰리세이드(PALISADE),2019,SUV
2019-04-19,현대자동차,싼타페(SANTAFE),2019,SUV
2019-04-19,현대자동차,팰리세이드(PALISADE),2019,SUV
2019-04-23,현대자동차,싼타페(SANTAFE),2013,SUV
2019-04-23,현대자동차,팰리세이드(PALISADE),2019,SUV
2019-04-23,KG 모빌리티,티볼리,2019,SUV
2019-04-23,현대자동차,싼타페(SANTAFE),2013,SUV
2019-04-24,현대자동차,싼타페(SANTAFE),2014,SUV
2019-04-24,기아,카니발,2019,MPV/미니밴
2019-04-24,볼보,볼보 XC90D5 AWD,2017,SUV
2019-04-24,KG 모빌리티,티볼리,2019,SUV
2019-04-25,기아,쏘렌토,2014,SUV
2019-04-25,기아,스포티지,2016,SUV
2019-04-26,기아,카니발,2015,MPV/미니밴
2019-04-29,KG 모빌리티,렉스턴,2014,SUV
2019-04-29,KG 모빌리티,티볼리 에어,2019,SUV
2019-04-29,기아,카니발,2016,MPV/미니밴
2019-04-29,현대자동차,투싼(TUCSON),2016,SUV
2019-04-30,기아,쏘렌토,2016,SUV
2019-05-02,BMW,BMW X5 xDrive30d,2017,SUV
2019-05-02,기아,카렌스,2016,MPV/미니밴
2019-05-02,기아,카니발,2016,MPV/미니밴
2019-05-02,현대자동차,투싼(TUCSON),2019,SUV
2019-05-03,현대자동차,팰리세이드(PALISADE),2019,SUV
2019-05-03,현대자동차,투싼(TUCSON),2012,SUV
2019-05-03,기아,스포티지,2012,SUV
2019-05-03,기아,카니발,2019,MPV/미니밴
2019-05-07,혼다코리아,ODYSSEY,2019,MPV/미니밴
2019-05-07,기아,스포티지,2018,SUV
2019-05-07,기아,쏘렌토,2019,SUV
2019-05-07,현대자동차,싼타페(SANTAFE),2011,SUV
2019-05-07,현대자동차,싼타페(SANTAFE),2013,SUV
2019-05-07,KG 모빌리티,렉스턴스포츠 칸,2019,SUV
2019-05-07,메르세데스 벤츠,GLC350 e 4Matic,2018,SUV
2019-05-07,기아,카니발,2017,MPV/미니밴
2019-05-07,볼보,볼보 XC90D5 AWD,2017,SUV
2019-05-08,혼다코리아,CR-V 4WD,2015,SUV
2019-05-09,기아,쏘렌토,2011,SUV
2019-05-09,기아,스포티지,2016,SUV
2019-05-09,현대자동차,투싼(TUCSON),2011,SUV
2019-05-09,기아,스포티지,2010,SUV
2019-05-09,기아,카니발,2016,MPV/미니밴
2019-05-09,볼보,볼보 XC90D5 AWD,2017,SUV
2019-05-10,기아,쏘렌토,2011,SUV
2019-05-10,기아,쏘렌토,2011,SUV
2019-05-10,기아,쏘렌토,2011,SUV
2019-05-10,기아,스포티지,2012,SUV
2019-05-10,메르세데스 벤츠,GLC350 e 4Matic,2019,SUV
2019-05-10,현대자동차,투싼(TUCSON),2019,SUV
2019-05-10,현대자동차,싼타페(SANTAFE),2011,SUV
2019-05-10,기아,니로 하이브리드,2018,SUV
2019-05-13,현대자동차,투싼(TUCSON),2011,SUV
2019-05-13,현대자동차,투싼(TUCSON),2016,SUV
2019-05-13,현대자동차,투싼(TUCSON),2012,SUV
2019-05-13,기아,카렌스,2007,MPV/미니밴
2019-05-13,현대자동차,싼타페(SANTAFE),2013,SUV
2019-05-13,기아,쏘렌토,2018,SUV
2019-05-14,기아,쏘렌토,2011,SUV
2019-05-14,기아,니로 하이브리드,2017,SUV
2019-05-14,기아,쏘렌토,2010,SUV
2019-05-14,기아,쏘렌토,2018,SUV
2019-05-14,기아,쏘렌토,2010,SUV
2019-05-15,기아,카니발,2015,MPV/미니밴
2019-05-15,르노코리아,QM6,2018,SUV
2019-05-15,KG 모빌리티,렉스턴스포츠 칸,2019,SUV
2019-05-15,현대자동차,투싼(TUCSON),2018,SUV
2019-05-16,기아,쏘렌토,2014,SUV
2019-05-16,현대자동차,투싼(TUCSON),2018,SUV
2019-05-17,현대자동차,싼타페(SANTAFE),2015,SUV
2019-05-17,현대자동차,싼타페(SANTAFE),2015,SUV
2019-05-20,현대자동차,싼타페(SANTAFE),2019,SUV
2019-05-20,볼보,볼보 XC90D5 AWD,2018,SUV
2019-05-20,기아,모하비,2017,SUV
2019-05-21,현대자동차,그랜드 스타렉스(GRAND STAREX),2015,MPV/미니밴
2019-05-21,기아,스포티지,2016,SUV
2019-05-21,현대자동차,싼타페(SANTAFE),2016,SUV
2019-05-21,기아,스포티지,2005,SUV
2019-05-21,기아,쏘렌토,2019,SUV
2019-05-22,현대자동차,싼타페(SANTAFE),2019,SUV
2019-05-23,기아,스포티지,2017,SUV
2019-05-23,현대자동차,투싼(TUCSON),2016,SUV
2019-05-24,기아,그랜드 카니발,2009,MPV/미니밴
2019-05-24,기아,카니발,2015,MPV/미니밴
2019-05-27,현대자동차,투싼(TUCSON),2016,SUV
2019-05-27,현대자동차,투싼(TUCSON),2016,SUV
2019-05-27,KG 모빌리티,티볼리 에어,2019,SUV
2019-05-27,현대자동차,투싼(TUCSON),2016,SUV
2019-05-27,현대자동차,투싼(TUCSON),2016,SUV
2019-05-27,기아,니로 하이브리드,2018,SUV
2019-05-27,현대자동차,투싼(TUCSON),2016,SUV
2019-05-28,현대자동차,싼타페(SANTAFE),2005,SUV
2019-05-28,현대자동차,투싼(TUCSON),2016,SUV
2019-05-28,기아,스포티지,2016,SUV
2019-05-28,현대자동차,코나 일렉트릭 (KONA ELECTRIC),2019,SUV
2019-05-28,기아,카니발,2015,MPV/미니밴
2019-05-28,현대자동차,투싼(TUCSON),2016,SUV
2019-05-28,현대자동차,투싼(TUCSON),2016,SUV
2019-05-29,KG 모빌리티,티볼리 에어,2019,SUV
2019-05-29,현대자동차,투싼(TUCSON),2016,SUV
2019-05-29,현대자동차,투싼(TUCSON),2016,SUV
2019-05-29,르노코리아,QM6,2019,SUV
2019-05-29,현대자동차,코나(KONA),2019,SUV
2019-05-31,현대자동차,투싼(TUCSON),2016,SUV
2019-05-31,KG 모빌리티,티볼리 에어,2019,SUV
2019-05-31,현대자동차,투싼(TUCSON),2016,SUV
2019-05-31,현대자동차,싼타페(SANTAFE),2003,SUV
2019-05-31,기아,니로 하이브리드,2017,SUV
2019-06-03,현대자동차,투싼(TUCSON),2016,SUV
2019-06-03,기아,카니발,2007,MPV/미니밴
2019-06-03,기아,카니발,2015,MPV/미니밴
2019-06-03,기아,쏘렌토,2019,SUV
2019-06-04,현대자동차,투싼(TUCSON),2016,SUV
2019-06-04,현대자동차,투싼(TUCSON),2016,SUV
2019-06-04,KG 모빌리티,티볼리,2016,SUV
2019-06-04,현대자동차,투싼(TUCSON),2016,SUV
2019-06-04,기아,쏘렌토,2017,SUV
2019-06-04,KG 모빌리티,티볼리,2019,SUV
2019-06-05,현대자동차,싼타페(SANTAFE),2019,SUV
2019-06-05,현대자동차,투싼(TUCSON),2016,SUV
2019-06-07,현대자동차,팰리세이드(PALISADE),2019,SUV
2019-06-07,현대자동차,투싼(TUCSON),2016,SUV
2019-06-10,KG 모빌리티,렉스턴스포츠 칸,2019,SUV
2019-06-10,현대자동차,투싼(TUCSON),2016,SUV
2019-06-10,KG 모빌리티,G4 렉스턴,2019,SUV
2019-06-10,KG 모빌리티,G4 렉스턴,2018,SUV
2019-06-10,현대자동차,투싼(TUCSON),2016,SUV
2019-06-11,현대자동차,투싼(TUCSON),2016,SUV
2019-06-11,르노코리아,QM6,2019,SUV
2019-06-12,기아,쏘렌토,2017,SUV
2019-06-12,메르세데스 벤츠,GLC350 e 4Matic,2019,SUV
2019-06-12,KG 모빌리티,렉스턴스포츠,2019,SUV
2019-06-12,KG 모빌리티,렉스턴스포츠 칸,2019,SUV
2019-06-13,르노코리아,QM3,2014,SUV
2019-06-13,현대자동차,코나 일렉트릭 (KONA ELECTRIC),2019,SUV
2019-06-13,현대자동차,싼타페(SANTAFE),2014,SUV
2019-06-13,기아,쏘렌토,2011,SUV
2019-06-13,현대자동차,싼타페(SANTAFE),2013,SUV
2019-06-14,기아,스포티지,2017,SUV
2019-06-14,현대자동차,투싼(TUCSON),2016,SUV
2019-06-17,KG 모빌리티,렉스턴스포츠,2019,SUV
2019-06-17,기아,니로 하이브리드,2018,SUV
2019-06-17,기아,니로 하이브리드,2020,SUV
2019-06-18,르노코리아,QM6,2017,SUV
2019-06-18,메르세데스 벤츠,GLC350 e 4Matic,2019,SUV
2019-06-18,KG 모빌리티,티볼리,2019,SUV
2019-06-19,기아,쏘렌토,2018,SUV
2019-06-19,KG 모빌리티,G4 렉스턴,2019,SUV
2019-06-19,현대자동차,싼타페(SANTAFE),2013,SUV
2019-06-19,기아,쏘렌토,2019,SUV
2019-06-19,르노코리아,QM6,2019,SUV
2019-06-19,기아,모하비,2009,SUV
2019-06-19,KG 모빌리티,티볼리 에어,2019,SUV
2019-06-20,현대자동차,싼타페(SANTAFE),2019,SUV
2019-06-20,기아,카니발,2015,MPV/미니밴
2019-06-21,현대자동차,싼타페,2000,SUV
2019-06-21,현대자동차,투싼(TUCSON),2016,SUV
2019-06-21,KG 모빌리티,티볼리,2019,SUV
2019-06-21,기아,쏘렌토,2011,SUV
2019-06-24,현대자동차,팰리세이드(PALISADE),2019,SUV
2019-06-24,현대자동차,그랜드 스타렉스(GRAND STAREX),2019,MPV/미니밴
2019-06-24,르노코리아,QM6,2019,SUV
2019-06-25,메르세데스 벤츠,GLK220 CDI 4Matic,2010,SUV
2019-06-26,KG 모빌리티,렉스턴스포츠,2019,SUV
2019-06-26,KG 모빌리티,티볼리,2016,SUV
2019-06-27,KG 모빌리티,렉스턴,2017,SUV
2019-06-27,KG 모빌리티,티볼리,2016,SUV
2019-06-27,현대자동차,투싼(TUCSON),2016,SUV
2019-06-27,르노코리아,QM6,2019,SUV
2019-06-27,기아,니로 하이브리드,2017,SUV
2019-06-27,KG 모빌리티,티볼리,2019,SUV
2019-06-27,현대자동차,싼타페(SANTAFE),2012,SUV
2019-06-28,기아,니로 EV,2019,SUV
2019-06-28,현대자동차,투싼(TUCSON),2016,SUV
2019-06-28,기아,카니발,2016,MPV/미니밴
2019-07-01,현대자동차,투싼(TUCSON),2016,SUV
2019-07-01,현대자동차,투싼(TUCSON),2016,SUV
2019-07-01,현대자동차,싼타페(SANTAFE),2019,SUV
2019-07-01,현대자동차,투싼(TUCSON),2016,SUV
2019-07-02,르노코리아,QM6,2019,SUV
2019-07-02,르노코리아,QM6,2019,SUV
2019-07-03,기아,스포티지,2018,SUV
2019-07-03,현대자동차,투싼(TUCSON),2016,SUV
2019-07-05,현대자동차,투싼(TUCSON),2016,SUV
2019-07-05,르노코리아,QM6,2017,SUV
2019-07-08,현대자동차,투싼(TUCSON),2016,SUV
2019-07-08,현대자동차,투싼(TUCSON),2016,SUV
2019-07-09,KG 모빌리티,티볼리,2016,SUV
2019-07-09,현대자동차,투싼(TUCSON),2016,SUV
2019-07-09,현대자동차,코나 일렉트릭 (KONA ELECTRIC),2019,SUV
2019-07-09,현대자동차,싼타페(SANTAFE),2013,SUV
2019-07-10,기아,니로 하이브리드,2020,SUV
2019-07-10,현대자동차,코나 일렉트릭 (KONA ELECTRIC),2019,SUV
2019-07-11,현대자동차,그랜드 스타렉스(GRAND STAREX),2019,MPV/미니밴
2019-07-12,토요타,토요타 RAV4 Hybrid AWD,2019,SUV
2019-07-12,현대자동차,싼타페(SANTAFE),2019,SUV
2019-07-12,기아,카니발,2017,MPV/미니밴
2019-07-12,KG 모빌리티,렉스턴스포츠,2019,SUV
2019-07-15,기아,그랜드 카니발,2009,MPV/미니밴
2019-07-15,기아,스포티지,2012,SUV
2019-07-16,기아,니로 하이브리드,2017,SUV
2019-07-16,기아,카니발,2015,MPV/미니밴
2019-07-17,현대자동차,투싼(TUCSON),2013,SUV
2019-07-19,현대자동차,그랜드 스타렉스(GRAND STAREX),2016,MPV/미니밴
2019-07-19,현대자동차,투싼(TUCSON),2016,SUV
2019-07-22,KG 모빌리티,티볼리,2020,SUV
2019-07-22,기아,카니발,2015,MPV/미니밴
2019-07-22,기아,쏘렌토,2010,SUV
2019-07-22,KG 모빌리티,티볼리,2020,SUV
2019-07-22,KG 모빌리티,티볼리,2020,SUV
2019-07-22,기아,니로 하이브리드,2017,SUV
2019-07-23,현대자동차,투싼(TUCSON),2016,SUV
2019-07-23,기아,카니발,2016,MPV/미니밴
2019-07-23,기아,카니발,2015,MPV/미니밴
2019-07-23,기아,쏘렌토,2015,SUV
2019-07-23,현대자동차,싼타페(SANTAFE),2013,SUV
2019-07-23,현대자동차,투싼(TUCSON),2016,SUV
2019-07-23,KG 모빌리티,티볼리,2020,SUV
2019-07-23,KG 모빌리티,티볼리,2020,SUV
2019-07-24,기아,카니발,2015,MPV/미니밴
2019-07-24,KG 모빌리티,티볼리,2020,SUV
2019-07-24,KG 모빌리티,티볼리,2020,SUV
2019-07-24,KG 모빌리티,티볼리,2020,SUV
2019-07-25,기아,카렌스,2014,MPV/미니밴
2019-07-25,KG 모빌리티,티볼리,2020,SUV
2019-07-25,KG 모빌리티,티볼리,2020,SUV
2019-07-25,KG 모빌리티,티볼리,2020,SUV
2019-07-25,현대자동차,투싼(TUCSON),2016,SUV
2019-07-25,KG 모빌리티,티볼리,2020,SUV
2019-07-25,KG 모빌리티,티볼리,2020,SUV
2019-07-26,르노코리아,QM6,2020,SUV
2019-07-26,르노코리아,QM6,2017,SUV
2019-07-26,현대자동차,투싼(TUCSON),2016,SUV
2019-07-26,KG 모빌리티,티볼리,2020,SUV
2019-07-26,기아,카니발,2015,MPV/미니밴
2019-07-26,KG 모빌리티,티볼리,2020,SUV
2019-07-29,KG 모빌리티,티볼리,2020,SUV
2019-07-29,현대자동차,싼타페(SANTAFE),2019,SUV
2019-07-29,KG 모빌리티,티볼리 에어,2019,SUV
2019-07-29,KG 모빌리티,렉스턴스포츠,2019,SUV
2019-07-29,르노코리아,QM6,2017,SUV
2019-07-30,현대자동차,투싼(TUCSON),2016,SUV
2019-07-30,현대자동차,코나 일렉트릭 (KONA ELECTRIC),2019,SUV
2019-07-30,기아,카니발,2017,MPV/미니밴
2019-07-30,KG 모빌리티,티볼리,2020,SUV
2019-07-30,기아,쏘렌토,2015,SUV
2019-07-30,기아,모하비,2018,SUV
2019-07-30,KG 모빌리티,티볼리 에어,2019,SUV
2019-07-30,기아,카니발,2016,MPV/미니밴
2019-07-31,KG 모빌리티,티볼리,2020,SUV
2019-07-31,KG 모빌리티,티볼리 에어,2019,SUV
2019-07-31,KG 모빌리티,렉스턴스포츠,2019,SUV
2019-07-31,기아,카니발,2017,MPV/미니밴
2019-07-31,르노코리아,QM3,2015,SUV
2019-08-01,KG 모빌리티,G4 렉스턴,2019,SUV
2019-08-01,기아,카니발,2019,MPV/미니밴
2019-08-02,기아,스포티지,2015,SUV
2019-08-02,현대자동차,투싼(TUCSON),2016,SUV
2019-08-02,기아,카니발,2015,MPV/미니밴
2019-08-02,르노코리아,QM3,2015,SUV
2019-08-05,현대자동차,투싼(TUCSON),2016,SUV
2019-08-05,KG 모빌리티,티볼리 에어,2019,SUV
2019-08-05,기아,카니발,2016,MPV/미니밴
2019-08-05,기아,모하비,2015,SUV
2019-08-06,KG 모빌리티,티볼리 에어,2019,SUV
2019-08-06,KG 모빌리티,티볼리,2020,SUV
2019-08-06,KG 모빌리티,티볼리 에어,2017,SUV
2019-08-06,KG 모빌리티,티볼리 에어,2019,SUV
2019-08-06,기아,니로 하이브리드,2017,SUV
2019-08-06,현대자동차,투싼(TUCSON),2016,SUV
2019-08-06,기아,카니발,2016,MPV/미니밴
2019-08-07,KG 모빌리티,티볼리 에어,2019,SUV
2019-08-07,현대자동차,코나 일렉트릭 (KONA ELECTRIC),2019,SUV
2019-08-07,KG 모빌리티,티볼리 에어,2017,SUV
2019-08-07,현대자동차,투싼(TUCSON),2013,SUV
2019-08-07,KG 모빌리티,티볼리,2019,SUV
2019-08-08,르노코리아,QM6,2017,SUV
2019-08-08,KG 모빌리티,티볼리 에어,2019,SUV
2019-08-08,기아,카니발,2016,MPV/미니밴
2019-08-08,기아,니로 EV,2019,SUV
2019-08-09,현대자동차,투싼(TUCSON),2016,SUV
2019-08-09,현대자동차,싼타페(SANTAFE),2003,SUV
2019-08-09,기아,카니발,2016,MPV/미니밴
2019-08-09,현대자동차,싼타페(SANTAFE),2013,SUV
2019-08-09,현대자동차,투싼(TUCSON),2016,SUV
2019-08-09,현대자동차,싼타페(SANTAFE),2013,SUV
2019-08-12,기아,카니발,2015,MPV/미니밴
2019-08-12,기아,카니발,2016,MPV/미니밴
2019-08-12,기아,니로 하이브리드,2017,SUV
2019-08-12,BMW,BMW X5 xDrive30d,2018,SUV
2019-08-13,포드,Explorer 2.3 AWD,2017,SUV
2019-08-13,르노코리아,QM6,2017,SUV
2019-08-13,KG 모빌리티,티볼리,2020,SUV
2019-08-13,기아,스포티지,2012,SUV
2019-08-13,KG 모빌리티,G4 렉스턴,2019,SUV
2019-08-13,현대자동차,투싼(TUCSON),2019,SUV
2019-08-14,KG 모빌리티,티볼리 에어,2016,SUV
2019-08-14,BMW,BMW X5 xDrive30d,2018,SUV
2019-08-14,기아,스포티지,2008,SUV
2019-08-14,기아,쏘렌토,2013,SUV
2019-08-14,기아,카니발,2019,MPV/미니밴
2019-08-14,기아,쏘렌토,2018,SUV
2019-08-16,현대자동차,투싼(TUCSON),2016,SUV
2019-08-16,포드,Explorer 2.3 AWD,2016,SUV
2019-08-16,현대자동차,투싼(TUCSON),2016,SUV
2019-08-16,현대자동차,그랜드 스타렉스(GRAND STAREX),2015,MPV/미니밴
2019-08-19,르노코리아,QM3,2016,SUV
2019-08-19,현대자동차,그랜드 스타렉스(GRAND STAREX),2019,MPV/미니밴
2019-08-19,현대자동차,투싼(TUCSON),2016,SUV
2019-08-20,기아,스포티지,2016,SUV
2019-08-20,BMW,BMW X5 xDrive30d,2017,SUV
2019-08-20,기아,스포티지,2016,SUV
2019-08-20,KG 모빌리티,티볼리 에어,2019,SUV
2019-08-20,현대자동차,그랜드 스타렉스(GRAND STAREX),2017,MPV/미니밴
2019-08-20,현대자동차,투싼(TUCSON),2016,SUV
2019-08-20,KG 모빌리티,티볼리 에어,2019,SUV
2019-08-20,기아,니로 하이브리드,2018,SUV
2019-08-21,현대자동차,싼타페(SANTAFE),2008,SUV
2019-08-21,현대자동차,싼타페(SANTAFE),2013,SUV
2019-08-21,기아,카니발,2015,MPV/미니밴
2019-08-22,기아,쏘렌토,2010,SUV
2019-08-22,현대자동차,투싼(TUCSON),2016,SUV
2019-08-22,기아,쏘렌토,2015,SUV
2019-08-23,르노코리아,QM6,2019,SUV
2019-08-23,기아,카니발,2015,MPV/미니밴
2019-08-26,르노코리아,QM6,2019,SUV
2019-08-26,현대자동차,투싼(TUCSON),2016,SUV
2019-08-26,현대자동차,싼타페(SANTAFE),2013,SUV
2019-08-26,현대자동차,투싼(TUCSON),2016,SUV
2019-08-26,기아,쏘렌토,2020,SUV
2019-08-27,르노코리아,QM6,2017,SUV
2019-08-27,KG 모빌리티,렉스턴스포츠 칸,2019,SUV
2019-08-27,르노코리아,QM6,2019,SUV
2019-08-28,현대자동차,투싼(TUCSON),2006,SUV
2019-08-28,기아,쏘렌토,2016,SUV
2019-08-29,현대자동차,싼타페(SANTAFE),2019,SUV
2019-08-29,현대자동차,싼타페(SANTAFE),2019,SUV
2019-08-29,현대자동차,싼타페(SANTAFE),2019,SUV
2019-08-29,BMW,BMW X5 xDrive40d,2018,SUV
2019-08-29,현대자동차,투싼(TUCSON),2016,SUV
2019-08-29,현대자동차,싼타페(SANTAFE),2019,SUV
2019-08-30,현대자동차,싼타페(SANTAFE),2019,SUV
2019-08-30,현대자동차,싼타페(SANTAFE),2019,SUV
2019-08-30,현대자동차,싼타페(SANTAFE),2019,SUV
2019-08-30,현대자동차,싼타페(SANTAFE),2019,SUV
2019-08-30,현대자동차,싼타페(SANTAFE),2019,SUV
2019-08-30,현대자동차,싼타페(SANTAFE),2019,SUV
2019-08-30,현대자동차,싼타페(SANTAFE),2019,SUV
2019-08-30,현대자동차,싼타페(SANTAFE),2019,SUV
2019-09-02,현대자동차,싼타페(SANTAFE),2019,SUV
2019-09-02,현대자동차,싼타페(SANTAFE),2019,SUV
2019-09-02,현대자동차,싼타페(SANTAFE),2019,SUV
2019-09-02,현대자동차,싼타페(SANTAFE),2019,SUV
2019-09-02,현대자동차,싼타페(SANTAFE),2019,SUV
2019-09-02,현대자동차,싼타페(SANTAFE),2019,SUV
2019-09-03,KG 모빌리티,렉스턴,2013,SUV
2019-09-03,기아,스포티지,2016,SUV
2019-09-03,현대자동차,팰리세이드(PALISADE),2019,SUV
2019-09-04,기아,스포티지,2016,SUV
2019-09-04,르노코리아,QM6,2017,SUV
2019-09-05,현대자동차,투싼(TUCSON),2016,SUV
2019-09-05,KG 모빌리티,렉스턴,2013,SUV
2019-09-05,현대자동차,싼타페(SANTAFE),2020,SUV
2019-09-05,KG 모빌리티,렉스턴,2015,SUV
2019-09-05,KG 모빌리티,티볼리 에어,2019,SUV
2019-09-05,르노코리아,QM6,2020,SUV
2019-09-06,기아,카니발,2016,MPV/미니밴
2019-09-06,르노코리아,QM6,2020,SUV
2019-09-09,르노코리아,QM6,2020,SUV
2019-09-09,현대자동차,투싼(TUCSON),2016,SUV
2019-09-09,현대자동차,코나 일렉트릭 (KONA ELECTRIC),2019,SUV
2019-09-09,르노코리아,QM6,2020,SUV
2019-09-10,KG 모빌리티,티볼리,2019,SUV
2019-09-10,현대자동차,투싼(TUCSON),2016,SUV
2019-09-10,현대자동차,그랜드 스타렉스(GRAND STAREX),2019,MPV/미니밴
2019-09-10,현대자동차,투싼(TUCSON),2016,SUV
2019-09-10,르노코리아,QM3,2016,SUV
2019-09-10,현대자동차,싼타페(SANTAFE),2020,SUV
2019-09-10,현대자동차,싼타페(SANTAFE),2020,SUV
2019-09-10,BMW,BMW X5 xDrive30d,2018,SUV
2019-09-11,르노코리아,QM6,2020,SUV
2019-09-11,르노코리아,QM6,2020,SUV
2019-09-16,KG 모빌리티,티볼리,2019,SUV
2019-09-16,현대자동차,팰리세이드(PALISADE),2019,SUV
2019-09-16,기아,쏘렌토,2019,SUV
2019-09-16,현대자동차,싼타페(SANTAFE),2013,SUV
2019-09-16,기아,쏘렌토,2010,SUV
2019-09-17,현대자동차,투싼(TUCSON),2016,SUV
2019-09-18,현대자동차,싼타페(SANTAFE),2019,SUV
2019-09-18,KG 모빌리티,티볼리,2017,SUV
2019-09-18,현대자동차,싼타페(SANTAFE),2013,SUV
2019-09-18,기아,카니발,2019,MPV/미니밴
2019-09-18,현대자동차,싼타페(SANTAFE),2019,SUV
2019-09-19,현대자동차,싼타페(SANTAFE),2019,SUV
2019-09-19,현대자동차,투싼(TUCSON),2016,SUV
2019-09-19,현대자동차,싼타페(SANTAFE),2019,SUV
2019-09-19,KG 모빌리티,티볼리,2019,SUV
2019-09-19,기아,카니발,2015,MPV/미니밴
2019-09-19,현대자동차,싼타페(SANTAFE),2019,SUV
2019-09-19,기아,카니발,2015,MPV/미니밴
2019-09-19,현대자동차,싼타페(SANTAFE),2019,SUV
2019-09-19,기아,쏘렌토,2018,SUV
2019-09-20,르노코리아,QM3,2017,SUV
2019-09-20,기아,쏘렌토,2018,SUV
2019-09-20,현대자동차,싼타페(SANTAFE),2020,SUV
2019-09-20,KG 모빌리티,티볼리,2019,SUV
2019-09-20,현대자동차,싼타페(SANTAFE),2020,SUV
2019-09-20,현대자동차,싼타페(SANTAFE),2020,SUV
2019-09-23,르노코리아,QM6,2019,SUV
2019-09-23,기아,카니발,2019,MPV/미니밴
2019-09-23,현대자동차,투싼(TUCSON),2016,SUV
2019-09-24,현대자동차,투싼(TUCSON),2016,SUV
2019-09-24,현대자동차,팰리세이드(PALISADE),2019,SUV
2019-09-24,현대자동차,팰리세이드(PALISADE),2019,SUV
2019-09-26,현대자동차,팰리세이드(PALISADE),2019,SUV
2019-09-26,기아,쏘렌토,2013,SUV
2019-09-27,기아,모하비,2012,SUV
2019-09-27,기아,쏘렌토,2018,SUV
2019-09-27,현대자동차,코나 일렉트릭 (KONA ELECTRIC),2019,SUV
2019-09-27,기아,쏘렌토,2015,SUV
2019-09-27,기아,쏘렌토,2016,SUV
2019-09-27,기아,쏘렌토,2018,SUV
2019-09-27,기아,쏘렌토,2015,SUV
2019-09-27,기아,쏘렌토,2015,SUV
2019-09-30,기아,쏘렌토,2010,SUV
2019-09-30,KG 모빌리티,렉스턴스포츠,2018,SUV
2019-09-30,현대자동차,팰리세이드(PALISADE),2019,SUV
2019-09-30,기아,스포티지,2019,SUV
2019-10-01,현대자동차,투싼(TUCSON),2016,SUV
2019-10-01,기아,쏘렌토,2015,SUV
2019-10-01,볼보,볼보 XC90D5 AWD,2019,SUV
2019-10-01,기아,쏘렌토,2016,SUV
2019-10-02,기아,쏘렌토,2015,SUV
2019-10-02,기아,스포티지,2019,SUV
2019-10-02,기아,쏘렌토,2015,SUV
2019-10-02,현대자동차,투싼(TUCSON),2016,SUV
2019-10-02,기아,쏘렌토,2016,SUV
2019-10-04,KG 모빌리티,렉스턴스포츠 칸,2019,SUV
2019-10-04,기아,쏘렌토,2016,SUV
2019-10-04,기아,스포티지,2016,SUV
2019-10-07,기아,쏘렌토,2018,SUV
2019-10-07,기아,쏘렌토,2015,SUV
2019-10-08,KG 모빌리티,렉스턴,2011,SUV
2019-10-08,기아,카니발,2015,MPV/미니밴
2019-10-08,기아,카니발,2015,MPV/미니밴
2019-10-10,현대자동차,싼타페(SANTAFE),2014,SUV
2019-10-10,기아,모하비,2015,SUV
2019-10-10,르노코리아,QM6,2017,SUV
2019-10-11,현대자동차,투싼(TUCSON),2016,SUV
2019-10-11,현대자동차,싼타페(SANTAFE),2019,SUV
2019-10-11,기아,쏘렌토,2016,SUV
2019-10-14,현대자동차,투싼(TUCSON),2016,SUV
2019-10-14,기아,쏘렌토,2018,SUV
2019-10-14,현대자동차,싼타페(SANTAFE),2020,SUV
2019-10-14,기아,스포티지,2016,SUV
2019-10-14,기아,쏘렌토,2016,SUV
2019-10-15,현대자동차,싼타페(SANTAFE),2019,SUV
2019-10-16,현대자동차,싼타페(SANTAFE),2018,SUV
2019-10-16,기아,쏘렌토,2015,SUV
2019-10-16,기아,쏘렌토,2019,SUV
2019-10-16,기아,쏘렌토,2016,SUV
2019-10-17,기아,쏘렌토,2016,SUV
2019-10-17,토요타,토요타 RAV4 Hybrid 2WD,2019,SUV
2019-10-17,KG 모빌리티,티볼리,2020,SUV
2019-10-18,현대자동차,투싼(TUCSON),2016,SUV
2019-10-18,BMW,BMW X5 xDrive35i,2012,SUV
2019-10-21,BMW,BMW X5 xDrive30d,2018,SUV
2019-10-21,르노코리아,QM3,2015,SUV
2019-10-21,기아,쏘렌토,2019,SUV
2019-10-21,현대자동차,투싼(TUCSON),2015,SUV
2019-10-22,르노코리아,QM6,2019,SUV
2019-10-22,현대자동차,투싼(TUCSON),2016,SUV
2019-10-24,현대자동차,투싼(TUCSON),2012,SUV
2019-10-24,현대자동차,싼타페(SANTAFE),2019,SUV
2019-10-24,현대자동차,싼타페(SANTAFE),2014,SUV
2019-10-24,기아,쏘렌토,2016,SUV
2019-10-25,르노코리아,QM6,2019,SUV
2019-10-28,기아,스포티지,2019,SUV
2019-10-29,기아,쏘렌토,2015,SUV
2019-10-29,현대자동차,투싼(TUCSON),2019,SUV
2019-10-29,기아,스포티지,2012,SUV
2019-10-30,기아,쏘렌토,2015,SUV
2019-10-30,현대자동차,팰리세이드(PALISADE),2019,SUV
2019-10-30,현대자동차,팰리세이드(PALISADE),2019,SUV
2019-10-30,현대자동차,투싼(TUCSON),2017,SUV
2019-10-30,현대자동차,싼타페(SANTAFE),2020,SUV
2019-10-30,기아,니로 하이브리드,2018,SUV
2019-10-31,현대자동차,팰리세이드(PALISADE),2019,SUV
2019-10-31,르노코리아,QM6,2017,SUV
2019-10-31,현대자동차,싼타페(SANTAFE),2015,SUV
2019-11-01,현대자동차,싼타페(SANTAFE),2005,SUV
2019-11-01,기아,쏘렌토,2015,SUV
2019-11-01,현대자동차,투싼(TUCSON),2016,SUV
2019-11-01,현대자동차,투싼(TUCSON),2016,SUV
2019-11-05,기아,카니발,2015,MPV/미니밴
2019-11-05,현대자동차,투싼(TUCSON) 수소연료전지,2016,SUV
2019-11-05,현대자동차,투싼(TUCSON) 수소연료전지,2016,SUV
2019-11-05,현대자동차,투싼(TUCSON) 수소연료전지,2016,SUV
2019-11-05,현대자동차,투싼(TUCSON),2016,SUV
2019-11-05,KG 모빌리티,G4 렉스턴,2018,SUV
2019-11-05,기아,쏘렌토,2015,SUV
2019-11-06,현대자동차,팰리세이드(PALISADE),2019,SUV
2019-11-06,현대자동차,투싼(TUCSON),2018,SUV
2019-11-06,기아,쏘렌토,2015,SUV
2019-11-06,기아,쏘렌토,2015,SUV
2019-11-06,KG 모빌리티,티볼리,2016,SUV
2019-11-07,르노코리아,QM6,2020,SUV
2019-11-07,기아,모하비,2020,SUV
2019-11-08,KG 모빌리티,티볼리,2020,SUV
2019-11-08,기아,모하비,2020,SUV
2019-11-08,르노코리아,QM6,2020,SUV
2019-11-11,현대자동차,투싼(TUCSON),2016,SUV
2019-11-11,현대자동차,싼타페(SANTAFE),2013,SUV
2019-11-11,포드,Explorer 2.3 AWD,2017,SUV
2019-11-11,KG 모빌리티,G4 렉스턴,2018,SUV
2019-11-12,현대자동차,싼타페(SANTAFE),2020,SUV
2019-11-12,기아,쏘렌토,2015,SUV
2019-11-12,현대자동차,싼타페(SANTAFE),2019,SUV
2019-11-12,현대자동차,싼타페(SANTAFE),2020,SUV
2019-11-13,기아,쏘렌토,2015,SUV
2019-11-13,현대자동차,투싼(TUCSON),2016,SUV
2019-11-14,르노코리아,QM6,2019,SUV
2019-11-15,현대자동차,코나(KONA),2019,SUV
2019-11-15,르노코리아,QM6,2020,SUV
2019-11-15,르노코리아,QM6,2020,SUV
2019-11-15,현대자동차,투싼(TUCSON),2016,SUV
2019-11-18,기아,쏘렌토,2016,SUV
2019-11-18,르노코리아,QM6,2017,SUV
2019-11-18,현대자동차,투싼(TUCSON),2016,SUV
2019-11-18,현대자동차,싼타페(SANTAFE),2018,SUV
2019-11-18,르노코리아,QM6,2017,SUV
2019-11-18,현대자동차,싼타페(SANTAFE),2019,SUV
2019-11-19,현대자동차,싼타페(SANTAFE),2013,SUV
2019-11-19,기아,쏘렌토,2020,SUV
2019-11-19,현대자동차,투싼(TUCSON),2016,SUV
2019-11-19,기아,쏘렌토,2015,SUV
2019-11-20,현대자동차,투싼(TUCSON),2016,SUV
2019-11-20,현대자동차,투싼(TUCSON),2016,SUV
2019-11-21,기아,카니발,2016,MPV/미니밴
2019-11-21,기아,쏘렌토,2019,SUV
2019-11-22,기아,스포티지,2019,SUV
2019-11-22,현대자동차,투싼(TUCSON),2016,SUV
2019-11-22,현대자동차,싼타페(SANTAFE),2019,SUV
2019-11-25,기아,쏘렌토,2019,SUV
2019-11-25,현대자동차,싼타페(SANTAFE),2019,SUV
2019-11-26,기아,쏘렌토,2016,SUV
2019-11-26,기아,카니발,2019,MPV/미니밴
2019-11-26,KG 모빌리티,티볼리,2019,SUV
2019-11-26,기아,쏘렌토,2015,SUV
2019-11-26,현대자동차,싼타페(SANTAFE),2005,SUV
2019-11-26,현대자동차,투싼(TUCSON),2011,SUV
2019-11-27,현대자동차,싼타페(SANTAFE),2020,SUV
2019-11-27,기아,그랜드 카니발,2008,MPV/미니밴
2019-11-27,르노코리아,QM6,2019,SUV
2019-11-28,기아,쏘렌토,2015,SUV
2019-11-28,현대자동차,싼타페(SANTAFE),2020,SUV
2019-11-28,현대자동차,싼타페(SANTAFE),2019,SUV
2019-11-28,르노코리아,QM6,2020,SUV
2019-11-28,현대자동차,팰리세이드(PALISADE),2019,SUV
2019-11-28,기아,쏘렌토,2020,SUV
2019-11-28,기아,쏘렌토,2020,SUV
2019-11-29,현대자동차,투싼(TUCSON),2020,SUV
2019-11-29,기아,니로 EV,2019,SUV
2019-11-29,기아,쏘렌토,2018,SUV
2019-12-02,BMW,BMW X5 xDrive30d,2015,SUV
2019-12-02,기아,쏘렌토,2015,SUV
2019-12-02,현대자동차,코나 일렉트릭 (KONA ELECTRIC),2019,SUV
2019-12-02,기아,쏘렌토,2019,SUV
2019-12-03,현대자동차,투싼(TUCSON),2018,SUV
2019-12-03,기아,니로 하이브리드,2018,SUV
2019-12-03,기아,그랜드 카니발,2009,MPV/미니밴
2019-12-03,현대자동차,싼타페(SANTAFE),2005,SUV
2019-12-04,기아,쏘렌토,2016,SUV
2019-12-04,현대자동차,투싼(TUCSON),2019,SUV
2019-12-05,KG 모빌리티,렉스턴스포츠,2018,SUV
2019-12-05,기아,스포티지,2005,SUV
2019-12-06,기아,니로 하이브리드,2017,SUV
2019-12-06,기아,카니발,2018,MPV/미니밴
2019-12-09,현대자동차,투싼(TUCSON),2016,SUV
2019-12-09,KG 모빌리티,티볼리,2019,SUV
2019-12-10,기아,모하비,2018,SUV
2019-12-10,기아,모하비,2014,SUV
2019-12-11,기아,모하비,2018,SUV
2019-12-11,현대자동차,싼타페(SANTAFE),2014,SUV
2019-12-11,기아,모하비,2015,SUV
2019-12-11,기아,모하비,2018,SUV
2019-12-11,기아,모하비,2014,SUV
2019-12-11,기아,모하비,2017,SUV
2019-12-11,기아,모하비,2015,SUV
2019-12-11,기아,스포티지,2014,SUV
2019-12-12,기아,니로 EV,2019,SUV
2019-12-12,기아,모하비,2012,SUV
2019-12-12,기아,니로 EV,2019,SUV
2019-12-12,KG 모빌리티,티볼리,2016,SUV
2019-12-12,기아,모하비,2014,SUV
2019-12-12,기아,모하비,2017,SUV
2019-12-12,기아,모하비,2018,SUV
2019-12-12,현대자동차,싼타페(SANTAFE),2013,SUV
2019-12-12,기아,모하비,2018,SUV
2019-12-12,기아,모하비,2015,SUV
2019-12-12,기아,모하비,2009,SUV
2019-12-12,현대자동차,투싼(TUCSON),2010,SUV
2019-12-13,현대자동차,싼타페(SANTAFE),2019,SUV
2019-12-13,기아,모하비,2014,SUV
2019-12-13,기아,모하비,2015,SUV
2019-12-13,기아,모하비,2018,SUV
2019-12-13,기아,모하비,2019,SUV
2019-12-13,기아,모하비,2018,SUV
2019-12-13,기아,모하비,2018,SUV
2019-12-16,기아,모하비,2015,SUV
2019-12-16,기아,모하비,2017,SUV
2019-12-16,현대자동차,코나 일렉트릭 (KONA ELECTRIC),2019,SUV
2019-12-16,기아,모하비,2018,SUV
2019-12-16,기아,모하비,2012,SUV
2019-12-16,기아,모하비,2018,SUV
2019-12-16,기아,모하비,2017,SUV
2019-12-16,기아,모하비,2017,SUV
2019-12-16,기아,모하비,2018,SUV
2019-12-17,기아,모하비,2013,SUV
2019-12-17,기아,카니발,2017,MPV/미니밴
2019-12-17,현대자동차,투싼(TUCSON),2016,SUV
2019-12-17,기아,모하비,2014,SUV
2019-12-17,기아,모하비,2018,SUV
2019-12-17,기아,모하비,2012,SUV
2019-12-18,기아,모하비,2009,SUV
2019-12-18,기아,모하비,2014,SUV
2019-12-18,기아,모하비,2018,SUV
2019-12-18,기아,카니발,2015,MPV/미니밴
2019-12-19,현대자동차,투싼(TUCSON),2010,SUV
2019-12-19,르노코리아,QM5,2011,SUV
2019-12-19,현대자동차,투싼(TUCSON),2016,SUV
2019-12-19,기아,모하비,2017,SUV
2019-12-20,KG 모빌리티,티볼리,2020,SUV
2019-12-20,기아,쏘렌토,2019,SUV
2019-12-23,기아,모하비,2017,SUV
2019-12-23,기아,모하비,2014,SUV
2019-12-23,기아,모하비,2009,SUV
2019-12-24,르노코리아,QM6,2019,SUV
2019-12-24,기아,모하비,2020,SUV
2019-12-24,기아,모하비,2017,SUV
2019-12-26,르노코리아,QM6,2020,SUV
2019-12-26,현대자동차,그랜드 스타렉스(GRAND STAREX),2016,MPV/미니밴
2019-12-26,기아,카니발,2016,MPV/미니밴
2019-12-26,KG 모빌리티,렉스턴스포츠,2018,SUV
2019-12-26,기아,카니발,2016,MPV/미니밴
2019-12-30,현대자동차,투싼(TUCSON),2016,SUV
2019-12-30,현대자동차,싼타페(SANTAFE),2020,SUV
2019-12-30,현대자동차,싼타페(SANTAFE),2020,SUV
2019-12-31,기아,카니발,2016,MPV/미니밴
2019-12-31,KG 모빌리티,티볼리,2020,SUV
2016-12-29,기아,쏘렌토,2016,SUV
2016-12-29,현대자동차,싼타페(SANTAFE),2004,SUV
2016-12-29,르노코리아,QM3,2014,SUV
2016-12-28,기아,모하비,2017,SUV
2016-12-28,현대자동차,싼타페(SANTAFE),2013,SUV
2016-12-26,현대자동차,투싼(TUCSON),2016,SUV
2016-12-26,기아,스포티지,2011,SUV
2016-12-23,현대자동차,투싼(TUCSON),2006,SUV
2016-12-23,현대자동차,스타렉스(STAREX),2004,MPV/미니밴
2016-12-21,기아,스포티지,2011,SUV
2016-12-23,르노코리아,QM3,2016,SUV
2016-12-21,현대자동차,싼타페(SANTAFE),2005,SUV
2016-12-20,현대자동차,투싼(TUCSON),2008,SUV
2016-12-19,기아,쏘렌토,2016,SUV
2016-12-19,기아,스포티지,2016,SUV
2016-12-19,현대자동차,싼타페(SANTAFE),2008,SUV
2016-12-19,기아,스포티지,2008,SUV
2016-12-16,기아,봉고 프런티어 GLS,2003,SUV
2016-12-16,기아,그랜드 카니발,2010,MPV/미니밴
2016-12-15,현대자동차,싼타페(SANTAFE),2016,SUV
2016-12-15,기아,쏘렌토,2012,SUV
2016-12-15,기아,쏘렌토,2015,SUV
2016-12-15,기아,쏘렌토,2015,SUV
2016-12-14,현대자동차,싼타페(SANTAFE),2015,SUV
2016-12-15,포드,Explorer 2.3 AWD,2016,SUV
2016-12-14,현대자동차,싼타페(SANTAFE),2016,SUV
2016-12-14,기아,쏘렌토,2017,SUV
2016-12-14,현대자동차,싼타페(SANTAFE),2014,SUV
2016-12-14,메르세데스 벤츠,GLK220 CDI 4Matic,2014,SUV
2016-12-13,현대자동차,싼타페(SANTAFE),2005,SUV
2016-12-14,기아,스포티지,2008,SUV
2016-12-13,기아,쏘렌토,2016,SUV
2016-12-12,기아,쏘렌토,2014,SUV
2016-12-09,기아,쏘렌토,2014,SUV
2016-12-12,KG 모빌리티,티볼리 에어,2017,SUV
2016-12-09,기아,쏘렌토,2015,SUV
2016-12-08,현대자동차,싼타페(SANTAFE),2016,SUV
2016-12-07,포드,Explorer 2.3 AWD,2016,SUV
2016-12-07,KG 모빌리티,티볼리 에어,2017,SUV
2016-12-06,기아,스포티지,2016,SUV
2016-12-08,현대자동차,투싼(TUCSON),2017,SUV
2016-12-05,혼다코리아,ODYSSEY,2016,MPV/미니밴
2016-12-05,현대자동차,싼타페(SANTAFE),2016,SUV
2016-12-05,기아,카니발,2015,MPV/미니밴
2016-12-05,현대자동차,투싼(TUCSON),2016,SUV
2016-12-05,기아,그랜드 카니발,2013,MPV/미니밴
2016-12-05,기아,스포티지,2007,SUV
2016-12-02,기아,니로 하이브리드,2017,SUV
2016-12-01,현대자동차,싼타페(SANTAFE),2016,SUV
2016-12-02,현대자동차,투싼(TUCSON),2016,SUV
2016-12-01,BMW,BMW X5 3.0d,2008,SUV
2016-11-29,기아,모하비,2014,SUV
2016-11-30,현대자동차,투싼(TUCSON),2016,SUV
2016-11-29,현대자동차,싼타페(SANTAFE),2016,SUV
2016-11-29,현대자동차,싼타페(SANTAFE),2016,SUV
2016-11-28,기아,쏘렌토,2016,SUV
2016-11-28,KG 모빌리티,렉스턴,2008,SUV
2016-11-25,기아,니로 하이브리드,2017,SUV
2016-11-25,현대자동차,투싼(TUCSON),2016,SUV
2016-11-24,기아,카니발,2015,MPV/미니밴
2016-11-24,현대자동차,스타렉스(STAREX),2005,MPV/미니밴
2016-11-23,현대자동차,스타렉스(STAREX),2006,MPV/미니밴
2016-11-23,현대자동차,싼타페(SANTAFE),2004,SUV
2016-11-23,현대자동차,싼타페(SANTAFE),2015,SUV
2016-11-23,기아,쏘렌토,2015,SUV
2016-11-24,KG 모빌리티,티볼리 에어,2017,SUV
2016-11-22,현대자동차,투싼(TUCSON),2016,SUV
2016-11-22,현대자동차,그랜드 스타렉스(GRAND STAREX),2011,MPV/미니밴
2016-11-22,현대자동차,싼타페(SANTAFE),2008,SUV
2016-11-22,현대자동차,싼타페(SANTAFE),2016,SUV
2016-11-22,현대자동차,싼타페(SANTAFE),2016,SUV
2016-11-22,현대자동차,투싼(TUCSON),2010,SUV
2016-11-21,KG 모빌리티,렉스턴,2016,SUV
2016-11-21,현대자동차,투싼(TUCSON),2016,SUV
2016-11-21,KG 모빌리티,렉스턴,2016,SUV
2016-11-21,현대자동차,스타렉스(STAREX),2007,MPV/미니밴
2016-11-21,기아,쏘렌토,2016,SUV
2016-11-21,기아,모하비,2015,SUV
2016-11-21,기아,니로 하이브리드,2017,SUV
2016-11-21,현대자동차,싼타페(SANTAFE),2016,SUV
2016-11-22,르노코리아,QM5,2014,SUV
2016-11-21,현대자동차,투싼(TUCSON),2017,SUV
2016-11-18,기아,쏘렌토,2012,SUV
2016-11-18,르노코리아,QM5,2014,SUV
2016-11-18,기아,쏘렌토,2007,SUV
2016-11-17,기아,모하비,2017,SUV
2016-11-17,기아,쏘렌토,2016,SUV
2016-11-17,현대자동차,투싼(TUCSON),2016,SUV
2016-11-16,기아,쏘렌토,2010,SUV
2016-11-15,KG 모빌리티,렉스턴,2015,SUV
2016-11-16,현대자동차,싼타페(SANTAFE),2013,SUV
2016-11-16,기아,카니발,2015,MPV/미니밴
2016-11-15,현대자동차,싼타페(SANTAFE),2016,SUV
2016-11-15,현대자동차,싼타페(SANTAFE),2016,SUV
2016-11-15,KG 모빌리티,렉스턴,2007,SUV
2016-11-14,KG 모빌리티,티볼리 에어,2016,SUV
2016-11-14,현대자동차,싼타페(SANTAFE),2016,SUV
2016-11-11,기아,니로 하이브리드,2017,SUV
2016-11-11,현대자동차,싼타페(SANTAFE),2016,SUV
2016-11-11,현대자동차,싼타페(SANTAFE),2016,SUV
2016-11-11,현대자동차,그랜드스타렉스(GRAND STAREX),2009,MPV/미니밴
2016-11-10,현대자동차,스타렉스(STAREX),2006,MPV/미니밴
2016-11-10,현대자동차,싼타페(SANTAFE),2017,SUV
2016-11-10,메르세데스 벤츠,GLK220 CDI 4Matic,2013,SUV
2016-11-09,현대자동차,싼타페(SANTAFE),2013,SUV
2016-11-08,기아,스포티지,2005,SUV
2016-11-08,르노코리아,QM6,2017,SUV
2016-11-08,기아,그랜드 카니발,2012,MPV/미니밴
2016-11-07,현대자동차,투싼(TUCSON),2017,SUV
2016-11-08,현대자동차,싼타페(SANTAFE),2016,SUV
2016-11-07,기아,쏘렌토,2016,SUV
2016-11-08,현대자동차,싼타페(SANTAFE),2016,SUV
2016-11-07,현대자동차,싼타페(SANTAFE),2016,SUV
2016-11-04,기아,카니발,2015,MPV/미니밴
2016-11-04,현대자동차,싼타페(SANTAFE),2016,SUV
2016-11-03,현대자동차,투싼(TUCSON),2017,SUV
2016-11-04,현대자동차,스타렉스(STAREX),2007,MPV/미니밴
2016-11-03,현대자동차,투싼(TUCSON),2016,SUV
2016-11-03,기아,쏘렌토,2016,SUV
2016-11-04,현대자동차,싼타페(SANTAFE),2016,SUV
2016-11-03,현대자동차,스타렉스(STAREX),2004,MPV/미니밴
2016-11-07,현대자동차,싼타페(SANTAFE),2016,SUV
2016-11-02,현대자동차,투싼(TUCSON),2016,SUV
2016-11-02,현대자동차,싼타페(SANTAFE),2016,SUV
2016-11-03,현대자동차,싼타페(SANTAFE),2016,SUV
2016-11-02,현대자동차,투싼(TUCSON),2017,SUV
2016-11-03,기아,카니발,2016,MPV/미니밴
2016-11-03,현대자동차,싼타페(SANTAFE),2016,SUV
2016-11-01,현대자동차,투싼(TUCSON),2016,SUV
2016-11-01,현대자동차,싼타페(SANTAFE),2016,SUV
2016-11-01,현대자동차,싼타페(SANTAFE),2016,SUV
2016-10-31,BMW,BMW X5 3.0d,2008,SUV
2016-10-31,현대자동차,싼타페(SANTAFE),2016,SUV
2016-10-28,현대자동차,싼타페(SANTAFE),2016,SUV
2016-10-28,현대자동차,싼타페(SANTAFE),2016,SUV
2016-10-28,현대자동차,싼타페(SANTAFE),2016,SUV
2016-10-28,현대자동차,싼타페(SANTAFE),2016,SUV
2016-10-31,현대자동차,싼타페(SANTAFE),2017,SUV
2016-10-31,기아,쏘렌토,2016,SUV
2016-10-31,현대자동차,싼타페(SANTAFE),2016,SUV
2016-10-31,현대자동차,싼타페(SANTAFE),2016,SUV
2016-10-28,현대자동차,싼타페(SANTAFE),2016,SUV
2016-10-27,현대자동차,싼타페(SANTAFE),2016,SUV
2016-10-27,기아,쏘렌토,2015,SUV
2016-10-27,기아,쏘렌토,2016,SUV
2016-10-27,기아,쏘렌토,2016,SUV
2016-10-27,현대자동차,투싼(TUCSON),2016,SUV
2016-10-27,현대자동차,투싼(TUCSON),2016,SUV
2016-10-27,기아,쏘렌토,2016,SUV
2016-10-28,현대자동차,투싼(TUCSON),2010,SUV
2016-10-27,기아,그랜드 카니발,2010,MPV/미니밴
2016-10-26,현대자동차,싼타페(SANTAFE),2016,SUV
2016-10-26,기아,모하비,2014,SUV
2016-10-27,현대자동차,싼타페(SANTAFE),2016,SUV
2016-10-26,현대자동차,싼타페(SANTAFE),2016,SUV
2016-10-26,현대자동차,싼타페(SANTAFE),2016,SUV
2016-10-26,기아,쏘렌토,2016,SUV
2016-10-26,기아,쏘렌토,2015,SUV
2016-10-25,르노코리아,QM6,2017,SUV
2016-10-25,기아,카니발,2016,MPV/미니밴
2016-10-25,현대자동차,싼타페(SANTAFE),2016,SUV
2016-10-25,기아,쏘렌토,2016,SUV
2016-10-24,현대자동차,싼타페(SANTAFE),2016,SUV
2016-10-24,르노코리아,QM6,2017,SUV
2016-10-21,현대자동차,싼타페(SANTAFE),2016,SUV
2016-10-21,현대자동차,싼타페(SANTAFE),2016,SUV
2016-10-21,기아,쏘렌토,2015,SUV
2016-10-24,기아,쏘렌토,2016,SUV
2016-10-21,기아,쏘렌토,2016,SUV
2016-10-20,현대자동차,투싼(TUCSON),2017,SUV
2016-10-20,KG 모빌리티,티볼리 에어,2016,SUV
2016-10-20,기아,쏘렌토,2015,SUV
2016-10-20,현대자동차,싼타페(SANTAFE),2013,SUV
2016-10-20,기아,쏘렌토,2016,SUV
2016-10-20,현대자동차,싼타페(SANTAFE),2016,SUV
2016-10-20,현대자동차,싼타페(SANTAFE),2015,SUV
2016-10-20,현대자동차,투싼(TUCSON),2016,SUV
2016-10-20,기아,쏘렌토,2016,SUV
2016-10-19,현대자동차,싼타페(SANTAFE),2008,SUV
2016-10-19,현대자동차,싼타페(SANTAFE),2016,SUV
2016-10-20,현대자동차,싼타페(SANTAFE),2016,SUV
2016-10-20,기아,카니발,2017,MPV/미니밴
2016-10-20,현대자동차,싼타페(SANTAFE),2016,SUV
2016-10-19,현대자동차,싼타페(SANTAFE),2016,SUV
2016-10-19,기아,쏘렌토,2016,SUV
2016-10-20,현대자동차,싼타페(SANTAFE),2016,SUV
2016-10-20,기아,쏘렌토,2016,SUV
2016-10-19,기아,쏘렌토,2017,SUV
2016-10-19,현대자동차,싼타페(SANTAFE),2016,SUV
2016-10-19,현대자동차,싼타페(SANTAFE),2016,SUV
2016-10-19,기아,쏘렌토,2015,SUV
2016-10-20,현대자동차,싼타페(SANTAFE),2013,SUV
2016-10-19,현대자동차,싼타페(SANTAFE),2016,SUV
2016-10-18,기아,쏘렌토,2016,SUV
2016-10-18,현대자동차,싼타페(SANTAFE),2016,SUV
2016-10-18,현대자동차,투싼(TUCSON),2016,SUV
2016-10-18,기아,쏘렌토,2016,SUV
2016-10-19,현대자동차,싼타페(SANTAFE),2016,SUV
2016-10-18,기아,쏘렌토,2015,SUV
2016-10-19,기아,쏘렌토,2015,SUV
2016-10-18,기아,쏘렌토,2016,SUV
2016-10-18,르노코리아,QM6,2017,SUV
2016-10-19,현대자동차,투싼(TUCSON),2016,SUV
2016-10-18,현대자동차,싼타페(SANTAFE),2016,SUV
2016-10-19,기아,쏘렌토,2014,SUV
2016-10-18,현대자동차,싼타페(SANTAFE),2014,SUV
2016-10-20,기아,쏘렌토,2016,SUV
2016-10-18,기아,모하비,2014,SUV
2016-10-18,기아,쏘렌토,2016,SUV
2016-10-20,현대자동차,싼타페(SANTAFE),2015,SUV
2016-10-17,현대자동차,싼타페(SANTAFE),2016,SUV
2016-10-18,현대자동차,싼타페(SANTAFE),2015,SUV
2016-10-17,기아,쏘렌토,2016,SUV
2016-10-17,현대자동차,투싼(TUCSON),2017,SUV
2016-10-18,기아,쏘렌토,2016,SUV
2016-10-18,기아,쏘렌토,2016,SUV
2016-10-18,기아,쏘렌토,2016,SUV
2016-10-17,기아,쏘렌토,2016,SUV
2016-10-18,현대자동차,싼타페(SANTAFE),2017,SUV
2016-10-18,기아,쏘렌토,2015,SUV
2016-10-17,기아,쏘렌토,2016,SUV
2016-10-18,현대자동차,싼타페(SANTAFE),2016,SUV
2016-10-18,기아,쏘렌토,2016,SUV
2016-10-17,현대자동차,싼타페(SANTAFE),2016,SUV
2016-10-18,기아,쏘렌토,2016,SUV
2016-10-18,기아,쏘렌토,2016,SUV
2016-10-17,기아,쏘렌토,2015,SUV
2016-10-17,기아,그랜드 카니발,2012,MPV/미니밴
2016-10-17,기아,쏘렌토,2016,SUV
2016-10-18,기아,쏘렌토,2016,SUV
2016-10-17,기아,카니발,2016,MPV/미니밴
2016-10-17,현대자동차,싼타페(SANTAFE),2016,SUV
2016-10-18,현대자동차,싼타페(SANTAFE),2017,SUV
2016-10-17,기아,쏘렌토,2016,SUV
2016-10-17,기아,쏘렌토,2016,SUV
2016-10-17,기아,쏘렌토,2016,SUV
2016-10-18,기아,쏘렌토,2015,SUV
2016-10-17,기아,쏘렌토,2016,SUV
2016-10-17,기아,쏘렌토,2015,SUV
2016-10-17,기아,쏘렌토,2016,SUV
2016-10-17,기아,쏘렌토,2016,SUV
2016-10-14,현대자동차,싼타페(SANTAFE),2013,SUV
2016-10-14,현대자동차,싼타페(SANTAFE),2016,SUV
2016-10-14,현대자동차,싼타페(SANTAFE),2016,SUV
2016-10-17,기아,쏘렌토,2016,SUV
2016-10-17,기아,카니발,2016,MPV/미니밴
2016-10-17,기아,쏘렌토,2016,SUV
2016-10-17,기아,니로 하이브리드,2017,SUV
2016-10-14,기아,쏘렌토,2015,SUV
2016-10-18,르노코리아,QM3,2016,SUV
2016-10-14,기아,쏘렌토,2016,SUV
2016-10-14,기아,쏘렌토,2015,SUV
2016-10-14,기아,쏘렌토,2016,SUV
2016-10-17,기아,쏘렌토,2016,SUV
2016-10-14,현대자동차,싼타페(SANTAFE),2016,SUV
2016-10-14,기아,쏘렌토,2016,SUV
2016-10-14,현대자동차,싼타페(SANTAFE),2016,SUV
2016-10-18,기아,쏘렌토,2016,SUV
2016-10-14,현대자동차,싼타페(SANTAFE),2016,SUV
2016-10-14,기아,쏘렌토,2015,SUV
2016-10-17,기아,쏘렌토,2016,SUV
2016-10-14,기아,쏘렌토,2016,SUV
2016-10-14,현대자동차,싼타페(SANTAFE),2016,SUV
2016-10-14,현대자동차,싼타페(SANTAFE),2016,SUV
2016-10-14,기아,쏘렌토,2016,SUV
2016-10-14,기아,쏘렌토,2016,SUV
2016-10-14,기아,쏘렌토,2015,SUV
2016-10-14,기아,쏘렌토,2016,SUV
2016-10-17,기아,쏘렌토,2015,SUV
2016-10-17,기아,쏘렌토,2016,SUV
2016-10-17,기아,쏘렌토,2016,SUV
2016-10-17,현대자동차,투싼(TUCSON),2016,SUV
2016-10-14,기아,쏘렌토,2016,SUV
2016-10-14,기아,쏘렌토,2016,SUV
2016-10-17,기아,쏘렌토,2016,SUV
2016-10-13,기아,쏘렌토,2015,SUV
2016-10-14,현대자동차,투싼(TUCSON),2016,SUV
2016-10-13,기아,쏘렌토,2016,SUV
2016-10-13,기아,쏘렌토,2016,SUV
2016-10-13,기아,스포티지,2016,SUV
2016-10-13,현대자동차,싼타페(SANTAFE),2016,SUV
2016-10-13,현대자동차,싼타페(SANTAFE),2016,SUV
2016-10-13,현대자동차,싼타페(SANTAFE),2016,SUV
2016-10-13,현대자동차,싼타페(SANTAFE),2016,SUV
2016-10-13,현대자동차,싼타페(SANTAFE),2016,SUV
2016-10-14,현대자동차,싼타페(SANTAFE),2016,SUV
2016-10-13,기아,쏘렌토,2015,SUV
2016-10-17,현대자동차,싼타페(SANTAFE),2016,SUV
2016-10-13,현대자동차,싼타페(SANTAFE),2016,SUV
2016-10-13,기아,쏘렌토,2016,SUV
2016-10-17,현대자동차,싼타페(SANTAFE),2016,SUV
2016-10-13,기아,쏘렌토,2015,SUV
2016-10-13,기아,쏘렌토,2016,SUV
2016-10-13,현대자동차,싼타페(SANTAFE),2016,SUV
2016-10-13,현대자동차,싼타페(SANTAFE),2016,SUV
2016-10-14,현대자동차,싼타페(SANTAFE),2017,SUV
2016-10-14,현대자동차,싼타페(SANTAFE),2016,SUV
2016-10-13,기아,쏘렌토,2016,SUV
2016-10-14,현대자동차,싼타페(SANTAFE),2016,SUV
2016-10-17,기아,쏘렌토,2016,SUV
2016-10-13,현대자동차,투싼(TUCSON),2016,SUV
2016-10-14,기아,쏘렌토,2015,SUV
2016-10-17,현대자동차,싼타페(SANTAFE),2016,SUV
2016-10-14,현대자동차,싼타페(SANTAFE),2016,SUV
2016-10-14,기아,쏘렌토,2016,SUV
2016-10-13,기아,쏘렌토,2016,SUV
2016-10-13,현대자동차,투싼(TUCSON),2016,SUV
2016-10-13,기아,쏘렌토,2016,SUV
2016-10-13,현대자동차,싼타페(SANTAFE),2016,SUV
2016-10-13,현대자동차,싼타페(SANTAFE),2016,SUV
2016-10-13,기아,쏘렌토,2016,SUV
2016-10-13,기아,카니발,2016,MPV/미니밴
2016-10-14,현대자동차,싼타페(SANTAFE),2016,SUV
2016-10-17,현대자동차,싼타페(SANTAFE),2014,SUV
2016-10-13,현대자동차,싼타페(SANTAFE),2016,SUV
2016-10-13,현대자동차,싼타페(SANTAFE),2016,SUV
2016-10-12,기아,쏘렌토,2016,SUV
2016-10-12,기아,쏘렌토,2015,SUV
2016-10-13,기아,쏘렌토,2015,SUV
2016-10-13,현대자동차,싼타페(SANTAFE),2016,SUV
2016-10-13,기아,쏘렌토,2016,SUV
2016-10-12,기아,쏘렌토,2016,SUV
2016-10-12,기아,쏘렌토,2016,SUV
2016-10-12,현대자동차,싼타페(SANTAFE),2017,SUV
2016-10-12,기아,쏘렌토,2016,SUV
2016-10-14,현대자동차,투싼(TUCSON),2017,SUV
2016-10-12,기아,쏘렌토,2016,SUV
2016-10-12,현대자동차,싼타페(SANTAFE),2016,SUV
2016-10-12,기아,쏘렌토,2015,SUV
2016-10-14,현대자동차,싼타페(SANTAFE),2016,SUV
2016-10-14,현대자동차,싼타페(SANTAFE),2016,SUV
2016-10-12,현대자동차,싼타페(SANTAFE),2016,SUV
2016-10-14,기아,쏘렌토,2015,SUV
2016-10-13,현대자동차,싼타페(SANTAFE),2016,SUV
2016-10-12,기아,쏘렌토,2016,SUV
2016-10-12,기아,쏘렌토,2016,SUV
2016-10-12,현대자동차,싼타페(SANTAFE),2016,SUV
2016-10-12,기아,쏘렌토,2015,SUV
2016-10-12,기아,쏘렌토,2015,SUV
2016-10-13,현대자동차,싼타페(SANTAFE),2016,SUV
2016-10-12,기아,쏘렌토,2015,SUV
2016-10-12,기아,쏘렌토,2015,SUV
2016-10-13,현대자동차,싼타페(SANTAFE),2015,SUV
2016-10-14,현대자동차,투싼(TUCSON),2016,SUV
2016-10-12,기아,쏘렌토,2016,SUV
2016-10-12,기아,쏘렌토,2016,SUV
2016-10-12,기아,쏘렌토,2016,SUV
2016-10-12,현대자동차,싼타페(SANTAFE),2015,SUV
2016-10-14,기아,쏘렌토,2015,SUV
2016-10-14,기아,카니발,2016,MPV/미니밴
2016-10-12,기아,쏘렌토,2016,SUV
2016-10-12,기아,쏘렌토,2016,SUV
2016-10-14,기아,스포티지,2016,SUV
2016-10-12,기아,쏘렌토,2016,SUV
2016-10-12,기아,쏘렌토,2015,SUV
2016-10-13,기아,쏘렌토,2015,SUV
2016-10-12,기아,쏘렌토,2015,SUV
2016-10-12,기아,스포티지,2012,SUV
2016-10-12,현대자동차,싼타페(SANTAFE),2016,SUV
2016-10-12,기아,쏘렌토,2016,SUV
2016-10-13,현대자동차,싼타페(SANTAFE),2016,SUV
2016-10-12,기아,쏘렌토,2015,SUV
2016-10-13,현대자동차,싼타페(SANTAFE),2016,SUV
2016-10-12,기아,쏘렌토,2015,SUV
2016-10-12,현대자동차,그랜드스타렉스(GRAND STAREX),2008,MPV/미니밴
2016-10-14,현대자동차,투싼(TUCSON),2017,SUV
2016-10-13,기아,쏘렌토,2016,SUV
2016-10-12,현대자동차,싼타페(SANTAFE),2016,SUV
2016-10-13,현대자동차,싼타페(SANTAFE),2016,SUV
2016-10-13,현대자동차,싼타페(SANTAFE),2017,SUV
2016-10-12,기아,쏘렌토,2016,SUV
2016-10-12,기아,쏘렌토,2016,SUV
2016-10-12,기아,쏘렌토,2015,SUV
2016-10-14,기아,쏘렌토,2016,SUV
2016-10-12,기아,쏘렌토,2016,SUV
2016-10-12,기아,쏘렌토,2016,SUV
2016-10-12,현대자동차,싼타페(SANTAFE),2016,SUV
2016-10-13,기아,쏘렌토,2015,SUV
2016-10-14,KG 모빌리티,티볼리,2015,SUV
2016-10-12,기아,쏘렌토,2016,SUV
2016-10-12,현대자동차,싼타페(SANTAFE),2015,SUV
2016-10-12,현대자동차,싼타페(SANTAFE),2016,SUV
2016-10-13,기아,스포티지,2016,SUV
2016-10-12,기아,쏘렌토,2015,SUV
2016-10-12,현대자동차,싼타페(SANTAFE),2016,SUV
2016-10-12,현대자동차,싼타페(SANTAFE),2017,SUV
2016-10-14,현대자동차,싼타페(SANTAFE),2017,SUV
2016-10-12,기아,쏘렌토,2015,SUV
2016-10-12,현대자동차,싼타페(SANTAFE),2015,SUV
2016-10-14,현대자동차,싼타페(SANTAFE),2016,SUV
2016-10-12,기아,쏘렌토,2015,SUV
2016-10-13,기아,쏘렌토,2015,SUV
2016-10-13,현대자동차,싼타페(SANTAFE),2016,SUV
2016-10-14,현대자동차,싼타페(SANTAFE),2016,SUV
2016-10-14,현대자동차,싼타페(SANTAFE),2013,SUV
2016-10-12,현대자동차,싼타페(SANTAFE),2016,SUV
2016-10-17,현대자동차,싼타페(SANTAFE),2016,SUV
2016-10-12,기아,쏘렌토,2016,SUV
2016-10-12,기아,쏘렌토,2015,SUV
2016-10-13,현대자동차,싼타페(SANTAFE),2016,SUV
2016-10-13,현대자동차,싼타페(SANTAFE),2016,SUV
2016-10-13,현대자동차,투싼(TUCSON),2016,SUV
2016-10-12,기아,쏘렌토,2016,SUV
2016-10-12,기아,쏘렌토,2015,SUV
2016-10-12,기아,쏘렌토,2016,SUV
2016-10-12,현대자동차,싼타페(SANTAFE),2016,SUV
2016-10-13,기아,쏘렌토,2016,SUV
2016-10-12,현대자동차,싼타페(SANTAFE),2016,SUV
2016-10-12,기아,쏘렌토,2015,SUV
2016-10-14,현대자동차,싼타페(SANTAFE),2016,SUV
2016-10-12,현대자동차,싼타페(SANTAFE),2015,SUV
2016-10-12,기아,쏘렌토,2016,SUV
2016-10-12,기아,쏘렌토,2016,SUV
2016-10-14,현대자동차,싼타페(SANTAFE),2016,SUV
2016-10-14,현대자동차,싼타페(SANTAFE),2016,SUV
2016-10-11,현대자동차,싼타페(SANTAFE),2016,SUV
2016-10-11,현대자동차,싼타페(SANTAFE),2016,SUV
2016-10-11,기아,쏘렌토,2016,SUV
2016-10-13,현대자동차,싼타페(SANTAFE),2016,SUV
2016-10-12,현대자동차,싼타페(SANTAFE),2016,SUV
2016-10-11,현대자동차,싼타페(SANTAFE),2016,SUV
2016-10-12,현대자동차,싼타페(SANTAFE),2016,SUV
2016-10-12,현대자동차,싼타페(SANTAFE),2016,SUV
2016-10-11,현대자동차,싼타페(SANTAFE),2016,SUV
2016-10-11,현대자동차,싼타페(SANTAFE),2016,SUV
2016-10-11,현대자동차,싼타페(SANTAFE),2016,SUV
2016-10-11,기아,스포티지,2016,SUV
2016-10-12,현대자동차,싼타페(SANTAFE),2017,SUV
2016-10-11,현대자동차,싼타페(SANTAFE),2016,SUV
2016-10-12,기아,쏘렌토,2016,SUV
2016-10-11,현대자동차,싼타페(SANTAFE),2016,SUV
2016-10-11,현대자동차,싼타페(SANTAFE),2016,SUV
2016-10-11,현대자동차,투싼(TUCSON),2014,SUV
2016-10-13,현대자동차,싼타페(SANTAFE),2015,SUV
2016-10-12,기아,쏘렌토,2016,SUV
2016-10-12,현대자동차,싼타페(SANTAFE),2016,SUV
2016-10-11,현대자동차,싼타페(SANTAFE),2016,SUV
2016-10-11,현대자동차,싼타페(SANTAFE),2017,SUV
2016-10-13,현대자동차,싼타페(SANTAFE),2016,SUV
2016-10-11,기아,쏘렌토,2016,SUV
2016-10-11,현대자동차,싼타페(SANTAFE),2016,SUV
2016-10-13,기아,쏘렌토,2016,SUV
2016-10-11,현대자동차,싼타페(SANTAFE),2015,SUV
2016-10-11,기아,쏘렌토,2016,SUV
2016-10-12,현대자동차,싼타페(SANTAFE),2016,SUV
2016-10-13,기아,쏘렌토,2015,SUV
2016-10-11,현대자동차,싼타페(SANTAFE),2016,SUV
2016-10-12,현대자동차,싼타페(SANTAFE),2016,SUV
2016-10-11,기아,쏘렌토,2015,SUV
2016-10-12,현대자동차,싼타페(SANTAFE),2016,SUV
2016-10-11,기아,쏘렌토,2016,SUV
2016-10-12,기아,쏘렌토,2015,SUV
2016-10-11,기아,쏘렌토,2016,SUV
2016-10-11,기아,쏘렌토,2015,SUV
2016-10-12,현대자동차,싼타페(SANTAFE),2016,SUV
2016-10-12,현대자동차,싼타페(SANTAFE),2016,SUV
2016-10-13,현대자동차,싼타페(SANTAFE),2017,SUV
2016-10-12,기아,카니발,2016,MPV/미니밴
2016-10-12,현대자동차,싼타페(SANTAFE),2016,SUV
2016-10-11,현대자동차,싼타페(SANTAFE),2016,SUV
2016-10-11,현대자동차,투싼(TUCSON),2017,SUV
2016-10-12,현대자동차,싼타페(SANTAFE),2016,SUV
2016-10-13,현대자동차,싼타페(SANTAFE),2016,SUV
2016-10-13,현대자동차,싼타페(SANTAFE),2016,SUV
2016-10-12,현대자동차,투싼(TUCSON),2017,SUV
2016-10-13,기아,쏘렌토,2016,SUV
2016-10-12,현대자동차,투싼(TUCSON),2017,SUV
2016-10-13,현대자동차,투싼(TUCSON),2016,SUV
2016-10-11,현대자동차,싼타페(SANTAFE),2016,SUV
2016-10-13,현대자동차,싼타페(SANTAFE),2016,SUV
2016-10-13,기아,쏘렌토,2016,SUV
2016-10-12,현대자동차,싼타페(SANTAFE),2016,SUV
2016-10-12,현대자동차,투싼(TUCSON),2016,SUV
2016-10-13,현대자동차,싼타페(SANTAFE),2016,SUV
2016-10-11,기아,쏘렌토,2015,SUV
2016-10-13,현대자동차,싼타페(SANTAFE),2014,SUV
2016-10-12,현대자동차,투싼(TUCSON),2017,SUV
2016-10-11,현대자동차,싼타페(SANTAFE),2016,SUV
2016-10-13,기아,쏘렌토,2016,SUV
2016-10-12,현대자동차,투싼(TUCSON),2011,SUV
2016-10-11,기아,쏘렌토,2016,SUV
2016-10-11,현대자동차,싼타페(SANTAFE),2017,SUV
2016-10-10,기아,쏘렌토,2016,SUV
2016-10-12,기아,스포티지,2016,SUV
2016-10-12,현대자동차,싼타페(SANTAFE),2016,SUV
2016-10-11,기아,카니발,2016,MPV/미니밴
2016-10-10,현대자동차,투싼(TUCSON),2016,SUV
2016-10-11,현대자동차,싼타페(SANTAFE),2016,SUV
2016-10-10,현대자동차,싼타페(SANTAFE),2016,SUV
2016-10-12,기아,쏘렌토,2015,SUV
2016-10-10,현대자동차,싼타페(SANTAFE),2016,SUV
2016-10-10,KG 모빌리티,티볼리,2016,SUV
2016-10-10,현대자동차,투싼(TUCSON),2017,SUV
2016-10-11,기아,쏘렌토,2016,SUV
2016-10-10,현대자동차,투싼(TUCSON),2013,SUV
2016-10-10,기아,쏘렌토,2012,SUV
2016-10-12,현대자동차,싼타페(SANTAFE),2015,SUV
2016-10-12,현대자동차,투싼(TUCSON),2016,SUV
2016-10-11,현대자동차,투싼(TUCSON),2016,SUV
2016-10-10,기아,쏘렌토,2016,SUV
2016-10-12,현대자동차,싼타페(SANTAFE),2016,SUV
2016-10-10,기아,쏘렌토,2016,SUV
2016-10-11,현대자동차,투싼(TUCSON),2016,SUV
2016-10-10,기아,쏘렌토,2016,SUV
2016-10-11,현대자동차,싼타페(SANTAFE),2016,SUV
2016-10-11,현대자동차,투싼(TUCSON),2016,SUV
2016-10-11,현대자동차,싼타페(SANTAFE),2016,SUV
2016-10-11,기아,쏘렌토,2016,SUV
2016-10-11,현대자동차,투싼(TUCSON),2016,SUV
2016-10-13,기아,쏘렌토,2016,SUV
2016-10-11,현대자동차,투싼(TUCSON),2016,SUV
2016-10-11,현대자동차,싼타페(SANTAFE),2016,SUV
2016-10-13,현대자동차,싼타페(SANTAFE),2016,SUV
2016-10-12,기아,쏘렌토,2016,SUV
2016-10-10,기아,쏘렌토,2015,SUV
2016-10-11,현대자동차,싼타페(SANTAFE),2016,SUV
2016-10-10,현대자동차,투싼(TUCSON),2017,SUV
2016-10-13,기아,쏘렌토,2015,SUV
2016-10-13,기아,쏘렌토,2016,SUV
2016-10-11,기아,쏘렌토,2016,SUV
2016-10-11,기아,쏘렌토,2016,SUV
2016-10-11,현대자동차,투싼(TUCSON),2016,SUV
2016-10-11,현대자동차,싼타페(SANTAFE),2016,SUV
2016-10-10,기아,카니발,2016,MPV/미니밴
2016-10-11,기아,쏘렌토,2015,SUV
2016-10-07,기아,스포티지,2016,SUV
2016-10-07,현대자동차,싼타페(SANTAFE),2016,SUV
2016-10-10,기아,스포티지,2016,SUV
2016-10-07,현대자동차,싼타페(SANTAFE),2012,SUV
2016-10-11,현대자동차,싼타페(SANTAFE),2016,SUV
2016-10-07,기아,카니발,2006,MPV/미니밴
2016-10-07,기아,카니발,2016,MPV/미니밴
2016-10-10,기아,쏘렌토,2016,SUV
2016-10-13,기아,쏘렌토,2016,SUV
2016-10-10,현대자동차,싼타페(SANTAFE),2016,SUV
2016-10-07,기아,쏘렌토,2016,SUV
2016-10-10,기아,카니발,2015,MPV/미니밴
2016-10-10,현대자동차,싼타페(SANTAFE),2016,SUV
2016-10-10,기아,모하비,2017,SUV
2016-10-10,현대자동차,투싼(TUCSON),2016,SUV
2016-10-07,기아,쏘렌토,2016,SUV
2016-10-07,현대자동차,싼타페(SANTAFE),2016,SUV
2016-10-06,기아,카니발,2017,MPV/미니밴
2016-10-06,기아,카니발,2015,MPV/미니밴
2016-10-07,현대자동차,투싼(TUCSON),2017,SUV
2016-10-10,기아,쏘렌토,2016,SUV
2016-10-07,기아,쏘렌토,2016,SUV
2016-10-07,기아,쏘렌토,2016,SUV
2016-10-06,기아,쏘렌토,2016,SUV
2016-10-06,기아,쏘렌토,2016,SUV
2016-10-07,기아,쏘렌토,2016,SUV
2016-10-05,현대자동차,스타렉스(STAREX),2006,MPV/미니밴
2016-10-05,기아,쏘렌토,2016,SUV
2016-10-05,현대자동차,싼타페(SANTAFE),2016,SUV
2016-10-06,기아,쏘렌토,2016,SUV
2016-10-06,기아,쏘렌토,2016,SUV
2016-10-06,혼다코리아,ODYSSEY,2015,MPV/미니밴
2016-10-05,기아,쏘렌토,2016,SUV
2016-10-04,기아,쏘렌토,2016,SUV
2016-10-04,기아,쏘렌토,2016,SUV
2016-10-05,기아,쏘렌토,2016,SUV
2016-10-04,기아,쏘렌토,2015,SUV
2016-10-04,현대자동차,싼타페(SANTAFE),2016,SUV
2016-10-04,기아,쏘렌토,2016,SUV
2016-10-06,현대자동차,투싼(TUCSON),2016,SUV
2016-10-06,기아,쏘렌토,2011,SUV
2016-10-05,기아,카니발,2016,MPV/미니밴
2016-10-05,현대자동차,싼타페(SANTAFE),2016,SUV
2016-10-05,기아,쏘렌토,2016,SUV
2016-10-04,현대자동차,스타렉스(STAREX),2006,MPV/미니밴
2016-10-06,기아,스포티지,2016,SUV
2016-10-05,기아,쏘렌토,2016,SUV
2016-10-05,기아,쏘렌토,2015,SUV
2016-10-05,현대자동차,투싼(TUCSON),2017,SUV
2016-10-05,현대자동차,싼타페(SANTAFE),2010,SUV
2016-10-05,기아,카니발,2017,MPV/미니밴
2016-10-04,현대자동차,싼타페(SANTAFE),2016,SUV
2016-10-04,현대자동차,투싼(TUCSON),2016,SUV
2016-10-04,기아,쏘렌토,2015,SUV
2016-10-04,현대자동차,싼타페(SANTAFE),2016,SUV
2016-10-04,기아,쏘렌토,2015,SUV
2016-10-04,기아,쏘렌토,2016,SUV
2016-10-04,혼다코리아,CR-V 4WD,2014,SUV
2016-09-30,기아,스포티지,2016,SUV
2016-09-30,기아,카니발,2016,MPV/미니밴
2016-09-30,기아,쏘렌토,2016,SUV
2016-09-30,기아,쏘렌토,2016,SUV
2016-09-30,기아,쏘렌토,2016,SUV
2016-09-30,기아,카니발,2016,MPV/미니밴
2016-09-30,현대자동차,스타렉스(STAREX),2006,MPV/미니밴
2016-09-30,기아,쏘렌토,2016,SUV
2016-10-04,기아,스포티지,2016,SUV
2016-10-04,기아,모하비,2014,SUV
2016-09-30,기아,쏘렌토,2016,SUV
2016-09-30,현대자동차,싼타페(SANTAFE),2016,SUV
2016-09-30,현대자동차,스타렉스(STAREX),2006,MPV/미니밴
2016-09-30,기아,쏘렌토,2016,SUV
2016-09-30,기아,쏘렌토,2016,SUV
2016-09-30,기아,쏘렌토,2016,SUV
2016-09-30,기아,쏘렌토,2015,SUV
2016-09-30,기아,쏘렌토,2016,SUV
2016-09-30,현대자동차,싼타페(SANTAFE),2016,SUV
2016-09-30,기아,쏘렌토,2016,SUV
2016-09-30,기아,쏘렌토,2016,SUV
2016-09-30,기아,쏘렌토,2016,SUV
2016-10-04,현대자동차,싼타페(SANTAFE),2016,SUV
2016-10-04,기아,쏘렌토,2016,SUV
2016-09-30,기아,쏘렌토,2016,SUV
2016-09-29,현대자동차,싼타페(SANTAFE),2016,SUV
2016-09-29,기아,카렌스,2007,MPV/미니밴
2016-09-30,기아,스포티지,2016,SUV
2016-09-30,기아,스포티지,2016,SUV
2016-09-29,현대자동차,싼타페(SANTAFE),2016,SUV
2016-09-30,기아,쏘렌토,2016,SUV
2016-09-30,기아,쏘렌토,2015,SUV
2016-09-29,현대자동차,싼타페(SANTAFE),2016,SUV
2016-09-30,기아,쏘렌토,2015,SUV
2016-09-28,기아,쏘렌토,2015,SUV
2016-09-28,현대자동차,투싼(TUCSON),2011,SUV
2016-09-29,현대자동차,투싼(TUCSON),2007,SUV
2016-09-28,기아,모하비,2014,SUV
2016-09-28,현대자동차,싼타페(SANTAFE),2016,SUV
2016-09-28,현대자동차,투싼(TUCSON),2017,SUV
2016-09-29,기아,스포티지,2016,SUV
2016-09-29,현대자동차,투싼(TUCSON),2017,SUV
2016-09-29,기아,쏘렌토,2016,SUV
2016-09-27,현대자동차,스타렉스(STAREX),2004,MPV/미니밴
2016-09-27,현대자동차,그랜드 스타렉스(GRAND STAREX),2011,MPV/미니밴
2016-09-28,현대자동차,투싼(TUCSON),2017,SUV
2016-09-27,기아,그랜드 카니발,2013,MPV/미니밴
2016-09-28,기아,쏘렌토,2015,SUV
2016-09-28,현대자동차,투싼(TUCSON),2010,SUV
2016-09-26,KG 모빌리티,티볼리,2016,SUV
2016-09-26,현대자동차,투싼(TUCSON),2016,SUV
2016-09-26,기아,쏘렌토,2015,SUV
2016-09-27,현대자동차,투싼(TUCSON),2017,SUV
2016-09-26,기아,쏘렌토,2016,SUV
2016-09-26,기아,카니발,2015,MPV/미니밴
2016-09-26,현대자동차,싼타페(SANTAFE),2006,SUV
2016-09-27,현대자동차,투싼(TUCSON),2016,SUV
2016-09-26,기아,쏘렌토,2016,SUV
2016-09-27,기아,쏘렌토,2016,SUV
2016-09-27,기아,쏘렌토,2016,SUV
2016-09-27,기아,카니발,2015,MPV/미니밴
2016-09-23,KG 모빌리티,렉스턴,2006,SUV
2016-09-23,현대자동차,스타렉스(STAREX),2005,MPV/미니밴
2016-09-23,기아,쏘렌토,2016,SUV
2016-09-23,현대자동차,스타렉스(STAREX),2007,MPV/미니밴
2016-09-26,기아,스포티지,2016,SUV
2016-09-23,현대자동차,스타렉스(STAREX),2004,MPV/미니밴
2016-09-23,포드,Explorer 2.3 AWD,2016,SUV
2016-09-26,KG 모빌리티,티볼리 에어,2016,SUV
2016-09-23,기아,스포티지,2016,SUV
2016-09-23,기아,쏘렌토,2015,SUV
2016-09-22,기아,쏘렌토,2016,SUV
2016-09-22,현대자동차,싼타페(SANTAFE),2012,SUV
2016-09-22,기아,쏘렌토,2016,SUV
2016-09-23,현대자동차,투싼(TUCSON),2017,SUV
2016-09-22,기아,쏘렌토,2016,SUV
2016-09-22,현대자동차,싼타페(SANTAFE),2005,SUV
2016-09-21,KG 모빌리티,티볼리,2016,SUV
2016-09-21,기아,카렌스,2014,MPV/미니밴
2016-09-21,기아,모하비,2017,SUV
2016-09-23,기아,스포티지,2016,SUV
2016-09-20,기아,쏘렌토,2015,SUV
2016-09-20,현대자동차,스타렉스(STAREX),2004,MPV/미니밴
2016-09-20,현대자동차,투싼(TUCSON),2016,SUV
2016-09-20,현대자동차,투싼(TUCSON),2016,SUV
2016-09-20,현대자동차,투싼(TUCSON),2017,SUV
2016-09-21,기아,쏘렌토,2016,SUV
2016-09-21,현대자동차,투싼(TUCSON),2016,SUV
2016-09-21,기아,쏘렌토,2016,SUV
2016-09-21,혼다코리아,CR-V 4WD,2015,SUV
2016-09-21,기아,쏘렌토,2016,SUV
2016-09-19,현대자동차,싼타페(SANTAFE),2013,SUV
2016-09-20,기아,쏘렌토,2016,SUV
2016-09-20,기아,쏘렌토,2016,SUV
2016-09-20,현대자동차,싼타페(SANTAFE),2007,SUV
2016-09-20,기아,쏘렌토,2015,SUV
2016-09-20,기아,쏘렌토,2016,SUV
2016-09-19,메르세데스 벤츠,GLK220 CDI 4Matic,2012,SUV
2016-09-20,기아,카렌스,2014,MPV/미니밴
2016-09-20,기아,쏘렌토,2015,SUV
2016-09-20,기아,쏘렌토,2016,SUV
2016-09-19,기아,쏘렌토,2016,SUV
2016-09-20,기아,쏘렌토,2016,SUV
2016-09-19,기아,쏘렌토,2016,SUV
2016-09-19,기아,쏘렌토,2016,SUV
2016-09-19,현대자동차,투싼(TUCSON),2017,SUV
2016-09-19,기아,쏘렌토,2016,SUV
2016-09-19,기아,쏘렌토,2016,SUV
2016-09-21,현대자동차,투싼(TUCSON),2012,SUV
2016-09-13,르노코리아,QM3,2014,SUV
2016-09-13,기아,그랜드 카니발,2013,MPV/미니밴
2016-09-13,현대자동차,투싼(TUCSON),2017,SUV
2016-09-09,토요타,토요타 RAV4 2WD,2015,SUV
2016-09-09,기아,카렌스,2008,MPV/미니밴
2016-09-12,현대자동차,투싼(TUCSON),2016,SUV
2016-09-09,기아,그랜드 카니발,2006,MPV/미니밴
2016-09-08,현대자동차,스타렉스(STAREX),2007,MPV/미니밴
2016-09-08,르노코리아,QM3,2017,SUV
2016-09-08,현대자동차,투싼(TUCSON),2017,SUV
2016-09-08,기아,그랜드카니발,2006,MPV/미니밴
2016-09-08,기아,쏘렌토,2015,SUV
2016-09-08,기아,니로 하이브리드,2017,SUV
2016-09-05,포드,Explorer 2.3 AWD,2016,SUV
2016-09-08,현대자동차,투싼(TUCSON),2016,SUV
2016-09-05,현대자동차,투싼(TUCSON),2017,SUV
2016-09-08,KG 모빌리티,티볼리,2016,SUV
2016-09-05,KG 모빌리티,렉스턴,2012,SUV
2016-09-05,현대자동차,투싼(TUCSON),2016,SUV
2016-09-02,기아,카니발,2016,MPV/미니밴
2016-09-02,기아,카니발LPG,2002,MPV/미니밴
2016-09-02,현대자동차,싼타페(SANTAFE),2013,SUV
2016-09-01,BMW,BMW X5 xDrive50i,2012,SUV
2016-09-01,기아,니로 하이브리드,2017,SUV
2016-09-01,기아,쏘렌토,2016,SUV
2016-09-01,현대자동차,싼타페(SANTAFE),2009,SUV
2016-09-02,현대자동차,싼타페(SANTAFE),2007,SUV
2016-09-02,현대자동차,투싼(TUCSON),2016,SUV
2016-08-31,기아,쏘렌토,2016,SUV
2016-09-01,기아,스포티지,2016,SUV
2016-08-31,기아,니로 하이브리드,2017,SUV
2016-08-31,기아,쏘렌토,2016,SUV
2016-08-31,기아,쏘렌토,2016,SUV
2016-08-31,현대자동차,투싼(TUCSON),2017,SUV
2016-08-31,기아,카렌스,2014,MPV/미니밴
2016-08-31,현대자동차,투싼(TUCSON),2017,SUV
2016-08-31,기아,카렌스,2014,MPV/미니밴
2016-08-29,기아,쏘렌토,2016,SUV
2016-08-29,KG 모빌리티,티볼리,2016,SUV
2016-08-30,KG 모빌리티,티볼리,2015,SUV
2016-08-29,기아,쏘렌토,2015,SUV
2016-08-29,기아,스포티지,2016,SUV
2016-08-26,KG 모빌리티,티볼리,2016,SUV
2016-08-25,KG 모빌리티,렉스턴,2016,SUV
2016-08-25,기아,쏘렌토,2007,SUV
2016-08-25,KG 모빌리티,티볼리,2016,SUV
2016-08-25,현대자동차,스타렉스(STAREX),2006,MPV/미니밴
2016-08-25,KG 모빌리티,티볼리 에어,2016,SUV
2016-08-25,기아,니로 하이브리드,2017,SUV
2016-08-24,KG 모빌리티,렉스턴,2007,SUV
2016-08-23,기아,쏘렌토,2013,SUV
2016-08-24,현대자동차,투싼(TUCSON),2016,SUV
2016-08-23,KG 모빌리티,렉스턴,2015,SUV
2016-08-24,현대자동차,투싼(TUCSON),2016,SUV
2016-08-24,현대자동차,투싼(TUCSON),2016,SUV
2016-08-24,현대자동차,투싼(TUCSON),2016,SUV
2016-08-22,르노코리아,QM3,2015,SUV
2016-08-22,기아,모하비,2014,SUV
2016-08-22,기아,스포티지,2012,SUV
2016-08-22,현대자동차,싼타페(SANTAFE),2005,SUV
2016-08-22,KG 모빌리티,티볼리 에어,2016,SUV
2016-08-22,기아,쏘렌토,2016,SUV
2016-08-22,기아,모하비,2017,SUV
2016-08-19,현대자동차,투싼(TUCSON),2009,SUV
2016-08-19,현대자동차,투싼(TUCSON),2005,SUV
2016-08-18,기아,스포티지,2006,SUV
2016-08-17,기아,카니발,2016,MPV/미니밴
2016-08-17,기아,쏘렌토,2013,SUV
2016-08-17,현대자동차,싼타페(SANTAFE),2014,SUV
2016-08-16,기아,카니발,2017,MPV/미니밴
2016-08-16,기아,쏘렌토,2016,SUV
2016-08-16,기아,니로 하이브리드,2017,SUV
2016-08-17,KG 모빌리티,렉스턴,2013,SUV
2016-08-16,현대자동차,투싼(TUCSON),2016,SUV
2016-08-16,현대자동차,싼타페(SANTAFE),2010,SUV
2016-08-16,현대자동차,투싼(TUCSON),2016,SUV
2016-08-16,기아,니로 하이브리드,2017,SUV
2016-08-12,르노코리아,QM3,2016,SUV
2016-08-12,기아,니로 하이브리드,2017,SUV
2016-08-16,현대자동차,투싼(TUCSON),2016,SUV
2016-08-12,기아,니로 하이브리드,2017,SUV
2016-08-11,KG 모빌리티,티볼리,2016,SUV
2016-08-11,현대자동차,싼타페(SANTAFE),2016,SUV
2016-08-11,기아,쏘렌토,2016,SUV
2016-08-12,기아,카렌스베타2.0,2001,MPV/미니밴
2016-08-12,현대자동차,투싼(TUCSON),2004,SUV
2016-08-11,기아,쏘렌토 GLS,2004,SUV
2016-08-10,기아,그랜드 카니발,2013,MPV/미니밴
2016-08-11,르노코리아,QM5,2011,SUV
2016-08-11,현대자동차,투싼(TUCSON),2016,SUV
2016-08-09,KG 모빌리티,렉스턴,2007,SUV
2016-08-09,KG 모빌리티,티볼리,2016,SUV
2016-08-08,현대자동차,싼타페(SANTAFE),2013,SUV
2016-08-08,현대자동차,그랜드 스타렉스(GRAND STAREX),2015,MPV/미니밴
2016-08-08,KG 모빌리티,티볼리,2015,SUV
2016-08-09,KG 모빌리티,티볼리,2016,SUV
2016-08-08,현대자동차,스타렉스(STAREX),2006,MPV/미니밴
2016-08-08,현대자동차,싼타페,2001,SUV
2016-08-08,KG 모빌리티,티볼리 에어,2016,SUV
2016-08-08,기아,카니발,2011,MPV/미니밴
2016-08-08,현대자동차,싼타페(SANTAFE),2003,SUV
2016-08-08,현대자동차,싼타페,2001,SUV
2016-08-12,기아,쏘렌토,2015,SUV
2016-08-08,현대자동차,싼타페(SANTAFE),2005,SUV
2016-08-08,기아,쏘렌토,2016,SUV
2016-08-08,기아,쏘렌토,2012,SUV
2016-08-08,KG 모빌리티,렉스턴,2011,SUV
2016-08-05,현대자동차,그랜드 스타렉스(GRAND STAREX),2012,MPV/미니밴
2016-08-05,KG 모빌리티,렉스턴,2011,SUV
2016-08-04,KG 모빌리티,렉스턴,2016,SUV
2016-08-04,현대자동차,싼타페(SANTAFE),2003,SUV
2016-08-04,기아,쏘렌토,2013,SUV
2016-08-04,기아,쏘렌토,2016,SUV
2016-08-04,현대자동차,스타렉스(STAREX),2007,MPV/미니밴
2016-08-03,현대자동차,스타렉스(STAREX),2004,MPV/미니밴
2016-08-03,KG 모빌리티,티볼리,2016,SUV
2016-08-02,현대자동차,싼타페(SANTAFE),2008,SUV
2016-08-02,기아,쏘렌토,2016,SUV
2016-08-02,기아,니로 하이브리드,2017,SUV
2016-08-02,기아,쏘렌토,2010,SUV
2016-08-02,현대자동차,투싼(TUCSON),2006,SUV
2016-08-01,현대자동차,싼타페(SANTAFE),2014,SUV
2016-08-01,기아,쏘렌토,2016,SUV
2016-08-01,기아,쏘렌토,2016,SUV
2016-07-29,현대자동차,싼타페(SANTAFE),2005,SUV
2016-07-29,현대자동차,투싼(TUCSON),2016,SUV
2016-07-29,현대자동차,투싼(TUCSON),2017,SUV
2016-07-29,기아,쏘렌토,2016,SUV
2016-07-27,기아,쏘렌토,2016,SUV
2016-07-28,기아,스포티지,2013,SUV
2016-07-28,기아,모하비,2017,SUV
2016-07-27,현대자동차,투싼(TUCSON),2006,SUV
2016-07-28,현대자동차,스타렉스(STAREX),2005,MPV/미니밴
2016-07-27,르노코리아,QM5,2012,SUV
2016-07-26,기아,쏘렌토,2016,SUV
2016-07-26,기아,쏘렌토,2003,SUV
2016-07-26,기아,니로 하이브리드,2017,SUV
2016-07-26,기아,그랜드 카니발,2011,MPV/미니밴
2016-07-26,기아,니로 하이브리드,2017,SUV
2016-07-25,기아,쏘렌토,2016,SUV
2016-07-25,혼다코리아,CR-V 4WD,2016,SUV
2016-07-26,기아,쏘렌토,2016,SUV
2016-07-25,기아,쏘렌토,2016,SUV
2016-07-25,현대자동차,투싼(TUCSON),2016,SUV
2016-07-22,KG 모빌리티,렉스턴,2013,SUV
2016-07-25,KG 모빌리티,티볼리,2016,SUV
2016-07-22,기아,쏘렌토,2015,SUV
2016-07-22,기아,쏘렌토,2016,SUV
2016-07-25,기아,니로 하이브리드,2017,SUV
2016-07-22,기아,카렌스,2007,MPV/미니밴
2016-07-22,현대자동차,스타렉스(STAREX),2005,MPV/미니밴
2016-07-22,현대자동차,싼타페(SANTAFE),2016,SUV
2016-07-21,기아,스포티지,2016,SUV
2016-07-22,기아,쏘렌토,2010,SUV
2016-07-21,기아,쏘렌토,2016,SUV
2016-07-21,기아,쏘렌토,2013,SUV
2016-07-22,기아,쏘렌토,2016,SUV
2016-07-22,기아,카렌스,2007,MPV/미니밴
2016-07-22,기아,그랜드 카니발,2006,MPV/미니밴
2016-07-20,현대자동차,스타렉스(STAREX),2004,MPV/미니밴
2016-07-20,기아,스포티지,2014,SUV
2016-07-20,현대자동차,스타렉스(STAREX),2007,MPV/미니밴
2016-07-21,볼보,볼보 XC90D5,2006,SUV
2016-07-21,기아,쏘렌토,2015,SUV
2016-07-19,기아,쏘렌토,2016,SUV
2016-07-19,기아,카렌스,2014,MPV/미니밴
2016-07-19,현대자동차,투싼(TUCSON),2006,SUV
2016-07-19,기아,카니발,2015,MPV/미니밴
2016-07-19,르노코리아,QM5,2012,SUV
2016-07-19,현대자동차,투싼(TUCSON),2016,SUV
2016-07-19,기아,쏘렌토,2015,SUV
2016-07-18,르노코리아,QM3,2016,SUV
2016-07-18,기아,니로 하이브리드,2017,SUV
2016-07-15,기아,쏘렌토,2015,SUV
2016-07-18,현대자동차,투싼(TUCSON),2016,SUV
2016-07-15,현대자동차,그랜드스타렉스(GRAND STAREX),2010,MPV/미니밴
2016-07-14,현대자동차,싼타페(SANTAFE),2013,SUV
2016-07-14,현대자동차,싼타페(SANTAFE),2013,SUV
2016-07-14,기아,쏘렌토,2016,SUV
2016-07-14,재규어랜드로버,프리랜더 SD4,2013,SUV
2016-07-14,현대자동차,스타렉스(STAREX),2005,MPV/미니밴
2016-07-14,현대자동차,스타렉스(STAREX),2006,MPV/미니밴
2016-07-13,기아,그랜드카니발,2006,MPV/미니밴
2016-07-14,현대자동차,싼타페(SANTAFE),2011,SUV
2016-07-14,기아,그랜드카니발,2006,MPV/미니밴
2016-07-13,기아,니로 하이브리드,2017,SUV
2016-07-13,기아,그랜드 카니발,2006,MPV/미니밴
2016-07-13,기아,카니발,2015,MPV/미니밴
2016-07-12,현대자동차,싼타페(SANTAFE),2013,SUV
2016-07-12,기아,쏘렌토,2007,SUV
2016-07-12,현대자동차,스타렉스(STAREX),2006,MPV/미니밴
2016-07-12,KG 모빌리티,티볼리,2015,SUV
2016-07-13,현대자동차,투싼(TUCSON),2004,SUV
2016-07-12,기아,스포티지,2016,SUV
2016-07-12,현대자동차,싼타페(SANTAFE),2013,SUV
2016-07-11,현대자동차,스타렉스(STAREX),2004,MPV/미니밴
2016-07-11,현대자동차,스타렉스(STAREX),2007,MPV/미니밴
2016-07-12,기아,니로 하이브리드,2017,SUV
2016-07-11,KG 모빌리티,티볼리,2016,SUV
2016-07-11,기아,쏘렌토,2016,SUV
2016-07-08,현대자동차,스타렉스(STAREX),2005,MPV/미니밴
2016-07-08,르노코리아,QM3,2015,SUV
2016-07-07,기아,카렌스,2014,MPV/미니밴
2016-07-07,현대자동차,스타렉스(STAREX),2005,MPV/미니밴
2016-07-07,기아,스포티지,2008,SUV
2016-07-08,기아,쏘렌토,2015,SUV
2016-07-08,현대자동차,투싼(TUCSON),2012,SUV
2016-07-07,현대자동차,스타렉스(STAREX),2006,MPV/미니밴
2016-07-06,기아,쏘렌토,2012,SUV
2016-07-07,현대자동차,싼타페(SANTAFE),2016,SUV
2016-07-06,기아,스포티지,2013,SUV
2016-07-05,현대자동차,스타렉스(STAREX),2005,MPV/미니밴
2016-07-06,KG 모빌리티,티볼리,2016,SUV
2016-07-04,BMW,BMW X5 xDrive30d,2016,SUV
2016-07-01,현대자동차,스타렉스(STAREX),2005,MPV/미니밴
2016-07-01,현대자동차,스타렉스(STAREX),2004,MPV/미니밴
2016-06-30,KG 모빌리티,티볼리,2016,SUV
2016-06-30,기아,스포티지,2006,SUV
2016-06-30,현대자동차,싼타페(SANTAFE),2013,SUV
2016-06-30,현대자동차,싼타페(SANTAFE),2013,SUV
2016-06-29,메르세데스 벤츠,GLK220 CDI 4Matic,2014,SUV
2016-06-29,르노코리아,QM3,2016,SUV
2016-06-28,KG 모빌리티,티볼리,2016,SUV
2016-06-28,기아,스포티지,2011,SUV
2016-06-28,KG 모빌리티,티볼리 에어,2016,SUV
2016-06-28,현대자동차,싼타페,2001,SUV
2016-06-27,기아,니로 하이브리드,2017,SUV
2016-06-27,기아,쏘렌토,2016,SUV
2016-06-27,기아,그랜드 카니발,2012,MPV/미니밴
2016-06-27,현대자동차,스타렉스(STAREX),2005,MPV/미니밴
2016-06-24,현대자동차,스타렉스(STAREX),2006,MPV/미니밴
2016-06-24,기아,그랜드카니발,2006,MPV/미니밴
2016-06-24,현대자동차,싼타페(SANTAFE),2004,SUV
2016-06-23,현대자동차,스타렉스(STAREX),2006,MPV/미니밴
2016-06-22,현대자동차,스타렉스(STAREX),2005,MPV/미니밴
2016-06-23,기아,니로 하이브리드,2017,SUV
2016-06-22,르노코리아,QM3,2016,SUV
2016-06-22,현대자동차,스타렉스(STAREX),2006,MPV/미니밴
2016-06-22,KG 모빌리티,렉스턴,2013,SUV
2016-06-21,현대자동차,스타렉스(STAREX),2006,MPV/미니밴
2016-06-21,KG 모빌리티,티볼리,2016,SUV
2016-06-21,기아,니로 하이브리드,2017,SUV
2016-06-20,기아,스포티지,2010,SUV
2016-06-20,현대자동차,스타렉스(STAREX),2005,MPV/미니밴
2016-06-20,현대자동차,투싼(TUCSON),2016,SUV
2016-06-17,현대자동차,싼타페(SANTAFE),2009,SUV
2016-06-17,혼다코리아,CR-V 4WD,2012,SUV
2016-06-17,기아,스포티지,2016,SUV
2016-06-17,기아,스포티지,2016,SUV
2016-06-17,KG 모빌리티,티볼리,2016,SUV
2016-06-17,현대자동차,투싼(TUCSON),2016,SUV
2016-06-16,르노코리아,QM3,2016,SUV
2016-06-15,KG 모빌리티,티볼리,2016,SUV
2016-06-14,현대자동차,스타렉스(STAREX),2004,MPV/미니밴
2016-06-15,기아,스포티지,2014,SUV
2016-06-15,기아,쏘렌토,2016,SUV
2016-06-13,기아,스포티지,2005,SUV
2016-06-10,기아,카렌스,2015,MPV/미니밴
2016-06-10,기아,쏘렌토,2002,SUV
2016-06-14,현대자동차,그랜드 스타렉스(GRAND STAREX),2011,MPV/미니밴
2016-06-10,KG 모빌리티,티볼리 에어,2016,SUV
2016-06-10,현대자동차,싼타페(SANTAFE),2013,SUV
2016-06-09,현대자동차,스타렉스(STAREX),2004,MPV/미니밴
2016-06-09,현대자동차,투싼(TUCSON),2006,SUV
2016-06-08,기아,모하비,2017,SUV
2016-06-08,현대자동차,싼타페(SANTAFE),2013,SUV
2016-06-08,기아,쏘렌토,2013,SUV
2016-06-07,기아,쏘렌토,2016,SUV
2016-06-07,르노코리아,QM5,2015,SUV
2016-06-07,기아,카렌스,2014,MPV/미니밴
2016-06-03,기아,스포티지,2008,SUV
2016-06-03,기아,스포티지,2010,SUV
2016-06-03,기아,그랜드 카니발,2011,MPV/미니밴
2016-06-03,기아,카니발,2016,MPV/미니밴
2016-06-02,기아,쏘렌토,2015,SUV
2016-06-02,현대자동차,싼타페(SANTAFE),2016,SUV
2016-06-02,현대자동차,스타렉스(STAREX),2004,MPV/미니밴
2016-06-02,기아,쏘렌토,2011,SUV
2016-06-02,기아,그랜드 카니발,2012,MPV/미니밴
2016-06-02,현대자동차,투싼(TUCSON),2005,SUV
2016-06-01,현대자동차,스타렉스(STAREX),2004,MPV/미니밴
2016-06-01,현대자동차,스타렉스(STAREX),2006,MPV/미니밴
2016-06-01,기아,그랜드카니발,2006,MPV/미니밴
2016-06-01,기아,쏘렌토,2015,SUV
2016-06-01,기아,쏘렌토,2015,SUV
2016-06-01,기아,쏘렌토,2015,SUV
2016-06-01,기아,쏘렌토,2010,SUV
2016-06-01,현대자동차,싼타페(SANTAFE),2006,SUV
2016-06-01,KG 모빌리티,티볼리,2016,SUV
2016-05-31,기아,쏘렌토,2016,SUV
2016-05-31,기아,스포티지,2014,SUV
2016-05-31,현대자동차,싼타페(SANTAFE),2013,SUV
2016-05-31,현대자동차,싼타페,2002,SUV
2016-06-01,현대자동차,투싼(TUCSON),2006,SUV
2016-06-01,현대자동차,스타렉스(STAREX),2005,MPV/미니밴
2016-05-30,기아,니로 하이브리드,2017,SUV
2016-05-30,기아,니로 하이브리드,2017,SUV
2016-05-30,현대자동차,싼타페(SANTAFE),2016,SUV
2016-05-30,기아,니로 하이브리드,2017,SUV
2016-05-27,KG 모빌리티,렉스턴,2013,SUV
2016-05-27,기아,그랜드카니발,2006,MPV/미니밴
2016-05-27,기아,니로 하이브리드,2017,SUV
2016-05-27,기아,스포티지,2012,SUV
2016-05-30,현대자동차,싼타페(SANTAFE),2013,SUV
2016-05-27,기아,스포티지,2006,SUV
2016-05-27,기아,카니발,2016,MPV/미니밴
2016-05-27,현대자동차,싼타페(SANTAFE),2014,SUV
2016-05-24,기아,카니발,2006,MPV/미니밴
2016-05-25,현대자동차,스타렉스(STAREX),2005,MPV/미니밴
2016-05-24,현대자동차,스타렉스(STAREX),2004,MPV/미니밴
2016-05-24,기아,스포티지,2016,SUV
2016-05-24,기아,니로 하이브리드,2017,SUV
2016-05-23,현대자동차,싼타페(SANTAFE),2016,SUV
2016-05-24,현대자동차,투싼(TUCSON),2015,SUV
2016-05-23,기아,스포티지,2014,SUV
2016-05-23,현대자동차,투싼(TUCSON),2007,SUV
2016-05-23,기아,니로 하이브리드,2017,SUV
2016-05-19,KG 모빌리티,렉스턴,2013,SUV
2016-05-20,현대자동차,스타렉스(STAREX),2005,MPV/미니밴
2016-05-20,현대자동차,싼타페(SANTAFE),2004,SUV
2016-05-19,현대자동차,스타렉스(STAREX),2005,MPV/미니밴
2016-05-19,현대자동차,투싼(TUCSON),2006,SUV
2016-05-18,현대자동차,싼타페(SANTAFE),2013,SUV
2016-05-18,현대자동차,스타렉스(STAREX),2005,MPV/미니밴
2016-05-18,기아,니로 하이브리드,2017,SUV
2016-05-16,기아,니로 하이브리드,2017,SUV
2016-05-16,기아,니로 하이브리드,2017,SUV
2016-05-16,현대자동차,스타렉스(STAREX),2004,MPV/미니밴
2016-05-13,현대자동차,투싼(TUCSON),2006,SUV
2016-05-12,기아,쏘렌토,2015,SUV
2016-05-12,현대자동차,싼타페(SANTAFE),2013,SUV
2016-05-12,포드,Explorer 2.3 AWD,2016,SUV
2016-05-13,기아,카니발,2006,MPV/미니밴
2016-05-11,현대자동차,그랜드스타렉스(GRAND STAREX),2009,MPV/미니밴
2016-05-11,현대자동차,싼타페(SANTAFE),2013,SUV
2016-05-12,기아,그랜드카니발,2006,MPV/미니밴
2016-05-11,KG 모빌리티,렉스턴,2012,SUV
2016-05-10,현대자동차,그랜드스타렉스(GRAND STAREX),2008,MPV/미니밴
2016-05-11,현대자동차,투싼(TUCSON),2005,SUV
2016-05-10,기아,스포티지,2012,SUV
2016-05-10,기아,쏘렌토,2011,SUV
2016-05-10,기아,니로 하이브리드,2017,SUV
2016-05-10,현대자동차,싼타페,2001,SUV
2016-05-09,기아,니로 하이브리드,2017,SUV
2016-05-09,기아,니로 하이브리드,2017,SUV
2016-05-09,기아,쏘렌토,2011,SUV
2016-05-04,기아,모하비,2012,SUV
2016-05-03,현대자동차,그랜드 스타렉스(GRAND STAREX),2012,MPV/미니밴
2016-05-04,현대자동차,투싼(TUCSON),2006,SUV
2016-05-03,기아,쏘렌토,2014,SUV
2016-05-02,기아,쏘렌토,2008,SUV
2016-05-02,르노코리아,QM3,2016,SUV
2016-04-29,현대자동차,스타렉스(STAREX),2006,MPV/미니밴
2016-04-29,KG 모빌리티,렉스턴,2012,SUV
2016-04-28,기아,쏘렌토,2016,SUV
2016-04-28,르노코리아,QM3,2015,SUV
2016-04-27,기아,쏘렌토,2007,SUV
2016-04-25,KG 모빌리티,티볼리,2016,SUV
2016-04-25,기아,카렌스,2012,MPV/미니밴
2016-04-22,현대자동차,스타렉스(STAREX),2004,MPV/미니밴
2016-04-22,메르세데스 벤츠,GLK220 CDI 4Matic,2012,SUV
2016-04-20,현대자동차,싼타페(SANTAFE),2007,SUV
2016-04-19,기아,스포티지,2011,SUV
2016-04-19,기아,모하비,2017,SUV
2016-04-19,KG 모빌리티,렉스턴,2012,SUV
2016-04-19,기아,카니발,2016,MPV/미니밴
2016-04-18,현대자동차,그랜드 스타렉스(GRAND STAREX),2010,MPV/미니밴
2016-04-18,현대자동차,투싼(TUCSON),2005,SUV
2016-04-15,현대자동차,그랜드 스타렉스(GRAND STAREX),2010,MPV/미니밴
2016-04-15,기아,카니발,2015,MPV/미니밴
2016-04-15,기아,쏘렌토,2016,SUV
2016-04-14,KG 모빌리티,티볼리,2016,SUV
2016-04-14,KG 모빌리티,렉스턴,2004,SUV
2016-04-15,현대자동차,스타렉스(STAREX),2004,MPV/미니밴
2016-04-12,현대자동차,스타렉스(STAREX),2006,MPV/미니밴
2016-04-12,기아,카니발,2016,MPV/미니밴
2016-04-11,KG 모빌리티,렉스턴,2008,SUV
2016-04-11,기아,쏘렌토,2012,SUV
2016-04-12,기아,쏘렌토,2016,SUV
2016-04-08,르노코리아,QM3,2015,SUV
2016-04-08,기아,쏘렌토,2016,SUV
2016-04-07,기아,쏘렌토,2015,SUV
2016-04-06,기아,카니발,2016,MPV/미니밴
2016-04-06,현대자동차,그랜드스타렉스(GRAND STAREX),2008,MPV/미니밴
2016-04-06,르노코리아,QM5,2015,SUV
2016-04-05,기아,쏘렌토,2016,SUV
2016-04-04,기아,쏘렌토,2015,SUV
2016-04-05,기아,카니발,2015,MPV/미니밴
2016-04-01,현대자동차,투싼(TUCSON),2010,SUV
2016-03-31,현대자동차,그랜드 스타렉스(GRAND STAREX),2014,MPV/미니밴
2016-03-30,KG 모빌리티,티볼리,2016,SUV
2016-03-30,현대자동차,스타렉스(STAREX),2006,MPV/미니밴
2016-03-29,르노코리아,QM3,2015,SUV
2016-03-28,현대자동차,싼타페(SANTAFE),2013,SUV
2016-03-25,르노코리아,QM3,2016,SUV
2016-03-25,메르세데스 벤츠,ML350 BlueTEC 4Matic,2014,SUV
2016-03-24,KG 모빌리티,티볼리,2015,SUV
2016-03-24,르노코리아,QM5,2015,SUV
2016-03-24,기아,카니발,2016,MPV/미니밴
2016-03-24,현대자동차,싼타페(SANTAFE),2010,SUV
2016-03-22,기아,쏘렌토,2016,SUV
2016-03-22,기아,쏘렌토,2014,SUV
2016-03-21,현대자동차,싼타페(SANTAFE),2005,SUV
2016-03-17,기아,카렌스,2007,MPV/미니밴
2016-03-17,현대자동차,싼타페(SANTAFE),2009,SUV
2016-03-17,기아,카니발,2011,MPV/미니밴
2016-03-16,르노코리아,QM5,2014,SUV
2016-03-16,BMW,BMW X5 M50d,2015,SUV
2016-03-16,현대자동차,투싼(TUCSON),2007,SUV
2016-03-16,기아,모하비,2017,SUV
2016-03-16,기아,쏘렌토,2012,SUV
2016-03-14,현대자동차,투싼(TUCSON),2006,SUV
2016-03-11,현대자동차,싼타페(SANTAFE),2011,SUV
2016-03-11,KG 모빌리티,렉스턴,2008,SUV
2016-03-11,르노코리아,QM3,2015,SUV
2016-03-09,기아,스포티지,2012,SUV
2016-03-08,기아,스포티지,2005,SUV
2016-03-08,현대자동차,싼타페(SANTAFE),2013,SUV
2016-03-09,기아,쏘렌토,2013,SUV
2016-03-07,기아,스포티지,2007,SUV
2016-03-07,르노코리아,QM5,2013,SUV
2016-03-07,현대자동차,투싼(TUCSON),2005,SUV
2016-03-07,현대자동차,투싼(TUCSON),2006,SUV
2016-03-03,현대자동차,스타렉스(STAREX),2006,MPV/미니밴
2016-03-03,기아,카니발,2016,MPV/미니밴
2016-03-02,현대자동차,스타렉스(STAREX),2004,MPV/미니밴
2016-02-29,현대자동차,싼타페(SANTAFE),2008,SUV
2016-02-29,현대자동차,스타렉스(STAREX),2006,MPV/미니밴
2016-02-26,KG 모빌리티,렉스턴,2011,SUV
2016-02-25,현대자동차,스타렉스(STAREX),2006,MPV/미니밴
2016-02-25,기아,스포티지,2016,SUV
2016-02-25,현대자동차,싼타페(SANTAFE),2005,SUV
2016-02-25,기아,카렌스Ⅱ,2002,MPV/미니밴
2016-02-24,KG 모빌리티,렉스턴,2011,SUV
2016-02-25,현대자동차,싼타페(SANTAFE),2013,SUV
2016-02-23,현대자동차,싼타페(SANTAFE),2006,SUV
2016-02-23,기아,쏘렌토 GL,2003,SUV
2016-02-23,현대자동차,투싼(TUCSON),2006,SUV
2016-02-22,기아,쏘렌토 GL,2004,SUV
2016-02-22,현대자동차,싼타페(SANTAFE),2005,SUV
2016-02-22,현대자동차,투싼(TUCSON),2007,SUV
2016-02-19,현대자동차,투싼(TUCSON),2010,SUV
2016-02-19,기아,카니발,2016,MPV/미니밴
2016-02-19,현대자동차,투싼(TUCSON),2006,SUV
2016-02-19,현대자동차,투싼(TUCSON),2011,SUV
2016-02-19,현대자동차,투싼(TUCSON),2005,SUV
2016-02-18,현대자동차,투싼(TUCSON),2006,SUV
2016-02-17,기아,카니발,2016,MPV/미니밴
2016-02-16,기아,카니발,2015,MPV/미니밴
2016-02-16,기아,카니발,2016,MPV/미니밴
2016-02-16,기아,쏘렌토,2015,SUV
2016-02-17,기아,스포티지,2005,SUV
2016-02-17,기아,카렌스베타2.0,2001,MPV/미니밴
2016-02-16,기아,쏘렌토,2016,SUV
2016-02-15,현대자동차,투싼(TUCSON),2006,SUV
2016-02-16,기아,스포티지,2012,SUV
2016-02-15,기아,스포티지,2016,SUV
2016-02-15,현대자동차,투싼(TUCSON),2006,SUV
2016-02-15,현대자동차,투싼(TUCSON),2004,SUV
2016-02-15,현대자동차,투싼(TUCSON),2004,SUV
2016-02-15,현대자동차,싼타페,2000,SUV
2016-02-15,기아,쏘렌토,2015,SUV
2016-02-15,기아,스포티지,2016,SUV
2016-02-15,현대자동차,투싼(TUCSON),2005,SUV
2016-02-12,현대자동차,투싼(TUCSON),2005,SUV
2016-02-11,현대자동차,싼타페(SANTAFE),2013,SUV
2016-02-05,기아,카니발,2016,MPV/미니밴
2016-02-11,기아,스포티지,2010,SUV
2016-02-04,현대자동차,투싼(TUCSON),2012,SUV
2016-02-05,기아,카니발,2016,MPV/미니밴
2016-02-04,기아,카니발,2016,MPV/미니밴
2016-02-03,기아,카니발,2016,MPV/미니밴
2016-02-02,현대자동차,투싼(TUCSON),2006,SUV
2016-02-02,KG 모빌리티,렉스턴,2006,SUV
2016-02-02,기아,카니발,2016,MPV/미니밴
2016-02-03,기아,카니발,2016,MPV/미니밴
2016-02-02,기아,카니발,2016,MPV/미니밴
2016-02-02,기아,스포티지,2016,SUV
2016-02-02,기아,카니발,2016,MPV/미니밴
2016-02-02,기아,카니발,2015,MPV/미니밴
2016-02-03,기아,카니발,2016,MPV/미니밴
2016-02-02,기아,스포티지,2014,SUV
2016-02-03,기아,카니발,2016,MPV/미니밴
2016-02-01,KG 모빌리티,티볼리,2016,SUV
2016-02-01,현대자동차,투싼(TUCSON),2006,SUV
2016-01-29,기아,카니발,2016,MPV/미니밴
2016-01-29,기아,쏘렌토,2009,SUV
2016-01-29,기아,카니발,2016,MPV/미니밴
2016-01-28,기아,카니발,2016,MPV/미니밴
2016-01-28,기아,카니발,2016,MPV/미니밴
2016-01-28,기아,카니발,2016,MPV/미니밴
2016-01-28,기아,카니발,2016,MPV/미니밴
2016-01-28,기아,카니발,2016,MPV/미니밴
2016-01-27,기아,카니발,2015,MPV/미니밴
2016-01-27,기아,카니발,2016,MPV/미니밴
2016-01-27,기아,카니발,2016,MPV/미니밴
2016-01-27,기아,카니발,2016,MPV/미니밴
2016-01-27,기아,카니발,2016,MPV/미니밴
2016-01-27,기아,카니발,2016,MPV/미니밴
2016-01-27,메르세데스 벤츠,GLK220 CDI 4Matic,2014,SUV
2016-01-27,기아,카니발,2015,MPV/미니밴
2016-01-27,기아,카니발,2015,MPV/미니밴
2016-01-27,현대자동차,투싼(TUCSON),2005,SUV
2016-01-27,기아,스포티지,2016,SUV
2016-01-25,기아,스포티지,2016,SUV
2016-01-25,BMW,BMW X5 xDrive30d,2015,SUV
2016-01-25,기아,쏘렌토,2016,SUV
2016-01-25,기아,카니발,2015,MPV/미니밴
2016-01-25,현대자동차,투싼(TUCSON),2006,SUV
2016-01-22,기아,카니발,2015,MPV/미니밴
2016-01-22,기아,카니발,2016,MPV/미니밴
2016-01-21,기아,카니발,2015,MPV/미니밴
2016-01-22,현대자동차,투싼(TUCSON),2007,SUV
2016-01-21,현대자동차,그랜드 스타렉스(GRAND STAREX),2016,MPV/미니밴
2016-01-21,기아,스포티지,2016,SUV
2016-01-20,기아,카니발,2016,MPV/미니밴
2016-01-20,기아,카니발,2015,MPV/미니밴
2016-01-20,기아,카니발,2016,MPV/미니밴
2016-01-20,기아,카니발,2016,MPV/미니밴
2016-01-20,기아,카니발,2015,MPV/미니밴
2016-01-20,기아,카니발,2016,MPV/미니밴
2016-01-20,기아,카니발,2016,MPV/미니밴
2016-01-20,기아,카니발,2016,MPV/미니밴
2016-01-20,기아,카니발,2015,MPV/미니밴
2016-01-20,기아,카니발,2016,MPV/미니밴
2016-01-19,기아,그랜드카니발,2006,MPV/미니밴
2016-01-19,르노코리아,QM3,2015,SUV
2016-01-20,기아,카니발,2015,MPV/미니밴
2016-01-19,기아,스포티지,2016,SUV
2016-01-19,기아,카니발,2016,MPV/미니밴
2016-01-20,기아,카니발,2016,MPV/미니밴
2016-01-20,기아,스포티지,2016,SUV
2016-01-19,기아,카니발,2015,MPV/미니밴
2016-01-18,현대자동차,투싼(TUCSON),2007,SUV
2016-01-18,KG 모빌리티,티볼리,2016,SUV
2016-01-15,현대자동차,투싼(TUCSON),2006,SUV
2016-01-15,KG 모빌리티,티볼리,2016,SUV
2016-01-15,기아,쏘렌토,2015,SUV
2016-01-14,현대자동차,스타렉스(STAREX),2006,MPV/미니밴
2016-01-14,기아,쏘렌토,2015,SUV
2016-01-14,KG 모빌리티,티볼리,2016,SUV
2016-01-15,기아,카니발,2015,MPV/미니밴
2016-01-15,기아,카니발,2016,MPV/미니밴
2016-01-13,기아,카니발,2016,MPV/미니밴
2016-01-14,기아,카니발,2016,MPV/미니밴
2016-01-13,현대자동차,싼타페(SANTAFE),2016,SUV
2016-01-12,기아,카니발,2016,MPV/미니밴
2016-01-12,기아,카니발,2015,MPV/미니밴
2016-01-13,기아,카니발,2015,MPV/미니밴
2016-01-13,기아,스포티지,2016,SUV
2016-01-12,기아,카니발,2016,MPV/미니밴
2016-01-13,기아,카니발,2016,MPV/미니밴
2016-01-12,기아,카니발,2015,MPV/미니밴
2016-01-12,기아,카니발,2015,MPV/미니밴
2016-01-11,KG 모빌리티,티볼리,2015,SUV
2016-01-12,기아,카니발,2016,MPV/미니밴
2016-01-11,기아,카니발,2015,MPV/미니밴
2016-01-11,기아,카니발,2015,MPV/미니밴
2016-01-11,현대자동차,싼타페,2001,SUV
2016-01-11,기아,카니발,2015,MPV/미니밴
2016-01-12,기아,카니발,2015,MPV/미니밴
2016-01-12,기아,카니발,2015,MPV/미니밴
2016-01-11,기아,카니발,2015,MPV/미니밴
2016-01-12,현대자동차,투싼(TUCSON),2005,SUV
2016-01-12,기아,카니발,2016,MPV/미니밴
2016-01-11,기아,카니발,2016,MPV/미니밴
2016-01-11,기아,카니발,2016,MPV/미니밴
2016-01-11,기아,카니발,2016,MPV/미니밴
2016-01-11,기아,카니발,2016,MPV/미니밴
2016-01-12,기아,카니발,2016,MPV/미니밴
2016-01-12,기아,카니발,2016,MPV/미니밴
2016-01-11,기아,카니발,2016,MPV/미니밴
2016-01-12,기아,카니발,2016,MPV/미니밴
2016-01-12,기아,카니발,2016,MPV/미니밴
2016-01-11,기아,카니발,2016,MPV/미니밴
2016-01-12,기아,카니발,2015,MPV/미니밴
2016-01-11,기아,카니발,2015,MPV/미니밴
2016-01-11,기아,카니발,2016,MPV/미니밴
2016-01-11,혼다코리아,CR-V 2WD,2008,SUV
2016-01-08,기아,그랜드 카니발,2012,MPV/미니밴
2016-01-08,현대자동차,싼타페(SANTAFE),2006,SUV
2016-01-11,기아,카니발,2016,MPV/미니밴
2016-01-08,기아,카니발,2016,MPV/미니밴
2016-01-08,기아,그랜드카니발,2006,MPV/미니밴
2016-01-08,현대자동차,투싼(TUCSON),2006,SUV
2016-01-08,기아,카니발,2015,MPV/미니밴
2016-01-08,현대자동차,투싼(TUCSON),2004,SUV
2016-01-07,현대자동차,그랜드 스타렉스(GRAND STAREX),2013,MPV/미니밴
2016-01-05,현대자동차,싼타페,2001,SUV
2016-01-05,기아,그랜드 카니발,2016,MPV/미니밴
2016-01-06,현대자동차,투싼(TUCSON),2006,SUV
2016-01-06,기아,카니발,2016,MPV/미니밴
2016-01-04,KG 모빌리티,렉스턴,2016,SUV
2016-01-05,기아,카니발,2015,MPV/미니밴
2016-01-04,기아,카니발,2016,MPV/미니밴
2016-01-05,기아,카니발,2015,MPV/미니밴
2016-01-05,현대자동차,그랜드 스타렉스(GRAND STAREX),2010,MPV/미니밴
2016-01-05,기아,카니발,2016,MPV/미니밴
2016-01-05,기아,카니발,2016,MPV/미니밴
2016-01-04,현대자동차,투싼(TUCSON),2004,SUV
2016-01-04,현대자동차,투싼(TUCSON),2004,SUV
2016-01-04,기아,카니발,2016,MPV/미니밴
2017-01-02,KG 모빌리티,렉스턴,2013,SUV
2017-01-02,BMW,BMW X5 xDrive30d,2013,SUV
2017-01-02,르노코리아,QM3,2016,SUV
2017-01-02,기아,스포티지,2016,SUV
2017-01-03,기아,카니발 Ⅱ,2003,MPV/미니밴
2017-01-03,현대자동차,투싼(TUCSON),2016,SUV
2017-01-03,기아,스포티지,2006,SUV
2017-01-03,현대자동차,투싼(TUCSON),2017,SUV
2017-01-03,기아,스포티지,2017,SUV
2017-01-04,르노코리아,QM5,2011,SUV
2017-01-04,현대자동차,싼타페,2002,SUV
2017-01-04,기아,쏘렌토,2013,SUV
2017-01-04,현대자동차,투싼(TUCSON),2016,SUV
2017-01-04,KG 모빌리티,렉스턴,2017,SUV
2017-01-05,현대자동차,싼타페(SANTAFE),2005,SUV
2017-01-06,현대자동차,투싼(TUCSON),2017,SUV
2017-01-06,현대자동차,투싼(TUCSON),2016,SUV
2017-01-09,현대자동차,투싼(TUCSON),2016,SUV
2017-01-09,현대자동차,싼타페(SANTAFE),2017,SUV
2017-01-10,기아,쏘렌토,2016,SUV
2017-01-10,현대자동차,투싼(TUCSON),2017,SUV
2017-01-11,BMW,BMW X5 3.0d,2008,SUV
2017-01-12,현대자동차,투싼(TUCSON),2016,SUV
2017-01-12,기아,쏘렌토,2013,SUV
2017-01-12,기아,스포티지,2016,SUV
2017-01-12,KG 모빌리티,렉스턴,2015,SUV
2017-01-12,기아,스포티지,2017,SUV
2017-01-13,현대자동차,싼타페(SANTAFE),2012,SUV
2017-01-13,기아,쏘렌토,2015,SUV
2017-01-16,기아,쏘렌토,2016,SUV
2017-01-16,기아,카니발,2017,MPV/미니밴
2017-01-16,현대자동차,싼타페(SANTAFE),2016,SUV
2017-01-16,현대자동차,그랜드 스타렉스(GRAND STAREX),2016,MPV/미니밴
2017-01-16,현대자동차,투싼(TUCSON),2017,SUV
2017-01-17,기아,쏘렌토,2014,SUV
2017-01-18,현대자동차,투싼(TUCSON),2017,SUV
2017-01-18,현대자동차,투싼(TUCSON),2016,SUV
2017-01-18,기아,카니발,2017,MPV/미니밴
2017-01-18,기아,쏘렌토,2010,SUV
2017-01-18,현대자동차,싼타페(SANTAFE),2016,SUV
2017-01-18,기아,스포티지,2005,SUV
2017-01-19,KG 모빌리티,렉스턴,2013,SUV
2017-01-19,기아,스포티지,2010,SUV
2017-01-19,현대자동차,투싼(TUCSON),2017,SUV
2017-01-19,기아,쏘렌토,2016,SUV
2017-01-19,현대자동차,투싼(TUCSON),2005,SUV
2017-01-20,현대자동차,싼타페(SANTAFE),2005,SUV
2017-01-20,기아,쏘렌토,2011,SUV
2017-01-23,기아,모하비,2017,SUV
2017-01-23,기아,스포티지,2016,SUV
2017-01-23,현대자동차,싼타페(SANTAFE),2017,SUV
2017-01-24,현대자동차,투싼(TUCSON),2016,SUV
2017-01-24,기아,스포티지,2016,SUV
2017-01-24,KG 모빌리티,렉스턴,2013,SUV
2017-01-24,KG 모빌리티,렉스턴,2007,SUV
2017-01-24,기아,스포티지,2016,SUV
2017-01-24,현대자동차,투싼(TUCSON),2017,SUV
2017-01-25,현대자동차,싼타페(SANTAFE),2016,SUV
2017-01-26,기아,카니발,2013,MPV/미니밴
2017-01-26,기아,스포티지,2017,SUV
2017-01-26,기아,스포티지,2016,SUV
2017-01-26,기아,스포티지,2013,SUV
2017-01-31,기아,스포티지,2010,SUV
2017-01-31,현대자동차,투싼(TUCSON),2016,SUV
2017-01-31,기아,스포티지,2016,SUV
2017-01-31,현대자동차,투싼(TUCSON),2016,SUV
2017-01-31,KG 모빌리티,렉스턴,2013,SUV
2017-01-31,현대자동차,투싼(TUCSON),2016,SUV
2017-02-01,현대자동차,싼타페(SANTAFE),2004,SUV
2017-02-01,기아,스포티지,2016,SUV
2017-02-01,기아,스포티지,2016,SUV
2017-02-01,기아,스포티지,2005,SUV
2017-02-02,현대자동차,싼타페(SANTAFE),2017,SUV
2017-02-02,현대자동차,싼타페(SANTAFE),2017,SUV
2017-02-02,현대자동차,싼타페(SANTAFE),2017,SUV
2017-02-02,현대자동차,투싼(TUCSON),2009,SUV
2017-02-02,기아,스포티지,2016,SUV
2017-02-02,기아,스포티지,2016,SUV
2017-02-03,현대자동차,스타렉스(STAREX),2006,MPV/미니밴
2017-02-03,기아,쏘렌토,2016,SUV
2017-02-03,포드,Explorer 2.3 AWD,2016,SUV
2017-02-03,현대자동차,투싼(TUCSON),2016,SUV
2017-02-03,현대자동차,투싼(TUCSON),2016,SUV
2017-02-03,기아,스포티지,2016,SUV
2017-02-06,현대자동차,싼타페(SANTAFE),2004,SUV
2017-02-06,KG 모빌리티,티볼리,2015,SUV
2017-02-06,기아,쏘렌토,2016,SUV
2017-02-06,현대자동차,투싼(TUCSON),2006,SUV
2017-02-07,현대자동차,싼타페(SANTAFE),2016,SUV
2017-02-07,르노코리아,QM6,2017,SUV
2017-02-08,기아,카니발,2017,MPV/미니밴
2017-02-08,현대자동차,싼타페(SANTAFE),2006,SUV
2017-02-09,현대자동차,싼타페(SANTAFE),2007,SUV
2017-02-09,현대자동차,싼타페(SANTAFE),2003,SUV
2017-02-09,현대자동차,그랜드 스타렉스(GRAND STAREX),2010,MPV/미니밴
2017-02-09,현대자동차,싼타페(SANTAFE),2003,SUV
2017-02-09,르노코리아,QM6,2017,SUV
2017-02-10,현대자동차,싼타페(SANTAFE),2005,SUV
2017-02-10,기아,쏘렌토,2015,SUV
2017-02-10,현대자동차,그랜드스타렉스(GRAND STAREX),2009,MPV/미니밴
2017-02-10,현대자동차,싼타페(SANTAFE),2004,SUV
2017-02-13,현대자동차,싼타페,2002,SUV
2017-02-13,혼다코리아,CR-V 4WD,2011,SUV
2017-02-13,기아,쏘렌토,2016,SUV
2017-02-13,기아,스포티지,2013,SUV
2017-02-14,현대자동차,투싼(TUCSON),2006,SUV
2017-02-14,기아,카니발,2017,MPV/미니밴
2017-02-14,기아,카렌스,2007,MPV/미니밴
2017-02-15,현대자동차,스타렉스(STAREX),2005,MPV/미니밴
2017-02-15,기아,그랜드카니발,2006,MPV/미니밴
2017-02-15,현대자동차,스타렉스(STAREX),2005,MPV/미니밴
2017-02-15,기아,모하비,2013,SUV
2017-02-16,르노코리아,QM3,2015,SUV
2017-02-16,기아,니로 하이브리드,2017,SUV
2017-02-16,현대자동차,투싼(TUCSON),2006,SUV
2017-02-16,현대자동차,투싼(TUCSON),2005,SUV
2017-02-17,기아,카니발,2015,MPV/미니밴
2017-02-20,현대자동차,투싼(TUCSON),2016,SUV
2017-02-21,현대자동차,싼타페(SANTAFE),2013,SUV
2017-02-22,현대자동차,투싼(TUCSON),2016,SUV
2017-02-23,기아,스포티지,2016,SUV
2017-02-27,현대자동차,투싼(TUCSON),2016,SUV
2017-02-28,KG 모빌리티,렉스턴,2006,SUV
2017-02-28,기아,쏘렌토,2014,SUV
2017-03-02,기아,쏘렌토,2015,SUV
2017-03-02,기아,카렌스,2017,MPV/미니밴
2017-03-02,현대자동차,투싼(TUCSON),2006,SUV
2017-03-03,기아,쏘렌토,2016,SUV
2017-03-03,현대자동차,그랜드 스타렉스(GRAND STAREX),2016,MPV/미니밴
2017-03-06,현대자동차,스타렉스(STAREX),2006,MPV/미니밴
2017-03-06,현대자동차,싼타페(SANTAFE),2015,SUV
2017-03-06,포드,Explorer 2.3 AWD,2012,SUV
2017-03-07,기아,스포티지,2016,SUV
2017-03-07,현대자동차,투싼(TUCSON),2007,SUV
2017-03-07,기아,스포티지,2011,SUV
2017-03-07,르노코리아,QM6,2017,SUV
2017-03-08,현대자동차,스타렉스(STAREX),2006,MPV/미니밴
2017-03-10,르노코리아,QM6,2017,SUV
2017-03-10,현대자동차,투싼(TUCSON),2017,SUV
2017-03-13,현대자동차,싼타페(SANTAFE),2012,SUV
2017-03-13,기아,모하비,2017,SUV
2017-03-13,기아,스포티지,2012,SUV
2017-03-15,현대자동차,스타렉스(STAREX),2005,MPV/미니밴
2017-03-16,기아,카니발,2015,MPV/미니밴
2017-03-17,르노코리아,QM6,2017,SUV
2017-03-17,기아,카렌스,2014,MPV/미니밴
2017-03-21,현대자동차,투싼(TUCSON),2006,SUV
2017-03-22,현대자동차,투싼(TUCSON),2005,SUV
2017-03-22,현대자동차,싼타페(SANTAFE),2013,SUV
2017-03-22,현대자동차,투싼(TUCSON),2017,SUV
2017-03-23,기아,모하비,2015,SUV
2017-03-23,기아,스포티지,2008,SUV
2017-03-23,현대자동차,싼타페(SANTAFE),2017,SUV
2017-03-24,KG 모빌리티,티볼리 에어,2017,SUV
2017-03-24,르노코리아,QM6,2017,SUV
2017-03-27,르노코리아,QM6,2017,SUV
2017-03-27,현대자동차,투싼(TUCSON),2017,SUV
2017-03-27,KG 모빌리티,티볼리 에어,2017,SUV
2017-03-27,현대자동차,투싼(TUCSON),2010,SUV
2017-03-27,르노코리아,QM3,2014,SUV
2017-03-27,기아,스포티지,2011,SUV
2017-03-27,르노코리아,QM3,2014,SUV
2017-03-28,현대자동차,투싼(TUCSON),2012,SUV
2017-03-28,현대자동차,투싼(TUCSON),2006,SUV
2017-03-29,기아,니로 하이브리드,2017,SUV
2017-03-29,현대자동차,그랜드 스타렉스(GRAND STAREX),2014,MPV/미니밴
2017-03-29,현대자동차,투싼(TUCSON),2006,SUV
2017-03-30,르노코리아,QM6,2017,SUV
2017-03-30,기아,카렌스,2007,MPV/미니밴
2017-03-30,기아,카니발,2014,MPV/미니밴
2017-03-31,KG 모빌리티,티볼리 에어,2017,SUV
2017-03-31,KG 모빌리티,렉스턴,2002,SUV
2017-04-03,르노코리아,QM3,2016,SUV
2017-04-03,기아,쏘렌토,2015,SUV
2017-04-03,기아,쏘렌토,2011,SUV
2017-04-04,기아,스포티지,2016,SUV
2017-04-04,토요타,토요타 RAV4 4WD,2014,SUV
2017-04-06,현대자동차,스타렉스(STAREX),2006,MPV/미니밴
2017-04-06,기아,그랜드 카니발,2011,MPV/미니밴
2017-04-06,기아,그랜드카니발,2006,MPV/미니밴
2017-04-07,현대자동차,스타렉스(STAREX),2005,MPV/미니밴
2017-04-10,KG 모빌리티,티볼리 에어,2016,SUV
2017-04-10,르노코리아,QM6,2017,SUV
2017-04-11,르노코리아,QM3,2016,SUV
2017-04-11,르노코리아,QM6,2017,SUV
2017-04-11,현대자동차,싼타페(SANTAFE),2006,SUV
2017-04-11,기아,그랜드카니발,2006,MPV/미니밴
2017-04-12,르노코리아,QM6,2017,SUV
2017-04-12,르노코리아,QM6,2017,SUV
2017-04-12,르노코리아,QM6,2017,SUV
2017-04-12,르노코리아,QM6,2017,SUV
2017-04-12,르노코리아,QM6,2017,SUV
2017-04-12,KG 모빌리티,티볼리,2016,SUV
2017-04-13,르노코리아,QM6,2017,SUV
2017-04-13,현대자동차,싼타페(SANTAFE),2007,SUV
2017-04-14,KG 모빌리티,렉스턴,2006,SUV
2017-04-14,르노코리아,QM6,2017,SUV
2017-04-14,기아,카렌스,2007,MPV/미니밴
2017-04-14,현대자동차,싼타페(SANTAFE),2013,SUV
2017-04-17,현대자동차,그랜드 스타렉스(GRAND STAREX),2012,MPV/미니밴
2017-04-17,르노코리아,QM3,2017,SUV
2017-04-18,현대자동차,투싼(TUCSON),2006,SUV
2017-04-19,기아,쏘렌토,2016,SUV
2017-04-19,KG 모빌리티,티볼리 에어,2016,SUV
2017-04-19,현대자동차,투싼(TUCSON),2011,SUV
2017-04-19,KG 모빌리티,티볼리,2016,SUV
2017-04-19,현대자동차,투싼(TUCSON),2010,SUV
2017-04-20,KG 모빌리티,렉스턴,2013,SUV
2017-04-20,기아,스포티지,2012,SUV
2017-04-21,현대자동차,싼타페,2002,SUV
2017-04-21,현대자동차,그랜드 스타렉스(GRAND STAREX),2012,MPV/미니밴
2017-04-24,기아,쏘렌토,2017,SUV
2017-04-27,르노코리아,QM6,2017,SUV
2017-04-28,현대자동차,스타렉스(STAREX),2006,MPV/미니밴
2017-04-28,현대자동차,스타렉스(STAREX),2006,MPV/미니밴
2017-04-28,현대자동차,스타렉스(STAREX),2006,MPV/미니밴
2017-05-02,기아,카니발,2017,MPV/미니밴
2017-05-02,기아,모하비,2017,SUV
2017-05-02,르노코리아,QM3,2016,SUV
2017-05-02,기아,모하비,2011,SUV
2017-05-02,현대자동차,싼타페(SANTAFE),2005,SUV
2017-05-04,현대자동차,그랜드 스타렉스(GRAND STAREX),2016,MPV/미니밴
2017-05-08,기아,스포티지,2017,SUV
2017-05-08,기아,스포티지,2016,SUV
2017-05-08,기아,쏘렌토,2017,SUV
2017-05-08,현대자동차,싼타페,2000,SUV
2017-05-08,기아,그랜드카니발,2006,MPV/미니밴
2017-05-08,기아,쏘렌토,2016,SUV
2017-05-10,기아,쏘렌토,2016,SUV
2017-05-10,르노코리아,QM3,2016,SUV
2017-05-10,르노코리아,QM6,2017,SUV
2017-05-10,기아,쏘렌토,2016,SUV
2017-05-11,현대자동차,스타렉스(STAREX),2004,MPV/미니밴
2017-05-11,포드,Explorer 2.3 AWD,2017,SUV
2017-05-11,현대자동차,싼타페(SANTAFE),2005,SUV
2017-05-11,르노코리아,QM3,2016,SUV
2017-05-11,현대자동차,투싼(TUCSON),2007,SUV
2017-05-11,KG 모빌리티,티볼리 에어,2016,SUV
2017-05-12,기아,쏘렌토,2011,SUV
2017-05-12,KG 모빌리티,티볼리 에어,2016,SUV
2017-05-12,르노코리아,QM6,2017,SUV
2017-05-12,현대자동차,그랜드 스타렉스(GRAND STAREX),2012,MPV/미니밴
2017-05-12,기아,스포티지,2016,SUV
2017-05-12,르노코리아,QM3,2016,SUV
2017-05-12,현대자동차,투싼(TUCSON),2008,SUV
2017-05-15,현대자동차,싼타페(SANTAFE),2015,SUV
2017-05-15,르노코리아,QM6,2017,SUV
2017-05-16,현대자동차,스타렉스(STAREX),2007,MPV/미니밴
2017-05-17,현대자동차,투싼(TUCSON),2006,SUV
2017-05-17,KG 모빌리티,티볼리 에어,2016,SUV
2017-05-17,르노코리아,QM6,2017,SUV
2017-05-18,현대자동차,투싼(TUCSON),2016,SUV
2017-05-18,기아,쏘렌토,2010,SUV
2017-05-18,현대자동차,그랜드 스타렉스(GRAND STAREX),2013,MPV/미니밴
2017-05-18,기아,쏘렌토,2012,SUV
2017-05-18,현대자동차,투싼(TUCSON),2006,SUV
2017-05-18,재규어랜드로버,재규어 F-PACE 20d,2017,SUV
2017-05-19,KG 모빌리티,티볼리 에어,2016,SUV
2017-05-19,현대자동차,그랜드 스타렉스(GRAND STAREX),2016,MPV/미니밴
2017-05-19,르노코리아,QM6,2017,SUV
2017-05-19,기아,쏘렌토,2011,SUV
2017-05-19,KG 모빌리티,티볼리 에어,2016,SUV
2017-05-19,KG 모빌리티,렉스턴,2007,SUV
2017-05-19,KG 모빌리티,티볼리 에어,2016,SUV
2017-05-22,르노코리아,QM3,2015,SUV
2017-05-22,현대자동차,스타렉스(STAREX),2006,MPV/미니밴
2017-05-22,현대자동차,싼타페(SANTAFE),2018,SUV
2017-05-23,르노코리아,QM6,2017,SUV
2017-05-23,기아,스포티지,2011,SUV
2017-05-24,르노코리아,QM3,2016,SUV
2017-05-24,현대자동차,스타렉스(STAREX),2006,MPV/미니밴
2017-05-25,KG 모빌리티,렉스턴,2015,SUV
2017-05-25,현대자동차,스타렉스(STAREX),2006,MPV/미니밴
2017-05-25,기아,카렌스,2011,MPV/미니밴
2017-05-25,현대자동차,그랜드 스타렉스(GRAND STAREX),2017,MPV/미니밴
2017-05-25,기아,쏘렌토,2016,SUV
2017-05-25,현대자동차,싼타페(SANTAFE),2010,SUV
2017-05-29,KG 모빌리티,티볼리,2016,SUV
2017-05-30,현대자동차,스타렉스(STAREX),2007,MPV/미니밴
2017-05-30,현대자동차,투싼(TUCSON),2004,SUV
2017-05-30,KG 모빌리티,티볼리 에어,2017,SUV
2017-05-31,기아,쏘렌토,2017,SUV
2017-05-31,기아,스포티지,2011,SUV
2017-05-31,현대자동차,싼타페(SANTAFE),2016,SUV
2017-06-01,KG 모빌리티,티볼리 에어,2016,SUV
2017-06-02,현대자동차,스타렉스(STAREX),2006,MPV/미니밴
2017-06-05,KG 모빌리티,렉스턴,2017,SUV
2017-06-07,현대자동차,투싼(TUCSON),2011,SUV
2017-06-08,현대자동차,싼타페(SANTAFE),2014,SUV
2017-06-08,KG 모빌리티,티볼리 에어,2016,SUV
2017-06-09,KG 모빌리티,렉스턴,2017,SUV
2017-06-09,기아,카니발,2017,MPV/미니밴
2017-06-09,기아,쏘렌토,2016,SUV
2017-06-09,기아,모하비,2008,SUV
2017-06-12,KG 모빌리티,G4 렉스턴,2018,SUV
2017-06-12,현대자동차,그랜드 스타렉스(GRAND STAREX),2016,MPV/미니밴
2017-06-12,현대자동차,싼타페(SANTAFE),2009,SUV
2017-06-12,현대자동차,싼타페(SANTAFE),2013,SUV
2017-06-13,르노코리아,QM6,2017,SUV
2017-06-13,기아,쏘렌토,2010,SUV
2017-06-13,현대자동차,싼타페(SANTAFE),2017,SUV
2017-06-13,기아,그랜드 카니발,2012,MPV/미니밴
2017-06-13,기아,쏘렌토,2016,SUV
2017-06-13,기아,그랜드 카니발,2011,MPV/미니밴
2017-06-14,기아,카니발,2016,MPV/미니밴
2017-06-14,KG 모빌리티,G4 렉스턴,2018,SUV
2017-06-14,기아,스포티지,2010,SUV
2017-06-14,기아,카니발,2015,MPV/미니밴
2017-06-14,기아,모하비,2017,SUV
2017-06-14,기아,쏘렌토,2016,SUV
2017-06-14,기아,쏘렌토,2015,SUV
2017-06-14,현대자동차,싼타페(SANTAFE),2005,SUV
2017-06-14,현대자동차,스타렉스(STAREX),2006,MPV/미니밴
2017-06-14,르노코리아,QM6,2017,SUV
2017-06-14,현대자동차,싼타페(SANTAFE),2013,SUV
2017-06-15,기아,그랜드 카니발,2008,MPV/미니밴
2017-06-15,재규어랜드로버,재규어 F-PACE 20d,2017,SUV
2017-06-15,현대자동차,투싼(TUCSON),2016,SUV
2017-06-16,현대자동차,투싼(TUCSON),2010,SUV
2017-06-16,기아,쏘렌토,2017,SUV
2017-06-16,르노코리아,QM6,2017,SUV
2017-06-16,현대자동차,싼타페(SANTAFE),2012,SUV
2017-06-16,현대자동차,싼타페(SANTAFE),2015,SUV
2017-06-16,르노코리아,QM6,2017,SUV
2017-06-16,기아,쏘렌토,2016,SUV
2017-06-16,현대자동차,스타렉스(STAREX),2005,MPV/미니밴
2017-06-19,현대자동차,싼타페(SANTAFE),2016,SUV
2017-06-19,기아,쏘렌토,2015,SUV
2017-06-19,현대자동차,투싼(TUCSON),2015,SUV
2017-06-19,KG 모빌리티,G4 렉스턴,2018,SUV
2017-06-19,기아,그랜드 카니발,2009,MPV/미니밴
2017-06-19,KG 모빌리티,티볼리,2017,SUV
2017-06-19,기아,쏘렌토,2017,SUV
2017-06-20,기아,쏘렌토,2010,SUV
2017-06-20,현대자동차,투싼(TUCSON),2016,SUV
2017-06-20,르노코리아,QM3,2014,SUV
2017-06-20,르노코리아,QM6,2017,SUV
2017-06-20,기아,카렌스,2013,MPV/미니밴
2017-06-20,현대자동차,투싼(TUCSON),2017,SUV
2017-06-20,기아,쏘렌토,2011,SUV
2017-06-21,현대자동차,투싼(TUCSON),2016,SUV
2017-06-21,KG 모빌리티,G4 렉스턴,2018,SUV
2017-06-22,르노코리아,QM6,2017,SUV
2017-06-22,기아,스포티지,2012,SUV
2017-06-22,기아,스포티지,2011,SUV
2017-06-22,르노코리아,QM6,2017,SUV
2017-06-23,기아,쏘렌토,2010,SUV
2017-06-23,기아,카렌스,2008,MPV/미니밴
2017-06-23,KG 모빌리티,렉스턴,2011,SUV
2017-06-23,기아,그랜드 카니발,2010,MPV/미니밴
2017-06-23,혼다코리아,ODYSSEY,2014,MPV/미니밴
2017-06-26,기아,쏘렌토,2012,SUV
2017-06-26,KG 모빌리티,티볼리,2015,SUV
2017-06-26,기아,쏘렌토,2011,SUV
2017-06-26,기아,스포티지,2016,SUV
2017-06-26,기아,카니발,2017,MPV/미니밴
2017-06-26,KG 모빌리티,G4 렉스턴,2018,SUV
2017-06-27,르노코리아,QM6,2017,SUV
2017-06-27,기아,카니발,2016,MPV/미니밴
2017-06-27,KG 모빌리티,G4 렉스턴,2018,SUV
2017-06-27,현대자동차,투싼(TUCSON),2012,SUV
2017-06-27,기아,쏘렌토,2016,SUV
2017-06-28,포드,Explorer 2.3 AWD,2017,SUV
2017-06-28,KG 모빌리티,G4 렉스턴,2018,SUV
2017-06-28,현대자동차,스타렉스(STAREX),2005,MPV/미니밴
2017-06-28,현대자동차,싼타페(SANTAFE),2014,SUV
2017-06-28,기아,쏘렌토,2015,SUV
2017-06-29,KG 모빌리티,티볼리,2015,SUV
2017-06-29,르노코리아,QM3,2017,SUV
2017-06-29,기아,스포티지,2012,SUV
2017-06-29,KG 모빌리티,렉스턴,2007,SUV
2017-06-30,르노코리아,QM3,2016,SUV
2017-06-30,토요타,토요타 Sienna 4WD,2017,MPV/미니밴
2017-06-30,기아,스포티지,2012,SUV
2017-06-30,기아,스포티지,2012,SUV
2017-06-30,기아,카니발,2016,MPV/미니밴
2017-06-30,KG 모빌리티,G4 렉스턴,2018,SUV
2017-07-03,기아,쏘렌토,2016,SUV
2017-07-03,KG 모빌리티,티볼리 에어,2016,SUV
2017-07-04,기아,쏘렌토,2010,SUV
2017-07-04,현대자동차,싼타페(SANTAFE),2016,SUV
2017-07-04,현대자동차,싼타페(SANTAFE),2018,SUV
2017-07-04,기아,그랜드 카니발,2011,MPV/미니밴
2017-07-04,현대자동차,그랜드 스타렉스(GRAND STAREX),2012,MPV/미니밴
2017-07-05,KG 모빌리티,렉스턴,2006,SUV
2017-07-05,현대자동차,투싼(TUCSON),2006,SUV
2017-07-05,기아,쏘렌토,2012,SUV
2017-07-05,기아,카니발,2016,MPV/미니밴
2017-07-05,현대자동차,싼타페(SANTAFE),2012,SUV
2017-07-05,KG 모빌리티,G4 렉스턴,2018,SUV
2017-07-06,KG 모빌리티,G4 렉스턴,2018,SUV
2017-07-06,KG 모빌리티,G4 렉스턴,2018,SUV
2017-07-06,기아,스포티지,2013,SUV
2017-07-06,KG 모빌리티,G4 렉스턴,2018,SUV
2017-07-06,KG 모빌리티,G4 렉스턴,2018,SUV
2017-07-06,KG 모빌리티,G4 렉스턴,2018,SUV
2017-07-06,KG 모빌리티,렉스턴,2009,SUV
2017-07-06,KG 모빌리티,G4 렉스턴,2018,SUV
2017-07-07,르노코리아,QM6,2017,SUV
2017-07-07,르노코리아,QM6,2017,SUV
2017-07-07,KG 모빌리티,G4 렉스턴,2018,SUV
2017-07-07,기아,스포티지,2016,SUV
2017-07-07,기아,쏘렌토 GLS,2005,SUV
2017-07-07,기아,그랜드 카니발,2010,MPV/미니밴
2017-07-07,KG 모빌리티,G4 렉스턴,2018,SUV
2017-07-07,KG 모빌리티,티볼리 에어,2016,SUV
2017-07-10,KG 모빌리티,G4 렉스턴,2018,SUV
2017-07-10,KG 모빌리티,G4 렉스턴,2018,SUV
2017-07-11,KG 모빌리티,G4 렉스턴,2018,SUV
2017-07-11,KG 모빌리티,렉스턴,2017,SUV
2017-07-11,현대자동차,투싼(TUCSON),2006,SUV
2017-07-12,기아,스포티지,2012,SUV
2017-07-12,현대자동차,투싼(TUCSON),2010,SUV
2017-07-12,기아,모하비,2008,SUV
2017-07-12,현대자동차,투싼(TUCSON),2005,SUV
2017-07-14,볼보,볼보 XC90D5 AWD,2017,SUV
2017-07-14,KG 모빌리티,티볼리,2016,SUV
2017-07-14,르노코리아,QM3,2014,SUV
2017-07-14,기아,스포티지,2016,SUV
2017-07-14,현대자동차,싼타페(SANTAFE),2013,SUV
2017-07-17,KG 모빌리티,G4 렉스턴,2018,SUV
2017-07-17,기아,스포티지,2014,SUV
2017-07-17,KG 모빌리티,G4 렉스턴,2018,SUV
2017-07-17,기아,카니발,2016,MPV/미니밴
2017-07-18,기아,니로 하이브리드,2018,SUV
2017-07-18,기아,스포티지,2016,SUV
2017-07-18,현대자동차,스타렉스(STAREX),2004,MPV/미니밴
2017-07-18,현대자동차,싼타페(SANTAFE),2014,SUV
2017-07-18,기아,카니발,2015,MPV/미니밴
2017-07-18,기아,카렌스베타2.0,2001,MPV/미니밴
2017-07-18,KG 모빌리티,G4 렉스턴,2018,SUV
2017-07-19,기아,스포티지,2016,SUV
2017-07-19,기아,니로 하이브리드,2017,SUV
2017-07-19,KG 모빌리티,G4 렉스턴,2018,SUV
2017-07-19,KG 모빌리티,G4 렉스턴,2018,SUV
2017-07-19,KG 모빌리티,티볼리,2016,SUV
2017-07-19,KG 모빌리티,G4 렉스턴,2018,SUV
2017-07-19,기아,카렌스,2007,MPV/미니밴
2017-07-19,기아,카니발,2016,MPV/미니밴
2017-07-19,르노코리아,QM6,2017,SUV
2017-07-20,현대자동차,스타렉스(STAREX),2007,MPV/미니밴
2017-07-21,기아,모하비,2013,SUV
2017-07-21,현대자동차,싼타페(SANTAFE),2013,SUV
2017-07-21,KG 모빌리티,G4 렉스턴,2018,SUV
2017-07-21,현대자동차,투싼(TUCSON),2005,SUV
2017-07-21,현대자동차,투싼(TUCSON),2006,SUV
2017-07-24,현대자동차,투싼(TUCSON),2017,SUV
2017-07-24,기아,스포티지,2015,SUV
2017-07-24,KG 모빌리티,G4 렉스턴,2018,SUV
2017-07-24,르노코리아,QM3,2017,SUV
2017-07-24,현대자동차,싼타페(SANTAFE),2015,SUV
2017-07-25,KG 모빌리티,G4 렉스턴,2018,SUV
2017-07-25,KG 모빌리티,G4 렉스턴,2018,SUV
2017-07-25,현대자동차,투싼(TUCSON),2014,SUV
2017-07-26,기아,스포티지,2011,SUV
2017-07-26,KG 모빌리티,G4 렉스턴,2018,SUV
2017-07-26,KG 모빌리티,G4 렉스턴,2018,SUV
2017-07-26,르노코리아,QM6,2017,SUV
2017-07-26,기아,카렌스,2012,MPV/미니밴
2017-07-27,KG 모빌리티,티볼리,2017,SUV
2017-07-27,KG 모빌리티,G4 렉스턴,2018,SUV
2017-07-27,기아,스포티지,2014,SUV
2017-07-27,기아,카렌스,2008,MPV/미니밴
2017-07-28,현대자동차,스타렉스(STAREX),2004,MPV/미니밴
2017-07-28,르노코리아,QM3,2016,SUV
2017-07-28,르노코리아,QM6,2017,SUV
2017-07-31,KG 모빌리티,티볼리 에어,2016,SUV
2017-07-31,기아,모하비,2017,SUV
2017-07-31,현대자동차,투싼(TUCSON),2016,SUV
2017-07-31,기아,쏘렌토,2017,SUV
2017-08-02,현대자동차,싼타페(SANTAFE),2018,SUV
2017-08-02,르노코리아,QM6,2017,SUV
2017-08-02,현대자동차,투싼(TUCSON),2006,SUV
2017-08-02,기아,쏘렌토,2011,SUV
2017-08-03,현대자동차,싼타페(SANTAFE),2008,SUV
2017-08-04,현대자동차,스타렉스(STAREX),2007,MPV/미니밴
2017-08-04,르노코리아,QM5,2015,SUV
2017-08-04,KG 모빌리티,티볼리 에어,2016,SUV
2017-08-04,KG 모빌리티,티볼리 에어,2016,SUV
2017-08-04,기아,카니발,2016,MPV/미니밴
2017-08-07,현대자동차,그랜드 스타렉스(GRAND STAREX),2017,MPV/미니밴
2017-08-07,현대자동차,코나(KONA),2018,SUV
2017-08-07,KG 모빌리티,G4 렉스턴,2018,SUV
2017-08-07,현대자동차,투싼(TUCSON),2005,SUV
2017-08-07,현대자동차,그랜드 스타렉스(GRAND STAREX),2015,MPV/미니밴
2017-08-07,기아,쏘렌토,2015,SUV
2017-08-08,KG 모빌리티,렉스턴,2017,SUV
2017-08-08,혼다코리아,CR-V 4WD,2017,SUV
2017-08-08,혼다코리아,CR-V 4WD,2017,SUV
2017-08-08,혼다코리아,CR-V 4WD,2017,SUV
2017-08-08,혼다코리아,CR-V 4WD,2017,SUV
2017-08-08,현대자동차,싼타페(SANTAFE),2006,SUV
2017-08-08,혼다코리아,CR-V 4WD,2017,SUV
2017-08-08,현대자동차,스타렉스(STAREX),2004,MPV/미니밴
2017-08-08,혼다코리아,CR-V 4WD,2017,SUV
2017-08-08,혼다코리아,CR-V 4WD,2017,SUV
2017-08-08,혼다코리아,CR-V 4WD,2017,SUV
2017-08-08,혼다코리아,CR-V 4WD,2017,SUV
2017-08-08,혼다코리아,CR-V 4WD,2017,SUV
2017-08-08,혼다코리아,CR-V 4WD,2017,SUV
2017-08-08,기아,카렌스,2007,MPV/미니밴
2017-08-08,혼다코리아,CR-V 4WD,2017,SUV
2017-08-08,기아,스포티지,2011,SUV
2017-08-09,혼다코리아,CR-V 4WD,2017,SUV
2017-08-09,KG 모빌리티,티볼리,2016,SUV
2017-08-09,혼다코리아,CR-V 4WD,2017,SUV
2017-08-09,혼다코리아,CR-V 4WD,2017,SUV
2017-08-09,혼다코리아,CR-V 4WD,2017,SUV
2017-08-09,현대자동차,투싼(TUCSON),2014,SUV
2017-08-09,혼다코리아,CR-V 4WD,2017,SUV
2017-08-10,기아,쏘렌토,2015,SUV
2017-08-10,혼다코리아,CR-V 4WD,2017,SUV
2017-08-10,혼다코리아,CR-V 4WD,2017,SUV
2017-08-10,현대자동차,스타렉스(STAREX),2005,MPV/미니밴
2017-08-10,기아,니로 하이브리드,2017,SUV
2017-08-10,혼다코리아,CR-V 4WD,2017,SUV
2017-08-10,혼다코리아,CR-V 4WD,2014,SUV
2017-08-10,혼다코리아,CR-V 4WD,2017,SUV
2017-08-10,혼다코리아,CR-V 4WD,2017,SUV
2017-08-10,혼다코리아,CR-V 4WD,2017,SUV
2017-08-10,혼다코리아,CR-V 4WD,2017,SUV
2017-08-10,혼다코리아,CR-V 4WD,2017,SUV
2017-08-10,혼다코리아,CR-V 4WD,2017,SUV
2017-08-10,혼다코리아,CR-V 4WD,2016,SUV
2017-08-10,혼다코리아,CR-V 4WD,2017,SUV
2017-08-10,혼다코리아,CR-V 4WD,2017,SUV
2017-08-10,혼다코리아,CR-V 4WD,2017,SUV
2017-08-10,KG 모빌리티,렉스턴,2014,SUV
2017-08-10,혼다코리아,CR-V 4WD,2017,SUV
2017-08-10,혼다코리아,CR-V 4WD,2017,SUV
2017-08-10,기아,카니발,2015,MPV/미니밴
2017-08-10,혼다코리아,CR-V 4WD,2017,SUV
2017-08-10,혼다코리아,CR-V 4WD,2017,SUV
2017-08-10,혼다코리아,CR-V 4WD,2017,SUV
2017-08-10,혼다코리아,CR-V 4WD,2017,SUV
2017-08-10,혼다코리아,CR-V 4WD,2017,SUV
2017-08-10,혼다코리아,CR-V 4WD,2017,SUV
2017-08-10,혼다코리아,CR-V 4WD,2017,SUV
2017-08-10,혼다코리아,CR-V 4WD,2017,SUV
2017-08-10,혼다코리아,CR-V 4WD,2017,SUV
2017-08-10,혼다코리아,CR-V 4WD,2017,SUV
2017-08-10,혼다코리아,CR-V 4WD,2017,SUV
2017-08-10,혼다코리아,CR-V 4WD,2017,SUV
2017-08-10,혼다코리아,CR-V 4WD,2017,SUV
2017-08-10,혼다코리아,CR-V 4WD,2017,SUV
2017-08-10,혼다코리아,CR-V 4WD,2017,SUV
2017-08-10,혼다코리아,CR-V 4WD,2017,SUV
2017-08-10,혼다코리아,CR-V 4WD,2017,SUV
2017-08-10,혼다코리아,CR-V 4WD,2017,SUV
2017-08-10,혼다코리아,CR-V 4WD,2017,SUV
2017-08-10,혼다코리아,CR-V 4WD,2017,SUV
2017-08-10,혼다코리아,CR-V 4WD,2017,SUV
2017-08-10,혼다코리아,CR-V 4WD,2017,SUV
2017-08-10,혼다코리아,CR-V 4WD,2017,SUV
2017-08-10,혼다코리아,CR-V 4WD,2017,SUV
2017-08-10,혼다코리아,CR-V 4WD,2017,SUV
2017-08-10,혼다코리아,CR-V 4WD,2017,SUV
2017-08-11,혼다코리아,CR-V 4WD,2017,SUV
2017-08-11,현대자동차,싼타페(SANTAFE),2005,SUV
2017-08-11,혼다코리아,CR-V 4WD,2015,SUV
2017-08-11,현대자동차,싼타페(SANTAFE),2018,SUV
2017-08-11,혼다코리아,CR-V 4WD,2017,SUV
2017-08-11,혼다코리아,CR-V 4WD,2017,SUV
2017-08-11,혼다코리아,CR-V 4WD,2017,SUV
2017-08-11,혼다코리아,CR-V 4WD,2017,SUV
2017-08-11,혼다코리아,CR-V 4WD,2017,SUV
2017-08-11,혼다코리아,CR-V 4WD,2017,SUV
2017-08-11,혼다코리아,CR-V 4WD,2017,SUV
2017-08-11,혼다코리아,CR-V 4WD,2017,SUV
2017-08-11,혼다코리아,CR-V 4WD,2017,SUV
2017-08-11,혼다코리아,CR-V 4WD,2017,SUV
2017-08-11,혼다코리아,CR-V 4WD,2017,SUV
2017-08-11,혼다코리아,CR-V 4WD,2017,SUV
2017-08-11,혼다코리아,CR-V 4WD,2017,SUV
2017-08-11,혼다코리아,CR-V 4WD,2017,SUV
2017-08-11,혼다코리아,CR-V 4WD,2017,SUV
2017-08-11,혼다코리아,CR-V 4WD,2017,SUV
2017-08-14,혼다코리아,CR-V 4WD,2017,SUV
2017-08-14,혼다코리아,CR-V 4WD,2017,SUV
2017-08-14,혼다코리아,CR-V 4WD,2017,SUV
2017-08-14,혼다코리아,CR-V 4WD,2017,SUV
2017-08-14,현대자동차,투싼(TUCSON),2006,SUV
2017-08-14,혼다코리아,CR-V 4WD,2017,SUV
2017-08-14,혼다코리아,CR-V 4WD,2017,SUV
2017-08-14,혼다코리아,CR-V 4WD,2017,SUV
2017-08-14,혼다코리아,CR-V 4WD,2017,SUV
2017-08-14,혼다코리아,CR-V 4WD,2017,SUV
2017-08-14,혼다코리아,CR-V 4WD,2017,SUV
2017-08-14,혼다코리아,CR-V 4WD,2017,SUV
2017-08-14,혼다코리아,CR-V 4WD,2017,SUV
2017-08-14,혼다코리아,CR-V 4WD,2017,SUV
2017-08-14,현대자동차,싼타페(SANTAFE),2017,SUV
2017-08-14,혼다코리아,CR-V 4WD,2017,SUV
2017-08-14,혼다코리아,CR-V 4WD,2017,SUV
2017-08-14,혼다코리아,CR-V 4WD,2017,SUV
2017-08-14,혼다코리아,CR-V 4WD,2017,SUV
2017-08-14,혼다코리아,CR-V 4WD,2015,SUV
2017-08-14,혼다코리아,CR-V 4WD,2017,SUV
2017-08-14,혼다코리아,CR-V 4WD,2017,SUV
2017-08-14,혼다코리아,CR-V 4WD,2017,SUV
2017-08-14,혼다코리아,CR-V 4WD,2017,SUV
2017-08-14,혼다코리아,CR-V 4WD,2017,SUV
2017-08-14,혼다코리아,CR-V 4WD,2017,SUV
2017-08-14,혼다코리아,CR-V 4WD,2015,SUV
2017-08-14,혼다코리아,CR-V 4WD,2017,SUV
2017-08-14,혼다코리아,CR-V 4WD,2017,SUV
2017-08-14,혼다코리아,CR-V 4WD,2017,SUV
2017-08-14,혼다코리아,CR-V 4WD,2017,SUV
2017-08-16,혼다코리아,CR-V 4WD,2017,SUV
2017-08-16,현대자동차,투싼(TUCSON),2006,SUV
2017-08-16,혼다코리아,CR-V 4WD,2017,SUV
2017-08-16,기아,카렌스,2007,MPV/미니밴
2017-08-16,혼다코리아,CR-V 4WD,2017,SUV
2017-08-16,기아,쏘렌토,2010,SUV
2017-08-16,르노코리아,QM3,2016,SUV
2017-08-16,혼다코리아,CR-V 4WD,2017,SUV
2017-08-16,KG 모빌리티,G4 렉스턴,2018,SUV
2017-08-16,혼다코리아,CR-V 4WD,2017,SUV
2017-08-16,혼다코리아,CR-V 4WD,2017,SUV
2017-08-16,혼다코리아,CR-V 4WD,2017,SUV
2017-08-16,혼다코리아,CR-V 4WD,2017,SUV
2017-08-16,혼다코리아,CR-V 4WD,2017,SUV
2017-08-16,기아,쏘렌토,2016,SUV
2017-08-16,혼다코리아,CR-V 4WD,2017,SUV
2017-08-16,혼다코리아,CR-V 4WD,2017,SUV
2017-08-17,현대자동차,싼타페(SANTAFE),2013,SUV
2017-08-17,기아,쏘렌토,2009,SUV
2017-08-17,현대자동차,싼타페(SANTAFE),2016,SUV
2017-08-18,혼다코리아,CR-V 4WD,2017,SUV
2017-08-18,혼다코리아,CR-V 4WD,2017,SUV
2017-08-18,기아,카렌스,2007,MPV/미니밴
2017-08-18,혼다코리아,CR-V 4WD,2017,SUV
2017-08-18,KG 모빌리티,티볼리 에어,2017,SUV
2017-08-21,혼다코리아,CR-V 4WD,2016,SUV
2017-08-21,혼다코리아,CR-V 4WD,2017,SUV
2017-08-21,혼다코리아,CR-V 4WD,2017,SUV
2017-08-21,혼다코리아,CR-V 4WD,2017,SUV
2017-08-21,혼다코리아,CR-V 4WD,2017,SUV
2017-08-21,르노코리아,QM6,2017,SUV
2017-08-21,혼다코리아,CR-V 4WD,2017,SUV
2017-08-21,혼다코리아,CR-V 4WD,2017,SUV
2017-08-21,혼다코리아,CR-V 4WD,2017,SUV
2017-08-21,혼다코리아,CR-V 4WD,2017,SUV
2017-08-22,KG 모빌리티,G4 렉스턴,2018,SUV
2017-08-22,기아,쏘렌토,2016,SUV
2017-08-22,현대자동차,스타렉스(STAREX),2005,MPV/미니밴
2017-08-22,현대자동차,투싼(TUCSON),2017,SUV
2017-08-22,혼다코리아,CR-V 4WD,2017,SUV
2017-08-22,혼다코리아,CR-V 4WD,2013,SUV
2017-08-22,혼다코리아,CR-V 4WD,2017,SUV
2017-08-22,혼다코리아,CR-V 4WD,2017,SUV
2017-08-23,혼다코리아,CR-V 4WD,2017,SUV
2017-08-23,현대자동차,싼타페(SANTAFE),2018,SUV
2017-08-23,KG 모빌리티,G4 렉스턴,2018,SUV
2017-08-23,혼다코리아,CR-V 4WD,2017,SUV
2017-08-23,KG 모빌리티,티볼리,2017,SUV
2017-08-23,현대자동차,투싼(TUCSON),2007,SUV
2017-08-23,르노코리아,QM6,2017,SUV
2017-08-23,BMW,BMW X5 3.0d,2008,SUV
2017-08-23,혼다코리아,CR-V 4WD,2017,SUV
2017-08-23,기아,쏘렌토,2011,SUV
2017-08-24,기아,카니발,2015,MPV/미니밴
2017-08-24,혼다코리아,CR-V 4WD,2017,SUV
2017-08-24,기아,카렌스,2007,MPV/미니밴
2017-08-24,혼다코리아,CR-V 4WD,2017,SUV
2017-08-24,혼다코리아,CR-V 4WD,2016,SUV
2017-08-24,혼다코리아,CR-V 4WD,2015,SUV
2017-08-24,현대자동차,투싼(TUCSON),2006,SUV
2017-08-24,기아,카렌스,2007,MPV/미니밴
2017-08-25,기아,스포티지,2017,SUV
2017-08-25,혼다코리아,CR-V 4WD,2017,SUV
2017-08-25,기아,니로 하이브리드,2018,SUV
2017-08-25,혼다코리아,CR-V 4WD,2017,SUV
2017-08-25,혼다코리아,CR-V 4WD,2017,SUV
2017-08-25,혼다코리아,CR-V 4WD,2017,SUV
2017-08-25,혼다코리아,CR-V 4WD,2017,SUV
2017-08-25,혼다코리아,CR-V 4WD,2017,SUV
2017-08-28,현대자동차,싼타페(SANTAFE),2016,SUV
2017-08-28,혼다코리아,CR-V 4WD,2017,SUV
2017-08-28,혼다코리아,CR-V 4WD,2016,SUV
2017-08-28,현대자동차,스타렉스(STAREX),2007,MPV/미니밴
2017-08-28,현대자동차,싼타페(SANTAFE),2018,SUV
2017-08-28,혼다코리아,CR-V 4WD,2017,SUV
2017-08-29,현대자동차,싼타페(SANTAFE),2013,SUV
2017-08-29,현대자동차,싼타페(SANTAFE),2008,SUV
2017-08-29,현대자동차,투싼(TUCSON),2004,SUV
2017-08-30,혼다코리아,CR-V 4WD,2015,SUV
2017-08-30,르노코리아,QM3,2016,SUV
2017-08-30,혼다코리아,CR-V 4WD,2017,SUV
2017-08-30,혼다코리아,CR-V 4WD,2017,SUV
2017-08-30,혼다코리아,CR-V 4WD,2017,SUV
2017-08-31,볼보,볼보 XC90D5,2007,SUV
2017-08-31,포드,Explorer 2.3 AWD,2017,SUV
2017-08-31,르노코리아,QM3,2017,SUV
2017-08-31,혼다코리아,CR-V 4WD,2016,SUV
2017-08-31,혼다코리아,CR-V 4WD,2017,SUV
2017-08-31,현대자동차,투싼(TUCSON),2018,SUV
2017-08-31,혼다코리아,CR-V 4WD,2017,SUV
2017-08-31,혼다코리아,CR-V 4WD,2017,SUV
2017-08-31,현대자동차,투싼(TUCSON),2005,SUV
2017-09-01,기아,모하비,2017,SUV
2017-09-01,혼다코리아,CR-V 4WD,2017,SUV
2017-09-01,혼다코리아,CR-V 4WD,2017,SUV
2017-09-01,혼다코리아,CR-V 4WD,2017,SUV
2017-09-01,현대자동차,투싼(TUCSON),2006,SUV
2017-09-01,기아,쏘렌토,2017,SUV
2017-09-01,현대자동차,싼타페(SANTAFE),2013,SUV
2017-09-01,혼다코리아,CR-V 4WD,2017,SUV
2017-09-01,현대자동차,그랜드 스타렉스(GRAND STAREX),2016,MPV/미니밴
2017-09-01,현대자동차,투싼(TUCSON),2010,SUV
2017-09-01,현대자동차,투싼(TUCSON),2005,SUV
2017-09-04,기아,쏘렌토,2018,SUV
2017-09-04,기아,카렌스,2007,MPV/미니밴
2017-09-04,토요타,토요타 RAV4 2WD,2015,SUV
2017-09-04,기아,쏘렌토,2014,SUV
2017-09-04,기아,카렌스,2007,MPV/미니밴
2017-09-04,혼다코리아,CR-V 4WD,2017,SUV
2017-09-05,기아,쏘렌토,2016,SUV
2017-09-05,기아,카렌스,2007,MPV/미니밴
2017-09-05,혼다코리아,CR-V 4WD,2017,SUV
2017-09-05,현대자동차,투싼(TUCSON),2017,SUV
2017-09-05,혼다코리아,CR-V 4WD,2017,SUV
2017-09-05,혼다코리아,CR-V 4WD,2017,SUV
2017-09-05,기아,쏘렌토,2018,SUV
2017-09-05,기아,카니발,2017,MPV/미니밴
2017-09-05,현대자동차,투싼(TUCSON),2006,SUV
2017-09-06,기아,카렌스,2007,MPV/미니밴
2017-09-06,기아,쏘렌토,2013,SUV
2017-09-06,혼다코리아,CR-V 4WD,2017,SUV
2017-09-06,기아,카렌스,2007,MPV/미니밴
2017-09-06,현대자동차,싼타페(SANTAFE),2004,SUV
2017-09-07,기아,쏘렌토,2012,SUV
2017-09-07,르노코리아,QM6,2017,SUV
2017-09-07,기아,쏘렌토,2017,SUV
2017-09-07,기아,카렌스,2007,MPV/미니밴
2017-09-07,기아,카렌스,2007,MPV/미니밴
2017-09-08,혼다코리아,CR-V 4WD,2017,SUV
2017-09-08,기아,스포티지,2011,SUV
2017-09-11,현대자동차,투싼(TUCSON),2016,SUV
2017-09-11,르노코리아,QM6,2017,SUV
2017-09-12,현대자동차,투싼(TUCSON),2018,SUV
2017-09-12,기아,니로 하이브리드,2017,SUV
2017-09-12,KG 모빌리티,티볼리,2015,SUV
2017-09-12,르노코리아,QM3,2017,SUV
2017-09-12,현대자동차,싼타페(SANTAFE),2005,SUV
2017-09-12,기아,니로 하이브리드,2018,SUV
2017-09-13,기아,스포티지,2016,SUV
2017-09-13,기아,카렌스Ⅱ,2002,MPV/미니밴
2017-09-13,기아,카렌스,2007,MPV/미니밴
2017-09-13,기아,카렌스,2007,MPV/미니밴
2017-09-14,현대자동차,싼타페(SANTAFE),2006,SUV
2017-09-14,기아,스포티지,2011,SUV
2017-09-15,르노코리아,QM6,2017,SUV
2017-09-15,기아,스포티지,2012,SUV
2017-09-15,현대자동차,싼타페(SANTAFE),2013,SUV
2017-09-15,기아,스포티지,2005,SUV
2017-09-15,기아,쏘렌토,2012,SUV
2017-09-18,KG 모빌리티,G4 렉스턴,2018,SUV
2017-09-18,현대자동차,투싼(TUCSON),2006,SUV
2017-09-18,현대자동차,스타렉스(STAREX),2006,MPV/미니밴
2017-09-18,기아,쏘렌토,2017,SUV
2017-09-19,현대자동차,싼타페(SANTAFE),2013,SUV
2017-09-19,현대자동차,싼타페(SANTAFE),2017,SUV
2017-09-19,현대자동차,투싼(TUCSON),2005,SUV
2017-09-19,기아,카니발,2015,MPV/미니밴
2017-09-19,기아,쏘렌토,2016,SUV
2017-09-20,기아,스포티지,2017,SUV
2017-09-20,혼다코리아,CR-V 4WD,2017,SUV
2017-09-20,혼다코리아,CR-V 4WD,2017,SUV
2017-09-20,혼다코리아,CR-V 4WD,2017,SUV
2017-09-20,기아,모하비,2014,SUV
2017-09-20,혼다코리아,CR-V 4WD,2016,SUV
2017-09-20,혼다코리아,CR-V 4WD,2016,SUV
2017-09-20,혼다코리아,CR-V 4WD,2017,SUV
2017-09-20,현대자동차,싼타페,2000,SUV
2017-09-20,현대자동차,투싼(TUCSON),2016,SUV
2017-09-20,혼다코리아,CR-V 4WD,2017,SUV
2017-09-20,혼다코리아,CR-V 4WD,2017,SUV
2017-09-20,혼다코리아,CR-V 4WD,2017,SUV
2017-09-20,혼다코리아,CR-V 4WD,2016,SUV
2017-09-21,혼다코리아,CR-V 4WD,2017,SUV
2017-09-21,현대자동차,투싼(TUCSON),2006,SUV
2017-09-21,현대자동차,투싼(TUCSON),2007,SUV
2017-09-21,현대자동차,싼타페(SANTAFE),2017,SUV
2017-09-21,현대자동차,그랜드 스타렉스(GRAND STAREX),2017,MPV/미니밴
2017-09-21,혼다코리아,CR-V 4WD,2017,SUV
2017-09-21,혼다코리아,CR-V 4WD,2017,SUV
2017-09-21,현대자동차,싼타페(SANTAFE),2013,SUV
2017-09-21,기아,쏘렌토,2017,SUV
2017-09-21,혼다코리아,CR-V 4WD,2017,SUV
2017-09-21,현대자동차,투싼(TUCSON),2005,SUV
2017-09-21,현대자동차,투싼(TUCSON),2016,SUV
2017-09-22,기아,쏘렌토,2018,SUV
2017-09-22,토요타,토요타 RAV4 Hybrid,2017,SUV
2017-09-22,현대자동차,그랜드 스타렉스(GRAND STAREX),2015,MPV/미니밴
2017-09-22,KG 모빌리티,티볼리,2016,SUV
2017-09-25,현대자동차,그랜드 스타렉스(GRAND STAREX),2015,MPV/미니밴
2017-09-25,혼다코리아,CR-V 4WD,2017,SUV
2017-09-25,혼다코리아,CR-V 4WD,2017,SUV
2017-09-25,기아,스포티지,2014,SUV
2017-09-25,기아,모하비,2014,SUV
2017-09-25,현대자동차,싼타페(SANTAFE),2014,SUV
2017-09-26,KG 모빌리티,렉스턴,2013,SUV
2017-09-26,혼다코리아,CR-V 4WD,2016,SUV
2017-09-26,메르세데스 벤츠,ML350 BlueTEC 4Matic,2013,SUV
2017-09-26,KG 모빌리티,G4 렉스턴,2018,SUV
2017-09-26,기아,쏘렌토,2016,SUV
2017-09-26,기아,그랜드 카니발,2009,MPV/미니밴
2017-09-26,현대자동차,싼타페(SANTAFE),2006,SUV
2017-09-26,현대자동차,투싼(TUCSON),2006,SUV
2017-09-27,기아,그랜드 카니발,2010,MPV/미니밴
2017-09-27,기아,그랜드 카니발,2007,MPV/미니밴
2017-09-27,기아,그랜드 카니발,2011,MPV/미니밴
2017-09-27,현대자동차,스타렉스(STAREX),2005,MPV/미니밴
2017-09-27,기아,그랜드 카니발,2007,MPV/미니밴
2017-09-27,기아,그랜드 카니발,2006,MPV/미니밴
2017-09-27,기아,그랜드 카니발,2007,MPV/미니밴
2017-09-27,기아,그랜드카니발,2006,MPV/미니밴
2017-09-27,기아,그랜드 카니발,2007,MPV/미니밴
2017-09-27,현대자동차,투싼(TUCSON),2006,SUV
2017-09-27,기아,그랜드 카니발,2006,MPV/미니밴
2017-09-27,기아,그랜드 카니발,2007,MPV/미니밴
2017-09-28,르노코리아,QM6,2017,SUV
2017-09-28,르노코리아,QM3,2016,SUV
2017-09-28,현대자동차,그랜드스타렉스(GRAND STAREX),2008,MPV/미니밴
2017-09-29,현대자동차,코나(KONA),2018,SUV
2017-10-10,기아,카렌스,2007,MPV/미니밴
2017-10-10,KG 모빌리티,티볼리,2017,SUV
2017-10-10,혼다코리아,CR-V 4WD,2017,SUV
2017-10-10,현대자동차,스타렉스(STAREX),2006,MPV/미니밴
2017-10-10,기아,쏘렌토,2016,SUV
2017-10-10,KG 모빌리티,티볼리 에어,2017,SUV
2017-10-11,기아,카니발,2015,MPV/미니밴
2017-10-11,KG 모빌리티,티볼리,2017,SUV
2017-10-11,기아,스포티지,2007,SUV
2017-10-11,혼다코리아,CR-V 4WD,2017,SUV
2017-10-11,현대자동차,투싼(TUCSON),2006,SUV
2017-10-12,르노코리아,QM3,2014,SUV
2017-10-12,현대자동차,싼타페(SANTAFE),2003,SUV
2017-10-12,르노코리아,QM3,2016,SUV
2017-10-12,기아,쏘렌토,2010,SUV
2017-10-12,KG 모빌리티,티볼리,2015,SUV
2017-10-12,현대자동차,투싼(TUCSON),2006,SUV
2017-10-13,현대자동차,투싼(TUCSON),2005,SUV
2017-10-16,KG 모빌리티,티볼리,2016,SUV
2017-10-16,현대자동차,스타렉스(STAREX),2007,MPV/미니밴
2017-10-16,기아,쏘렌토,2018,SUV
2017-10-17,현대자동차,투싼(TUCSON),2017,SUV
2017-10-17,기아,스포티지,2011,SUV
2017-10-17,기아,카렌스,2014,MPV/미니밴
2017-10-17,기아,스포티지,2015,SUV
2017-10-17,기아,스포티지,2011,SUV
2017-10-17,기아,그랜드 카니발,2007,MPV/미니밴
2017-10-18,르노코리아,QM3,2017,SUV
2017-10-18,기아,쏘렌토,2018,SUV
2017-10-18,현대자동차,스타렉스(STAREX),2007,MPV/미니밴
2017-10-18,기아,쏘렌토,2015,SUV
2017-10-18,현대자동차,그랜드 스타렉스(GRAND STAREX),2013,MPV/미니밴
2017-10-19,기아,카렌스,2007,MPV/미니밴
2017-10-19,기아,쏘렌토,2018,SUV
2017-10-19,기아,쏘렌토,2018,SUV
2017-10-19,현대자동차,싼타페(SANTAFE),2015,SUV
2017-10-19,현대자동차,스타렉스(STAREX),2006,MPV/미니밴
2017-10-19,기아,카니발,2015,MPV/미니밴
2017-10-19,기아,쏘렌토,2018,SUV
2017-10-19,기아,쏘렌토,2018,SUV
2017-10-19,기아,쏘렌토,2018,SUV
2017-10-20,현대자동차,스타렉스(STAREX),2005,MPV/미니밴
2017-10-20,기아,쏘렌토,2018,SUV
2017-10-20,기아,쏘렌토,2018,SUV
2017-10-20,현대자동차,싼타페(SANTAFE),2012,SUV
2017-10-20,현대자동차,싼타페(SANTAFE),2016,SUV
2017-10-20,KG 모빌리티,렉스턴,2013,SUV
2017-10-23,기아,쏘렌토,2018,SUV
2017-10-23,현대자동차,투싼(TUCSON),2011,SUV
2017-10-23,기아,쏘렌토,2018,SUV
2017-10-23,현대자동차,투싼(TUCSON),2012,SUV
2017-10-23,현대자동차,싼타페(SANTAFE),2004,SUV
2017-10-23,르노코리아,QM3,2015,SUV
2017-10-24,KG 모빌리티,티볼리,2017,SUV
2017-10-24,현대자동차,싼타페(SANTAFE),2005,SUV
2017-10-24,현대자동차,스타렉스(STAREX),2005,MPV/미니밴
2017-10-24,기아,카니발,2018,MPV/미니밴
2017-10-24,현대자동차,그랜드 스타렉스(GRAND STAREX),2011,MPV/미니밴
2017-10-24,기아,쏘렌토,2018,SUV
2017-10-24,현대자동차,싼타페(SANTAFE),2013,SUV
2017-10-25,기아,카렌스,2007,MPV/미니밴
2017-10-25,기아,카니발,2015,MPV/미니밴
2017-10-25,기아,쏘렌토,2018,SUV
2017-10-26,르노코리아,QM3,2016,SUV
2017-10-26,현대자동차,투싼(TUCSON),2016,SUV
2017-10-26,현대자동차,투싼(TUCSON),2005,SUV
2017-10-27,현대자동차,싼타페(SANTAFE),2016,SUV
2017-10-27,현대자동차,그랜드 스타렉스(GRAND STAREX),2017,MPV/미니밴
2017-10-30,현대자동차,투싼(TUCSON),2016,SUV
2017-10-30,기아,카니발,2017,MPV/미니밴
2017-10-30,기아,쏘렌토,2016,SUV
2017-10-31,기아,카니발,2015,MPV/미니밴
2017-10-31,현대자동차,투싼(TUCSON),2006,SUV
2017-10-31,기아,카렌스,2008,MPV/미니밴
2017-10-31,KG 모빌리티,티볼리 에어,2016,SUV
2017-10-31,기아,카렌스,2010,MPV/미니밴
2017-10-31,기아,쏘렌토,2016,SUV
2017-11-01,기아,카니발,2018,MPV/미니밴
2017-11-01,기아,카렌스,2007,MPV/미니밴
2017-11-02,르노코리아,QM3,2015,SUV
2017-11-02,기아,쏘렌토,2015,SUV
2017-11-06,기아,쏘렌토 GL,2003,SUV
2017-11-06,현대자동차,싼타페(SANTAFE),2018,SUV
2017-11-07,KG 모빌리티,렉스턴,2013,SUV
2017-11-07,기아,그랜드 카니발,2013,MPV/미니밴
2017-11-07,기아,니로 하이브리드,2018,SUV
2017-11-07,기아,카렌스,2007,MPV/미니밴
2017-11-07,현대자동차,그랜드 스타렉스(GRAND STAREX),2013,MPV/미니밴
2017-11-08,현대자동차,싼타페(SANTAFE),2017,SUV
2017-11-08,KG 모빌리티,티볼리,2016,SUV
2017-11-09,기아,카렌스,2007,MPV/미니밴
2017-11-10,현대자동차,그랜드 스타렉스(GRAND STAREX),2014,MPV/미니밴
2017-11-10,기아,쏘렌토,2016,SUV
2017-11-10,기아,쏘렌토,2015,SUV
2017-11-10,기아,스포티지,2018,SUV
2017-11-10,기아,카니발,2015,MPV/미니밴
2017-11-13,현대자동차,싼타페(SANTAFE),2016,SUV
2017-11-13,기아,카렌스,2007,MPV/미니밴
2017-11-14,기아,카니발,2016,MPV/미니밴
2017-11-14,르노코리아,QM3,2014,SUV
2017-11-16,기아,카렌스,2007,MPV/미니밴
2017-11-16,르노코리아,QM6,2017,SUV
2017-11-20,KG 모빌리티,티볼리,2016,SUV
2017-11-20,현대자동차,그랜드 스타렉스(GRAND STAREX),2016,MPV/미니밴
2017-11-20,현대자동차,투싼(TUCSON),2018,SUV
2017-11-20,기아,쏘렌토,2016,SUV
2017-11-20,현대자동차,투싼(TUCSON),2011,SUV
2017-11-20,현대자동차,투싼(TUCSON),2004,SUV
2017-11-20,기아,쏘렌토,2016,SUV
2017-11-20,기아,카렌스,2008,MPV/미니밴
2017-11-20,현대자동차,싼타페(SANTAFE),2008,SUV
2017-11-20,현대자동차,투싼(TUCSON),2012,SUV
2017-11-20,기아,쏘렌토,2015,SUV
2017-11-21,기아,카니발,2017,MPV/미니밴
2017-11-22,포드,Explorer 2.3 AWD,2016,SUV
2017-11-22,기아,쏘렌토,2016,SUV
2017-11-22,기아,쏘렌토,2018,SUV
2017-11-23,기아,스포티지,2005,SUV
2017-11-23,기아,카렌스,2007,MPV/미니밴
2017-11-24,기아,카렌스,2007,MPV/미니밴
2017-11-24,르노코리아,QM6,2017,SUV
2017-11-24,기아,쏘렌토,2017,SUV
2017-11-27,기아,카렌스,2007,MPV/미니밴
2017-11-27,기아,쏘렌토,2018,SUV
2017-11-28,기아,스포티지,2016,SUV
2017-11-28,르노코리아,QM6,2017,SUV
2017-11-28,KG 모빌리티,티볼리,2018,SUV
2017-11-29,기아,스포티지,2013,SUV
2017-11-30,현대자동차,싼타페(SANTAFE),2006,SUV
2017-11-30,르노코리아,QM3,2015,SUV
2017-11-30,현대자동차,스타렉스(STAREX),2005,MPV/미니밴
2017-11-30,현대자동차,스타렉스(STAREX),2004,MPV/미니밴
2017-12-01,기아,모하비,2012,SUV
2017-12-01,현대자동차,싼타페(SANTAFE),2016,SUV
2017-12-01,기아,모하비,2018,SUV
2017-12-01,현대자동차,투싼(TUCSON),2010,SUV
2017-12-01,BMW,BMW X5 xDrive30d,2017,SUV
2017-12-04,기아,그랜드 카니발,2008,MPV/미니밴
2017-12-04,기아,쏘렌토,2017,SUV
2017-12-04,기아,쏘렌토,2016,SUV
2017-12-04,기아,쏘렌토,2015,SUV
2017-12-04,기아,카렌스,2008,MPV/미니밴
2017-12-04,기아,쏘렌토,2015,SUV
2017-12-04,기아,모하비,2018,SUV
2017-12-05,현대자동차,싼타페(SANTAFE),2004,SUV
2017-12-05,현대자동차,투싼(TUCSON),2017,SUV
2017-12-06,기아,모하비,2014,SUV
2017-12-06,기아,니로 하이브리드,2018,SUV
2017-12-06,KG 모빌리티,렉스턴,2011,SUV
2017-12-07,기아,쏘렌토,2015,SUV
2017-12-07,현대자동차,그랜드 스타렉스(GRAND STAREX),2012,MPV/미니밴
2017-12-07,기아,니로 하이브리드,2018,SUV
2017-12-07,기아,니로 하이브리드,2017,SUV
2017-12-07,기아,니로 하이브리드,2018,SUV
2017-12-07,기아,니로 하이브리드,2018,SUV
2017-12-07,현대자동차,투싼(TUCSON),2018,SUV
2017-12-07,기아,니로 하이브리드,2018,SUV
2017-12-07,기아,니로 하이브리드,2018,SUV
2017-12-07,기아,니로 하이브리드,2018,SUV
2017-12-08,현대자동차,투싼(TUCSON),2017,SUV
2017-12-08,KG 모빌리티,G4 렉스턴,2018,SUV
2017-12-08,기아,스포티지,2011,SUV
2017-12-08,기아,니로 하이브리드,2018,SUV
2017-12-08,기아,카렌스,2008,MPV/미니밴
2017-12-11,현대자동차,투싼(TUCSON),2016,SUV
2017-12-11,현대자동차,스타렉스(STAREX),2004,MPV/미니밴
2017-12-11,기아,쏘렌토,2015,SUV
2017-12-11,기아,모하비,2014,SUV
2017-12-11,르노코리아,QM3,2017,SUV
2017-12-11,기아,니로 하이브리드,2018,SUV
2017-12-12,KG 모빌리티,G4 렉스턴,2018,SUV
2017-12-12,현대자동차,그랜드 스타렉스(GRAND STAREX),2011,MPV/미니밴
2017-12-12,현대자동차,그랜드 스타렉스(GRAND STAREX),2011,MPV/미니밴
2017-12-12,기아,모하비,2017,SUV
2017-12-12,르노코리아,QM3,2015,SUV
2017-12-12,르노코리아,QM6,2018,SUV
2017-12-12,현대자동차,투싼(TUCSON),2005,SUV
2017-12-12,기아,니로 하이브리드,2018,SUV
2017-12-14,르노코리아,QM3,2016,SUV
2017-12-14,현대자동차,스타렉스(STAREX),2007,MPV/미니밴
2017-12-14,KG 모빌리티,티볼리,2015,SUV
2017-12-14,재규어랜드로버,재규어 F-PACE 20d,2017,SUV
2017-12-14,현대자동차,스타렉스(STAREX),2004,MPV/미니밴
2017-12-14,현대자동차,스타렉스(STAREX),2004,MPV/미니밴
2017-12-14,기아,쏘렌토,2016,SUV
2017-12-14,기아,쏘렌토,2016,SUV
2017-12-15,기아,그랜드카니발,2006,MPV/미니밴
2017-12-15,르노코리아,QM6,2017,SUV
2017-12-15,현대자동차,싼타페(SANTAFE),2012,SUV
2017-12-18,기아,쏘렌토,2016,SUV
2017-12-18,기아,카니발,2015,MPV/미니밴
2017-12-18,기아,카렌스,2016,MPV/미니밴
2017-12-18,기아,쏘렌토,2016,SUV
2017-12-19,기아,니로 하이브리드,2017,SUV
2017-12-19,르노코리아,QM3,2015,SUV
2017-12-19,르노코리아,QM3,2015,SUV
2017-12-20,현대자동차,스타렉스(STAREX),2006,MPV/미니밴
2017-12-20,기아,니로 하이브리드,2017,SUV
2017-12-21,기아,니로 하이브리드,2018,SUV
2017-12-21,현대자동차,싼타페(SANTAFE),2006,SUV
2017-12-21,기아,쏘렌토,2015,SUV
2017-12-21,기아,니로 하이브리드,2017,SUV
2017-12-22,기아,모하비,2018,SUV
2017-12-22,기아,니로 하이브리드,2018,SUV
2017-12-22,현대자동차,투싼(TUCSON),2018,SUV
2017-12-26,르노코리아,QM6,2017,SUV
2017-12-26,혼다코리아,CR-V 4WD,2017,SUV
2017-12-26,기아,쏘렌토,2015,SUV
2017-12-26,현대자동차,싼타페(SANTAFE),2015,SUV
2017-12-27,기아,쏘렌토,2017,SUV
2017-12-27,르노코리아,QM6,2017,SUV
2017-12-27,기아,쏘렌토,2017,SUV
2017-12-27,현대자동차,스타렉스(STAREX),2007,MPV/미니밴
2017-12-27,기아,쏘렌토,2017,SUV
2017-12-28,현대자동차,투싼(TUCSON),2006,SUV
2017-12-28,기아,모하비,2008,SUV
2017-12-28,기아,쏘렌토,2017,SUV
2017-12-28,기아,쏘렌토,2016,SUV
2017-12-28,기아,스포티지,2014,SUV
2017-12-28,기아,쏘렌토,2015,SUV
2017-12-29,기아,쏘렌토,2016,SUV
2017-12-29,현대자동차,싼타페(SANTAFE),2013,SUV
2017-12-29,기아,쏘렌토,2015,SUV
2018-01-02,기아,쏘렌토,2015,SUV
2018-01-02,기아,그랜드 카니발,2014,MPV/미니밴
2018-01-02,기아,쏘렌토,2015,SUV
2018-01-02,기아,모하비,2012,SUV
2018-01-02,기아,쏘렌토,2018,SUV
2018-01-03,기아,쏘렌토,2017,SUV
2018-01-03,기아,니로 하이브리드,2018,SUV
2018-01-03,기아,쏘렌토,2017,SUV
2018-01-03,기아,쏘렌토,2017,SUV
2018-01-03,현대자동차,투싼(TUCSON),2011,SUV
2018-01-03,기아,쏘렌토,2016,SUV
2018-01-03,기아,쏘렌토,2015,SUV
2018-01-03,기아,쏘렌토,2016,SUV
2018-01-03,기아,쏘렌토,2015,SUV
2018-01-03,기아,카렌스,2007,MPV/미니밴
2018-01-03,기아,쏘렌토,2015,SUV
2018-01-04,기아,카니발,2018,MPV/미니밴
2018-01-04,기아,카니발,2015,MPV/미니밴
2018-01-04,기아,쏘렌토,2015,SUV
2018-01-04,현대자동차,투싼(TUCSON),2006,SUV
2018-01-04,기아,스포티지,2006,SUV
2018-01-05,기아,카니발,2015,MPV/미니밴
2018-01-05,현대자동차,투싼(TUCSON),2005,SUV
2018-01-05,기아,쏘렌토,2015,SUV
2018-01-05,기아,스포티지,2012,SUV
2018-01-08,현대자동차,투싼(TUCSON),2005,SUV
2018-01-08,현대자동차,그랜드 스타렉스(GRAND STAREX),2013,MPV/미니밴
2018-01-08,르노코리아,QM6,2017,SUV
2018-01-08,기아,카니발,2018,MPV/미니밴
2018-01-08,기아,쏘렌토,2017,SUV
2018-01-08,기아,스포티지,2012,SUV
2018-01-09,기아,쏘렌토,2002,SUV
2018-01-09,현대자동차,스타렉스(STAREX),2004,MPV/미니밴
2018-01-09,르노코리아,QM6,2017,SUV
2018-01-09,기아,쏘렌토,2017,SUV
2018-01-09,기아,쏘렌토,2018,SUV
2018-01-09,기아,니로 하이브리드,2017,SUV
2018-01-09,기아,모하비,2012,SUV
2018-01-10,현대자동차,투싼(TUCSON),2006,SUV
2018-01-10,기아,스포티지,2010,SUV
2018-01-10,기아,쏘렌토,2015,SUV
2018-01-11,KG 모빌리티,G4 렉스턴,2018,SUV
2018-01-11,기아,카렌스,2007,MPV/미니밴
2018-01-11,기아,카니발,2017,MPV/미니밴
2018-01-12,기아,쏘렌토,2011,SUV
2018-01-12,기아,쏘렌토,2017,SUV
2018-01-12,BMW,BMW X5 3.0,2006,SUV
2018-01-12,현대자동차,스타렉스(STAREX),2007,MPV/미니밴
2018-01-15,기아,스포티지,2014,SUV
2018-01-15,기아,모하비,2018,SUV
2018-01-16,현대자동차,투싼(TUCSON),2006,SUV
2018-01-16,기아,카니발,2016,MPV/미니밴
2018-01-17,기아,쏘렌토 GL,2004,SUV
2018-01-17,기아,스포티지,2018,SUV
2018-01-18,기아,스포티지,2014,SUV
2018-01-18,현대자동차,싼타페(SANTAFE),2009,SUV
2018-01-18,기아,쏘렌토,2018,SUV
2018-01-18,KG 모빌리티,렉스턴,2011,SUV
2018-01-19,기아,쏘렌토,2002,SUV
2018-01-19,기아,카니발,2011,MPV/미니밴
2018-01-19,기아,쏘렌토,2016,SUV
2018-01-19,현대자동차,싼타페(SANTAFE),2005,SUV
2018-01-22,BMW,BMW X5 xDrive30d,2010,SUV
2018-01-22,현대자동차,그랜드 스타렉스(GRAND STAREX),2016,MPV/미니밴
2018-01-22,기아,그랜드 카니발,2007,MPV/미니밴
2018-01-22,기아,쏘렌토,2017,SUV
2018-01-22,기아,쏘렌토,2016,SUV
2018-01-22,기아,카렌스,2007,MPV/미니밴
2018-01-23,르노코리아,QM6,2017,SUV
2018-01-23,기아,카니발,2017,MPV/미니밴
2018-01-23,KG 모빌리티,G4 렉스턴,2018,SUV
2018-01-23,기아,스포티지,2013,SUV
2018-01-23,기아,니로 하이브리드,2018,SUV
2018-01-24,현대자동차,스타렉스(STAREX),2005,MPV/미니밴
2018-01-24,현대자동차,싼타페(SANTAFE),2016,SUV
2018-01-24,현대자동차,투싼(TUCSON),2006,SUV
2018-01-24,현대자동차,투싼(TUCSON),2018,SUV
2018-01-25,기아,카렌스,2007,MPV/미니밴
2018-01-25,기아,쏘렌토,2017,SUV
2018-01-25,현대자동차,그랜드 스타렉스(GRAND STAREX),2018,MPV/미니밴
2018-01-25,현대자동차,투싼(TUCSON),2010,SUV
2018-01-25,기아,스포티지,2018,SUV
2018-01-25,기아,쏘렌토,2018,SUV
2018-01-25,기아,쏘렌토,2018,SUV
2018-01-26,기아,쏘렌토,2018,SUV
2018-01-26,기아,스포티지,2016,SUV
2018-01-26,기아,쏘렌토,2018,SUV
2018-01-26,기아,쏘렌토,2018,SUV
2018-01-26,기아,쏘렌토,2016,SUV
2018-01-26,기아,쏘렌토,2016,SUV
2018-01-26,기아,스포티지,2012,SUV
2018-01-29,기아,모하비,2017,SUV
2018-01-29,기아,쏘렌토,2018,SUV
2018-01-29,기아,쏘렌토,2015,SUV
2018-01-29,기아,쏘렌토,2017,SUV
2018-01-29,기아,쏘렌토,2017,SUV
2018-01-29,기아,쏘렌토,2018,SUV
2018-01-29,기아,쏘렌토,2018,SUV
2018-01-29,기아,쏘렌토,2017,SUV
2018-01-29,기아,쏘렌토,2018,SUV
2018-01-29,현대자동차,투싼(TUCSON),2010,SUV
2018-01-29,기아,쏘렌토,2018,SUV
2018-01-29,현대자동차,투싼(TUCSON),2010,SUV
2018-01-29,기아,쏘렌토,2018,SUV
2018-01-29,기아,쏘렌토,2015,SUV
2018-01-29,기아,쏘렌토,2018,SUV
2018-01-29,기아,쏘렌토,2018,SUV
2018-01-30,기아,쏘렌토,2016,SUV
2018-01-30,기아,쏘렌토,2018,SUV
2018-01-30,현대자동차,스타렉스(STAREX),2004,MPV/미니밴
2018-01-30,기아,스포티지,2017,SUV
2018-01-30,KG 모빌리티,렉스턴,2013,SUV
2018-01-30,기아,쏘렌토,2017,SUV
2018-01-30,기아,쏘렌토,2018,SUV
2018-01-30,현대자동차,코나(KONA),2018,SUV
2018-01-30,기아,쏘렌토,2018,SUV
2018-01-30,기아,쏘렌토,2016,SUV
2018-01-30,기아,쏘렌토,2017,SUV
2018-01-31,기아,쏘렌토,2017,SUV
2018-01-31,기아,쏘렌토,2016,SUV
2018-01-31,현대자동차,그랜드 스타렉스(GRAND STAREX),2014,MPV/미니밴
2018-01-31,기아,쏘렌토,2017,SUV
2018-01-31,기아,쏘렌토,2015,SUV
2018-01-31,기아,쏘렌토,2018,SUV
2018-01-31,기아,쏘렌토,2015,SUV
2018-01-31,기아,쏘렌토,2017,SUV
2018-01-31,기아,쏘렌토,2018,SUV
2018-01-31,기아,쏘렌토,2016,SUV
2018-01-31,기아,쏘렌토,2018,SUV
2018-01-31,기아,쏘렌토,2015,SUV
2018-01-31,기아,쏘렌토,2015,SUV
2018-01-31,기아,쏘렌토,2018,SUV
2018-01-31,기아,쏘렌토,2016,SUV
2018-01-31,기아,쏘렌토,2018,SUV
2018-02-01,기아,쏘렌토,2018,SUV
2018-02-01,기아,카니발,2016,MPV/미니밴
2018-02-01,기아,쏘렌토,2016,SUV
2018-02-01,기아,쏘렌토,2018,SUV
2018-02-01,KG 모빌리티,렉스턴,2014,SUV
2018-02-01,기아,쏘렌토,2017,SUV
2018-02-02,현대자동차,그랜드 스타렉스(GRAND STAREX),2011,MPV/미니밴
2018-02-02,기아,쏘렌토,2017,SUV
2018-02-02,기아,쏘렌토,2015,SUV
2018-02-02,기아,쏘렌토,2016,SUV
2018-02-05,현대자동차,투싼(TUCSON),2016,SUV
2018-02-05,현대자동차,투싼(TUCSON),2016,SUV
2018-02-05,BMW,BMW X5 3.0,2003,SUV
2018-02-05,기아,쏘렌토,2017,SUV
2018-02-05,기아,쏘렌토,2015,SUV
2018-02-05,KG 모빌리티,렉스턴,2013,SUV
2018-02-05,기아,쏘렌토,2017,SUV
2018-02-06,기아,카니발,2016,MPV/미니밴
2018-02-06,기아,쏘렌토,2015,SUV
2018-02-06,기아,쏘렌토,2015,SUV
2018-02-06,기아,쏘렌토,2016,SUV
2018-02-06,기아,카니발,2018,MPV/미니밴
2018-02-07,기아,쏘렌토,2018,SUV
2018-02-07,KG 모빌리티,티볼리,2017,SUV
2018-02-07,기아,쏘렌토,2017,SUV
2018-02-07,기아,쏘렌토,2016,SUV
2018-02-07,기아,모하비,2014,SUV
2018-02-07,르노코리아,QM6,2017,SUV
2018-02-07,기아,쏘렌토,2016,SUV
2018-02-07,르노코리아,QM5,2014,SUV
2018-02-07,기아,쏘렌토,2015,SUV
2018-02-08,기아,쏘렌토,2017,SUV
2018-02-08,르노코리아,QM6,2018,SUV
2018-02-08,기아,쏘렌토,2018,SUV
2018-02-08,기아,쏘렌토,2018,SUV
2018-02-08,KG 모빌리티,렉스턴,2011,SUV
2018-02-09,기아,쏘렌토,2018,SUV
2018-02-09,현대자동차,싼타페(SANTAFE),2014,SUV
2018-02-09,기아,쏘렌토,2018,SUV
2018-02-09,기아,쏘렌토,2015,SUV
2018-02-09,기아,쏘렌토,2018,SUV
2018-02-09,기아,쏘렌토,2018,SUV
2018-02-09,기아,쏘렌토,2018,SUV
2018-02-09,기아,쏘렌토,2018,SUV
2018-02-09,기아,쏘렌토,2018,SUV
2018-02-09,기아,쏘렌토,2018,SUV
2018-02-12,기아,쏘렌토,2018,SUV
2018-02-12,르노코리아,QM3,2017,SUV
2018-02-12,기아,쏘렌토,2018,SUV
2018-02-12,기아,쏘렌토,2016,SUV
2018-02-12,기아,쏘렌토,2018,SUV
2018-02-12,기아,쏘렌토,2015,SUV
2018-02-12,기아,쏘렌토,2018,SUV
2018-02-12,기아,쏘렌토,2017,SUV
2018-02-12,기아,쏘렌토,2018,SUV
2018-02-12,기아,쏘렌토,2016,SUV
2018-02-12,기아,쏘렌토,2016,SUV
2018-02-12,기아,쏘렌토,2018,SUV
2018-02-12,기아,쏘렌토,2016,SUV
2018-02-12,기아,쏘렌토,2018,SUV
2018-02-13,KG 모빌리티,렉스턴,2012,SUV
2018-02-13,기아,쏘렌토,2017,SUV
2018-02-13,기아,스포티지,2011,SUV
2018-02-13,기아,쏘렌토,2018,SUV
2018-02-13,기아,쏘렌토,2015,SUV
2018-02-13,기아,쏘렌토,2017,SUV
2018-02-13,기아,쏘렌토,2018,SUV
2018-02-13,기아,쏘렌토,2015,SUV
2018-02-13,기아,쏘렌토,2018,SUV
2018-02-13,기아,쏘렌토,2018,SUV
2018-02-13,기아,쏘렌토,2016,SUV
2018-02-13,기아,쏘렌토,2018,SUV
2018-02-13,기아,쏘렌토,2018,SUV
2018-02-13,기아,쏘렌토,2018,SUV
2018-02-13,기아,쏘렌토,2017,SUV
2018-02-14,기아,쏘렌토,2017,SUV
2018-02-14,기아,쏘렌토,2017,SUV
2018-02-14,기아,쏘렌토,2016,SUV
2018-02-14,KG 모빌리티,렉스턴,2002,SUV
2018-02-14,기아,스포티지,2016,SUV
2018-02-14,기아,쏘렌토,2018,SUV
2018-02-14,기아,쏘렌토,2016,SUV
2018-02-14,기아,쏘렌토,2018,SUV
2018-02-14,기아,쏘렌토,2015,SUV
2018-02-19,기아,쏘렌토,2018,SUV
2018-02-19,KG 모빌리티,G4 렉스턴,2018,SUV
2018-02-19,기아,쏘렌토,2017,SUV
2018-02-19,기아,쏘렌토,2016,SUV
2018-02-19,기아,쏘렌토,2017,SUV
2018-02-19,혼다코리아,CR-V 4WD,2015,SUV
2018-02-19,기아,쏘렌토,2018,SUV
2018-02-19,기아,쏘렌토,2016,SUV
2018-02-20,혼다코리아,CR-V 4WD,2012,SUV
2018-02-20,현대자동차,투싼(TUCSON),2017,SUV
2018-02-20,기아,쏘렌토,2016,SUV
2018-02-20,기아,쏘렌토,2011,SUV
2018-02-20,기아,쏘렌토,2016,SUV
2018-02-20,기아,쏘렌토,2017,SUV
2018-02-20,기아,쏘렌토,2014,SUV
2018-02-21,현대자동차,싼타페(SANTAFE),2017,SUV
2018-02-21,기아,쏘렌토,2018,SUV
2018-02-22,기아,쏘렌토,2017,SUV
2018-02-22,기아,쏘렌토,2017,SUV
2018-02-22,현대자동차,싼타페(SANTAFE),2013,SUV
2018-02-23,기아,스포티지,2016,SUV
2018-02-23,기아,쏘렌토,2018,SUV
2018-02-23,기아,쏘렌토,2015,SUV
2018-02-23,기아,쏘렌토,2018,SUV
2018-02-23,기아,쏘렌토,2018,SUV
2018-02-23,기아,쏘렌토,2017,SUV
2018-02-23,기아,쏘렌토,2017,SUV
2018-02-26,기아,쏘렌토,2016,SUV
2018-02-26,기아,쏘렌토,2017,SUV
2018-02-27,기아,스포티지,2014,SUV
2018-02-27,현대자동차,싼타페(SANTAFE),2014,SUV
2018-02-27,기아,쏘렌토,2018,SUV
2018-02-28,기아,니로 하이브리드,2018,SUV
2018-02-28,기아,쏘렌토,2016,SUV
2018-02-28,기아,쏘렌토,2015,SUV
2018-02-28,기아,쏘렌토,2015,SUV
2018-03-02,기아,쏘렌토,2018,SUV
2018-03-02,기아,쏘렌토,2018,SUV
2018-03-02,기아,쏘렌토,2018,SUV
2018-03-02,기아,쏘렌토,2018,SUV
2018-03-02,기아,모하비,2014,SUV
2018-03-02,기아,쏘렌토,2018,SUV
2018-03-02,기아,쏘렌토,2015,SUV
2018-03-02,기아,쏘렌토,2018,SUV
2018-03-02,KG 모빌리티,G4 렉스턴,2018,SUV
2018-03-05,기아,쏘렌토,2016,SUV
2018-03-05,기아,쏘렌토,2018,SUV
2018-03-06,현대자동차,싼타페(SANTAFE),2013,SUV
2018-03-06,기아,쏘렌토,2017,SUV
2018-03-06,기아,카렌스Ⅱ,2002,MPV/미니밴
2018-03-06,기아,카렌스,2007,MPV/미니밴
2018-03-07,현대자동차,투싼(TUCSON),2008,SUV
2018-03-07,기아,쏘렌토,2017,SUV
2018-03-08,현대자동차,싼타페(SANTAFE),2015,SUV
2018-03-08,기아,쏘렌토,2016,SUV
2018-03-08,KG 모빌리티,티볼리,2018,SUV
2018-03-08,현대자동차,싼타페(SANTAFE),2015,SUV
2018-03-09,기아,쏘렌토,2016,SUV
2018-03-09,기아,그랜드 카니발,2006,MPV/미니밴
2018-03-09,기아,쏘렌토,2017,SUV
2018-03-12,기아,카니발,2015,MPV/미니밴
2018-03-12,르노코리아,QM6,2017,SUV
2018-03-13,KG 모빌리티,티볼리,2016,SUV
2018-03-14,KG 모빌리티,G4 렉스턴,2018,SUV
2018-03-14,현대자동차,스타렉스(STAREX),2004,MPV/미니밴
2018-03-15,르노코리아,QM3,2018,SUV
2018-03-15,기아,그랜드 카니발,2010,MPV/미니밴
2018-03-16,르노코리아,QM6,2017,SUV
2018-03-16,기아,스포티지,2016,SUV
2018-03-16,현대자동차,싼타페(SANTAFE),2015,SUV
2018-03-19,기아,스포티지,2014,SUV
2018-03-19,현대자동차,그랜드 스타렉스(GRAND STAREX),2013,MPV/미니밴
2018-03-19,기아,카렌스,2014,MPV/미니밴
2018-03-19,현대자동차,싼타페(SANTAFE),2009,SUV
2018-03-21,현대자동차,스타렉스(STAREX),2006,MPV/미니밴
2018-03-21,르노코리아,QM6,2018,SUV
2018-03-21,현대자동차,스타렉스(STAREX),2006,MPV/미니밴
2018-03-21,기아,쏘렌토,2015,SUV
2018-03-22,기아,니로 하이브리드,2017,SUV
2018-03-22,현대자동차,싼타페(SANTAFE),2015,SUV
2018-03-22,기아,카렌스,2007,MPV/미니밴
2018-03-22,르노코리아,QM6,2018,SUV
2018-03-22,기아,쏘렌토,2017,SUV
2018-03-22,르노코리아,QM6,2018,SUV
2018-03-23,기아,카니발,2002,MPV/미니밴
2018-03-23,현대자동차,싼타페(SANTAFE),2018,SUV
2018-03-23,기아,쏘렌토,2017,SUV
2018-03-26,현대자동차,투싼(TUCSON),2006,SUV
2018-03-26,기아,쏘렌토,2013,SUV
2018-03-26,현대자동차,싼타페(SANTAFE),2013,SUV
2018-03-27,기아,모하비,2015,SUV
2018-03-27,르노코리아,QM3,2015,SUV
2018-03-27,현대자동차,싼타페(SANTAFE),2014,SUV
2018-03-27,KG 모빌리티,렉스턴스포츠,2018,SUV
2018-03-27,현대자동차,싼타페(SANTAFE),2015,SUV
2018-03-27,현대자동차,싼타페(SANTAFE),2015,SUV
2018-03-29,현대자동차,투싼(TUCSON),2013,SUV
2018-03-29,현대자동차,투싼(TUCSON),2006,SUV
2018-03-29,기아,쏘렌토,2012,SUV
2018-03-30,현대자동차,싼타페(SANTAFE),2015,SUV
2018-03-30,기아,카니발,2016,MPV/미니밴
2018-03-30,현대자동차,싼타페(SANTAFE),2013,SUV
2018-03-30,현대자동차,싼타페(SANTAFE),2013,SUV
2018-03-30,현대자동차,싼타페(SANTAFE),2013,SUV
2018-03-30,기아,스포티지,2012,SUV
2018-03-30,기아,스포티지,2012,SUV
2018-03-30,르노코리아,QM3,2014,SUV
2018-03-30,기아,스포티지,2011,SUV
2018-04-02,현대자동차,싼타페(SANTAFE),2005,SUV
2018-04-02,현대자동차,싼타페(SANTAFE),2014,SUV
2018-04-02,현대자동차,싼타페(SANTAFE),2014,SUV
2018-04-02,현대자동차,싼타페(SANTAFE),2014,SUV
2018-04-02,현대자동차,싼타페(SANTAFE),2013,SUV
2018-04-02,현대자동차,싼타페(SANTAFE),2014,SUV
2018-04-02,현대자동차,코나(KONA),2018,SUV
2018-04-02,현대자동차,싼타페(SANTAFE),2013,SUV
2018-04-02,현대자동차,싼타페(SANTAFE),2013,SUV
2018-04-02,현대자동차,싼타페(SANTAFE),2013,SUV
2018-04-02,현대자동차,싼타페(SANTAFE),2013,SUV
2018-04-02,현대자동차,싼타페(SANTAFE),2015,SUV
2018-04-02,현대자동차,싼타페(SANTAFE),2014,SUV
2018-04-02,현대자동차,싼타페(SANTAFE),2013,SUV
2018-04-03,현대자동차,싼타페(SANTAFE),2015,SUV
2018-04-03,현대자동차,싼타페(SANTAFE),2014,SUV
2018-04-03,현대자동차,싼타페(SANTAFE),2015,SUV
2018-04-03,현대자동차,싼타페(SANTAFE),2013,SUV
2018-04-03,현대자동차,싼타페(SANTAFE),2013,SUV
2018-04-03,현대자동차,싼타페(SANTAFE),2013,SUV
2018-04-03,현대자동차,싼타페(SANTAFE),2013,SUV
2018-04-03,현대자동차,싼타페(SANTAFE),2015,SUV
2018-04-03,현대자동차,싼타페(SANTAFE),2015,SUV
2018-04-03,현대자동차,싼타페(SANTAFE),2013,SUV
2018-04-03,현대자동차,싼타페(SANTAFE),2013,SUV
2018-04-03,현대자동차,싼타페(SANTAFE),2015,SUV
2018-04-03,현대자동차,싼타페(SANTAFE),2015,SUV
2018-04-03,현대자동차,싼타페(SANTAFE),2015,SUV
2018-04-03,현대자동차,싼타페(SANTAFE),2013,SUV
2018-04-03,현대자동차,싼타페(SANTAFE),2014,SUV
2018-04-03,현대자동차,싼타페(SANTAFE),2014,SUV
2018-04-03,현대자동차,싼타페(SANTAFE),2013,SUV
2018-04-03,현대자동차,싼타페(SANTAFE),2013,SUV
2018-04-03,현대자동차,싼타페(SANTAFE),2013,SUV
2018-04-03,현대자동차,싼타페(SANTAFE),2015,SUV
2018-04-03,현대자동차,싼타페(SANTAFE),2014,SUV
2018-04-03,현대자동차,싼타페(SANTAFE),2014,SUV
2018-04-03,현대자동차,싼타페(SANTAFE),2014,SUV
2018-04-03,KG 모빌리티,티볼리 에어,2018,SUV
2018-04-04,현대자동차,싼타페(SANTAFE),2014,SUV
2018-04-04,현대자동차,싼타페(SANTAFE),2013,SUV
2018-04-04,현대자동차,싼타페(SANTAFE),2014,SUV
2018-04-04,현대자동차,싼타페(SANTAFE),2014,SUV
2018-04-04,현대자동차,싼타페(SANTAFE),2015,SUV
2018-04-04,현대자동차,싼타페(SANTAFE),2015,SUV
2018-04-04,현대자동차,싼타페(SANTAFE),2019,SUV
2018-04-04,현대자동차,싼타페(SANTAFE),2013,SUV
2018-04-04,기아,쏘렌토,2016,SUV
2018-04-04,현대자동차,싼타페(SANTAFE),2013,SUV
2018-04-04,현대자동차,싼타페(SANTAFE),2015,SUV
2018-04-04,현대자동차,싼타페(SANTAFE),2015,SUV
2018-04-05,KG 모빌리티,티볼리,2018,SUV
2018-04-05,KG 모빌리티,렉스턴스포츠,2018,SUV
2018-04-05,현대자동차,싼타페(SANTAFE),2014,SUV
2018-04-05,현대자동차,싼타페(SANTAFE),2013,SUV
2018-04-05,현대자동차,싼타페(SANTAFE),2014,SUV
2018-04-05,현대자동차,싼타페(SANTAFE),2013,SUV
2018-04-05,현대자동차,싼타페(SANTAFE),2015,SUV
2018-04-05,현대자동차,싼타페(SANTAFE),2014,SUV
2018-04-06,현대자동차,스타렉스(STAREX),2007,MPV/미니밴
2018-04-06,현대자동차,싼타페(SANTAFE),2014,SUV
2018-04-06,현대자동차,싼타페(SANTAFE),2015,SUV
2018-04-06,KG 모빌리티,티볼리,2015,SUV
2018-04-06,현대자동차,싼타페(SANTAFE),2014,SUV
2018-04-06,현대자동차,싼타페(SANTAFE),2013,SUV
2018-04-06,현대자동차,싼타페(SANTAFE),2015,SUV
2018-04-06,현대자동차,싼타페(SANTAFE),2018,SUV
2018-04-09,기아,스포티지,2017,SUV
2018-04-09,현대자동차,싼타페(SANTAFE),2014,SUV
2018-04-09,현대자동차,싼타페(SANTAFE),2013,SUV
2018-04-09,기아,스포티지,2018,SUV
2018-04-09,현대자동차,싼타페(SANTAFE),2013,SUV
2018-04-09,현대자동차,싼타페(SANTAFE),2013,SUV
2018-04-09,현대자동차,스타렉스(STAREX),2007,MPV/미니밴
2018-04-09,현대자동차,투싼(TUCSON),2010,SUV
2018-04-10,현대자동차,싼타페(SANTAFE),2013,SUV
2018-04-10,현대자동차,싼타페(SANTAFE),2014,SUV
2018-04-10,현대자동차,싼타페(SANTAFE),2014,SUV
2018-04-10,현대자동차,싼타페(SANTAFE),2015,SUV
2018-04-10,현대자동차,싼타페(SANTAFE),2013,SUV
2018-04-10,현대자동차,싼타페(SANTAFE),2013,SUV
2018-04-10,현대자동차,싼타페(SANTAFE),2014,SUV
2018-04-10,현대자동차,싼타페(SANTAFE),2013,SUV
2018-04-10,기아,스포티지,2015,SUV
2018-04-10,현대자동차,싼타페(SANTAFE),2015,SUV
2018-04-10,현대자동차,스타렉스(STAREX),2006,MPV/미니밴
2018-04-10,기아,쏘렌토,2016,SUV
2018-04-10,현대자동차,싼타페(SANTAFE),2015,SUV
2018-04-10,현대자동차,싼타페(SANTAFE),2013,SUV
2018-04-11,현대자동차,싼타페(SANTAFE),2014,SUV
2018-04-11,현대자동차,싼타페(SANTAFE),2013,SUV
2018-04-11,현대자동차,싼타페(SANTAFE),2014,SUV
2018-04-11,현대자동차,싼타페(SANTAFE),2014,SUV
2018-04-11,현대자동차,싼타페(SANTAFE),2014,SUV
2018-04-11,현대자동차,싼타페(SANTAFE),2013,SUV
2018-04-11,현대자동차,싼타페(SANTAFE),2015,SUV
2018-04-11,현대자동차,싼타페(SANTAFE),2015,SUV
2018-04-12,기아,모하비,2014,SUV
2018-04-12,기아,스포티지,2016,SUV
2018-04-12,현대자동차,싼타페(SANTAFE),2013,SUV
2018-04-12,현대자동차,싼타페(SANTAFE),2015,SUV
2018-04-12,기아,스포티지,2011,SUV
2018-04-13,현대자동차,싼타페(SANTAFE),2014,SUV
2018-04-13,현대자동차,싼타페(SANTAFE),2013,SUV
2018-04-13,현대자동차,싼타페(SANTAFE),2013,SUV
2018-04-13,현대자동차,싼타페(SANTAFE),2013,SUV
2018-04-13,현대자동차,싼타페(SANTAFE),2015,SUV
2018-04-13,현대자동차,싼타페(SANTAFE),2014,SUV
2018-04-16,현대자동차,싼타페(SANTAFE),2015,SUV
2018-04-16,기아,카렌스,2007,MPV/미니밴
2018-04-16,현대자동차,싼타페(SANTAFE),2013,SUV
2018-04-16,현대자동차,싼타페(SANTAFE),2013,SUV
2018-04-16,기아,쏘렌토,2010,SUV
2018-04-16,현대자동차,싼타페(SANTAFE),2014,SUV
2018-04-16,현대자동차,싼타페(SANTAFE),2014,SUV
2018-04-17,현대자동차,싼타페(SANTAFE),2015,SUV
2018-04-17,현대자동차,싼타페(SANTAFE),2014,SUV
2018-04-17,기아,쏘렌토,2007,SUV
2018-04-17,르노코리아,QM6,2018,SUV
2018-04-18,현대자동차,싼타페(SANTAFE),2015,SUV
2018-04-18,기아,쏘렌토,2011,SUV
2018-04-18,현대자동차,싼타페(SANTAFE),2015,SUV
2018-04-19,현대자동차,싼타페(SANTAFE),2013,SUV
2018-04-19,현대자동차,싼타페(SANTAFE),2014,SUV
2018-04-19,현대자동차,코나(KONA),2018,SUV
2018-04-19,현대자동차,싼타페(SANTAFE),2015,SUV
2018-04-19,현대자동차,투싼(TUCSON),2004,SUV
2018-04-19,현대자동차,싼타페(SANTAFE),2014,SUV
2018-04-19,현대자동차,싼타페(SANTAFE),2013,SUV
2018-04-19,현대자동차,싼타페(SANTAFE),2013,SUV
2018-04-19,현대자동차,싼타페(SANTAFE),2015,SUV
2018-04-19,현대자동차,싼타페(SANTAFE),2015,SUV
2018-04-20,현대자동차,싼타페(SANTAFE),2014,SUV
2018-04-20,현대자동차,싼타페(SANTAFE),2013,SUV
2018-04-20,현대자동차,싼타페(SANTAFE),2013,SUV
2018-04-20,현대자동차,싼타페(SANTAFE),2014,SUV
2018-04-20,현대자동차,싼타페(SANTAFE),2013,SUV
2018-04-20,기아,쏘렌토,2015,SUV
2018-04-20,현대자동차,싼타페(SANTAFE),2014,SUV
2018-04-20,기아,카렌스,2007,MPV/미니밴
2018-04-23,현대자동차,싼타페(SANTAFE),2015,SUV
2018-04-23,현대자동차,싼타페(SANTAFE),2013,SUV
2018-04-23,현대자동차,싼타페(SANTAFE),2013,SUV
2018-04-23,현대자동차,싼타페(SANTAFE),2015,SUV
2018-04-23,현대자동차,싼타페(SANTAFE),2013,SUV
2018-04-23,현대자동차,싼타페(SANTAFE),2013,SUV
2018-04-23,현대자동차,싼타페(SANTAFE),2013,SUV
2018-04-23,기아,쏘렌토,2009,SUV
2018-04-23,현대자동차,싼타페(SANTAFE),2013,SUV
2018-04-23,현대자동차,싼타페(SANTAFE),2013,SUV
2018-04-23,기아,니로 하이브리드,2017,SUV
2018-04-23,현대자동차,싼타페(SANTAFE),2015,SUV
2018-04-23,현대자동차,싼타페(SANTAFE),2013,SUV
2018-04-23,현대자동차,싼타페(SANTAFE),2014,SUV
2018-04-23,현대자동차,그랜드스타렉스(GRAND STAREX),2012,MPV/미니밴
2018-04-23,현대자동차,싼타페(SANTAFE),2013,SUV
2018-04-23,기아,니로 하이브리드,2017,SUV
2018-04-23,현대자동차,싼타페(SANTAFE),2013,SUV
2018-04-23,현대자동차,싼타페(SANTAFE),2015,SUV
2018-04-23,현대자동차,싼타페(SANTAFE),2015,SUV
2018-04-23,현대자동차,싼타페(SANTAFE),2015,SUV
2018-04-24,현대자동차,코나(KONA),2018,SUV
2018-04-24,현대자동차,싼타페(SANTAFE),2014,SUV
2018-04-24,기아,쏘렌토,2016,SUV
2018-04-24,현대자동차,싼타페(SANTAFE),2015,SUV
2018-04-24,현대자동차,싼타페(SANTAFE),2013,SUV
2018-04-24,현대자동차,싼타페(SANTAFE),2015,SUV
2018-04-24,현대자동차,싼타페(SANTAFE),2015,SUV
2018-04-24,기아,쏘렌토,2016,SUV
2018-04-25,현대자동차,싼타페(SANTAFE),2015,SUV
2018-04-25,현대자동차,싼타페(SANTAFE),2013,SUV
2018-04-25,현대자동차,싼타페(SANTAFE),2013,SUV
2018-04-25,현대자동차,싼타페(SANTAFE),2015,SUV
2018-04-25,현대자동차,싼타페(SANTAFE),2012,SUV
2018-04-25,KG 모빌리티,티볼리 에어,2016,SUV
2018-04-25,현대자동차,싼타페(SANTAFE),2015,SUV
2018-04-26,기아,쏘렌토,2018,SUV
2018-04-26,기아,쏘렌토,2007,SUV
2018-04-26,현대자동차,싼타페(SANTAFE),2015,SUV
2018-04-26,기아,니로 하이브리드,2018,SUV
2018-04-26,현대자동차,싼타페(SANTAFE),2019,SUV
2018-04-26,현대자동차,싼타페(SANTAFE),2013,SUV
2018-04-26,현대자동차,싼타페(SANTAFE),2013,SUV
2018-04-26,현대자동차,싼타페(SANTAFE),2017,SUV
2018-04-27,현대자동차,싼타페(SANTAFE),2013,SUV
2018-04-27,현대자동차,투싼(TUCSON),2016,SUV
2018-04-27,현대자동차,싼타페(SANTAFE),2013,SUV
2018-04-27,현대자동차,싼타페(SANTAFE),2013,SUV
2018-04-27,현대자동차,싼타페(SANTAFE),2019,SUV
2018-04-27,기아,쏘렌토,2015,SUV
2018-04-27,현대자동차,싼타페(SANTAFE),2014,SUV
2018-04-27,현대자동차,싼타페(SANTAFE),2013,SUV
2018-04-30,현대자동차,싼타페(SANTAFE),2013,SUV
2018-04-30,현대자동차,싼타페(SANTAFE),2013,SUV
2018-04-30,현대자동차,싼타페(SANTAFE),2013,SUV
2018-04-30,현대자동차,싼타페(SANTAFE),2014,SUV
2018-04-30,현대자동차,싼타페(SANTAFE),2015,SUV
2018-04-30,현대자동차,싼타페(SANTAFE),2013,SUV
2018-04-30,현대자동차,싼타페(SANTAFE),2014,SUV
2018-04-30,현대자동차,싼타페(SANTAFE),2019,SUV
2018-04-30,기아,쏘렌토,2012,SUV
2018-04-30,현대자동차,싼타페(SANTAFE),2019,SUV
2018-05-02,현대자동차,싼타페(SANTAFE),2013,SUV
2018-05-02,현대자동차,싼타페(SANTAFE),2013,SUV
2018-05-02,현대자동차,싼타페(SANTAFE),2019,SUV
2018-05-02,현대자동차,싼타페(SANTAFE),2013,SUV
2018-05-02,현대자동차,싼타페(SANTAFE),2015,SUV
2018-05-02,현대자동차,싼타페(SANTAFE),2013,SUV
2018-05-02,현대자동차,싼타페(SANTAFE),2013,SUV
2018-05-02,현대자동차,싼타페(SANTAFE),2015,SUV
2018-05-03,현대자동차,싼타페(SANTAFE),2014,SUV
2018-05-03,기아,쏘렌토,2017,SUV
2018-05-03,현대자동차,싼타페(SANTAFE),2014,SUV
2018-05-04,기아,쏘렌토,2018,SUV
2018-05-04,기아,쏘렌토,2018,SUV
2018-05-08,현대자동차,싼타페(SANTAFE),2015,SUV
2018-05-08,현대자동차,싼타페(SANTAFE),2013,SUV
2018-05-08,기아,쏘렌토,2017,SUV
2018-05-08,기아,쏘렌토,2017,SUV
2018-05-08,현대자동차,싼타페(SANTAFE),2015,SUV
2018-05-08,기아,쏘렌토,2016,SUV
2018-05-08,기아,쏘렌토,2017,SUV
2018-05-08,기아,쏘렌토,2017,SUV
2018-05-08,기아,쏘렌토,2017,SUV
2018-05-08,기아,쏘렌토,2017,SUV
2018-05-08,기아,쏘렌토,2018,SUV
2018-05-08,KG 모빌리티,렉스턴,2004,SUV
2018-05-09,현대자동차,싼타페(SANTAFE),2013,SUV
2018-05-09,기아,쏘렌토,2018,SUV
2018-05-09,기아,스포티지,2013,SUV
2018-05-09,기아,모하비,2011,SUV
2018-05-09,기아,카렌스,2014,MPV/미니밴
2018-05-09,기아,스포티지,2016,SUV
2018-05-09,기아,쏘렌토,2017,SUV
2018-05-09,기아,모하비,2015,SUV
2018-05-09,포드,Explorer 2.3 AWD,2017,SUV
2018-05-09,현대자동차,싼타페(SANTAFE),2013,SUV
2018-05-09,기아,쏘렌토,2016,SUV
2018-05-09,기아,쏘렌토,2018,SUV
2018-05-09,기아,쏘렌토,2015,SUV
2018-05-09,현대자동차,싼타페(SANTAFE),2016,SUV
2018-05-09,기아,그랜드 카니발,2010,MPV/미니밴
2018-05-10,기아,스포티지,2013,SUV
2018-05-10,현대자동차,싼타페(SANTAFE),2013,SUV
2018-05-10,기아,쏘렌토,2018,SUV
2018-05-10,현대자동차,싼타페(SANTAFE),2013,SUV
2018-05-10,현대자동차,싼타페(SANTAFE),2014,SUV
2018-05-10,기아,쏘렌토,2017,SUV
2018-05-10,기아,쏘렌토,2015,SUV
2018-05-10,기아,쏘렌토,2017,SUV
2018-05-10,기아,쏘렌토,2018,SUV
2018-05-10,기아,쏘렌토,2018,SUV
2018-05-11,현대자동차,싼타페(SANTAFE),2014,SUV
2018-05-11,현대자동차,싼타페(SANTAFE),2013,SUV
2018-05-11,현대자동차,싼타페(SANTAFE),2013,SUV
2018-05-11,현대자동차,투싼(TUCSON),2016,SUV
2018-05-11,기아,쏘렌토,2018,SUV
2018-05-11,기아,쏘렌토,2018,SUV
2018-05-11,기아,쏘렌토,2017,SUV
2018-05-11,기아,쏘렌토,2017,SUV
2018-05-11,현대자동차,싼타페(SANTAFE),2015,SUV
2018-05-11,기아,쏘렌토,2016,SUV
2018-05-14,기아,쏘렌토,2016,SUV
2018-05-14,기아,쏘렌토,2015,SUV
2018-05-14,현대자동차,싼타페(SANTAFE),2015,SUV
2018-05-14,현대자동차,싼타페(SANTAFE),2015,SUV
2018-05-14,기아,쏘렌토,2018,SUV
2018-05-14,기아,쏘렌토,2017,SUV
2018-05-15,기아,쏘렌토,2017,SUV
2018-05-15,기아,쏘렌토,2018,SUV
2018-05-15,기아,쏘렌토,2016,SUV
2018-05-15,기아,쏘렌토,2016,SUV
2018-05-15,기아,모하비,2015,SUV
2018-05-15,기아,쏘렌토,2017,SUV
2018-05-15,현대자동차,싼타페(SANTAFE),2007,SUV
2018-05-15,기아,쏘렌토,2016,SUV
2018-05-15,현대자동차,투싼(TUCSON),2017,SUV
2018-05-15,기아,쏘렌토,2018,SUV
2018-05-15,기아,쏘렌토,2017,SUV
2018-05-15,기아,쏘렌토,2013,SUV
2018-05-16,포드,Explorer 2.3 AWD,2017,SUV
2018-05-16,기아,쏘렌토,2016,SUV
2018-05-16,현대자동차,싼타페(SANTAFE),2014,SUV
2018-05-16,기아,쏘렌토,2016,SUV
2018-05-17,르노코리아,QM3,2017,SUV
2018-05-17,기아,쏘렌토,2018,SUV
2018-05-17,KG 모빌리티,렉스턴,2014,SUV
2018-05-17,기아,쏘렌토,2016,SUV
2018-05-17,기아,쏘렌토,2018,SUV
2018-05-17,기아,쏘렌토,2018,SUV
2018-05-17,현대자동차,싼타페(SANTAFE),2015,SUV
2018-05-18,현대자동차,싼타페(SANTAFE),2010,SUV
2018-05-18,현대자동차,싼타페(SANTAFE),2014,SUV
2018-05-18,현대자동차,싼타페(SANTAFE),2013,SUV
2018-05-18,현대자동차,싼타페(SANTAFE),2013,SUV
2018-05-18,현대자동차,싼타페(SANTAFE),2013,SUV
2018-05-18,현대자동차,싼타페(SANTAFE),2015,SUV
2018-05-18,기아,쏘렌토,2016,SUV
2018-05-18,현대자동차,싼타페(SANTAFE),2013,SUV
2018-05-18,기아,쏘렌토,2017,SUV
2018-05-18,기아,쏘렌토,2015,SUV
2018-05-18,기아,쏘렌토,2016,SUV
2018-05-18,르노코리아,QM3,2015,SUV
2018-05-18,기아,쏘렌토,2015,SUV
2018-05-21,현대자동차,싼타페(SANTAFE),2013,SUV
2018-05-21,현대자동차,싼타페(SANTAFE),2013,SUV
2018-05-21,현대자동차,싼타페(SANTAFE),2013,SUV
2018-05-21,기아,스포티지,2013,SUV
2018-05-21,기아,쏘렌토,2016,SUV
2018-05-21,르노코리아,QM5,2011,SUV
2018-05-21,현대자동차,싼타페(SANTAFE),2015,SUV
2018-05-21,현대자동차,싼타페(SANTAFE),2013,SUV
2018-05-21,현대자동차,싼타페(SANTAFE),2013,SUV
2018-05-21,현대자동차,싼타페(SANTAFE),2015,SUV
2018-05-21,기아,쏘렌토,2015,SUV
2018-05-21,혼다코리아,CR-V 4WD,2017,SUV
2018-05-21,현대자동차,싼타페(SANTAFE),2014,SUV
2018-05-23,현대자동차,싼타페(SANTAFE),2014,SUV
2018-05-23,기아,쏘렌토,2016,SUV
2018-05-23,현대자동차,싼타페(SANTAFE),2015,SUV
2018-05-23,현대자동차,싼타페(SANTAFE),2013,SUV
2018-05-23,기아,쏘렌토,2017,SUV
2018-05-23,기아,쏘렌토,2018,SUV
2018-05-23,기아,쏘렌토,2017,SUV
2018-05-23,현대자동차,그랜드 스타렉스(GRAND STAREX),2014,MPV/미니밴
2018-05-23,기아,쏘렌토,2016,SUV
2018-05-23,현대자동차,싼타페(SANTAFE),2014,SUV
2018-05-23,르노코리아,QM6,2017,SUV
2018-05-23,기아,카렌스,2007,MPV/미니밴
2018-05-23,현대자동차,싼타페(SANTAFE),2015,SUV
2018-05-23,현대자동차,싼타페(SANTAFE),2013,SUV
2018-05-23,현대자동차,싼타페(SANTAFE),2013,SUV
2018-05-23,현대자동차,싼타페(SANTAFE),2013,SUV
2018-05-23,현대자동차,싼타페(SANTAFE),2013,SUV
2018-05-24,현대자동차,싼타페(SANTAFE),2018,SUV
2018-05-24,기아,카니발,2016,MPV/미니밴
2018-05-24,기아,쏘렌토,2018,SUV
2018-05-24,현대자동차,싼타페(SANTAFE),2015,SUV
2018-05-24,기아,쏘렌토,2017,SUV
2018-05-24,기아,쏘렌토,2017,SUV
2018-05-24,기아,스포티지,2014,SUV
2018-05-24,기아,스포티지,2011,SUV
2018-05-24,현대자동차,싼타페(SANTAFE),2013,SUV
2018-05-25,기아,쏘렌토,2016,SUV
2018-05-25,기아,쏘렌토,2018,SUV
2018-05-25,현대자동차,싼타페(SANTAFE),2013,SUV
2018-05-25,현대자동차,싼타페(SANTAFE),2014,SUV
2018-05-25,기아,쏘렌토,2015,SUV
2018-05-25,기아,쏘렌토,2016,SUV
2018-05-28,기아,스포티지,2015,SUV
2018-05-28,기아,스포티지,2015,SUV
2018-05-28,KG 모빌리티,렉스턴,2007,SUV
2018-05-28,기아,스포티지,2016,SUV
2018-05-29,KG 모빌리티,티볼리,2017,SUV
2018-05-29,기아,쏘렌토,2016,SUV
2018-05-29,기아,쏘렌토,2015,SUV
2018-05-29,기아,쏘렌토,2017,SUV
2018-05-29,기아,스포티지,2014,SUV
2018-05-29,현대자동차,투싼(TUCSON),2006,SUV
2018-05-30,현대자동차,그랜드 스타렉스(GRAND STAREX),2017,MPV/미니밴
2018-05-30,KG 모빌리티,티볼리,2015,SUV
2018-05-31,기아,카렌스,2007,MPV/미니밴
2018-05-31,기아,쏘렌토,2017,SUV
2018-05-31,현대자동차,그랜드 스타렉스(GRAND STAREX),2011,MPV/미니밴
2018-05-31,현대자동차,그랜드 스타렉스(GRAND STAREX),2012,MPV/미니밴
2018-05-31,현대자동차,싼타페(SANTAFE),2015,SUV
2018-06-01,기아,스포티지,2015,SUV
2018-06-01,기아,쏘렌토,2014,SUV
2018-06-01,기아,쏘렌토,2017,SUV
2018-06-01,현대자동차,싼타페(SANTAFE),2015,SUV
2018-06-01,현대자동차,싼타페(SANTAFE),2015,SUV
2018-06-01,기아,스포티지,2015,SUV
2018-06-01,기아,카니발,2015,MPV/미니밴
2018-06-01,현대자동차,싼타페(SANTAFE),2014,SUV
2018-06-04,기아,쏘렌토 GL,2006,SUV
2018-06-04,기아,쏘렌토,2018,SUV
2018-06-04,기아,카니발,2015,MPV/미니밴
2018-06-04,기아,쏘렌토,2017,SUV
2018-06-04,현대자동차,싼타페(SANTAFE),2016,SUV
2018-06-04,기아,카니발,2019,MPV/미니밴
2018-06-05,현대자동차,싼타페(SANTAFE),2014,SUV
2018-06-05,기아,쏘렌토,2012,SUV
2018-06-05,기아,니로 하이브리드,2018,SUV
2018-06-07,KG 모빌리티,렉스턴스포츠,2018,SUV
2018-06-07,KG 모빌리티,티볼리,2018,SUV
2018-06-07,기아,카니발,2019,MPV/미니밴
2018-06-07,기아,카니발,2006,MPV/미니밴
2018-06-08,현대자동차,싼타페(SANTAFE),2014,SUV
2018-06-08,현대자동차,싼타페(SANTAFE),2019,SUV
2018-06-08,기아,쏘렌토,2015,SUV
2018-06-08,현대자동차,싼타페(SANTAFE),2019,SUV
2018-06-08,기아,쏘렌토,2018,SUV
2018-06-08,기아,스포티지,2014,SUV
2018-06-11,기아,카니발,2019,MPV/미니밴
2018-06-11,기아,쏘렌토,2014,SUV
2018-06-11,기아,카니발,2019,MPV/미니밴
2018-06-11,기아,쏘렌토,2016,SUV
2018-06-11,기아,카니발,2019,MPV/미니밴
2018-06-11,기아,카니발,2019,MPV/미니밴
2018-06-11,기아,카니발,2015,MPV/미니밴
2018-06-11,현대자동차,싼타페(SANTAFE),2019,SUV
2018-06-12,기아,카렌스,2000,MPV/미니밴
2018-06-12,현대자동차,투싼(TUCSON),2014,SUV
2018-06-12,기아,카니발,2019,MPV/미니밴
2018-06-12,KG 모빌리티,티볼리,2018,SUV
2018-06-12,KG 모빌리티,렉스턴,2007,SUV
2018-06-12,현대자동차,싼타페(SANTAFE),2015,SUV
2018-06-12,현대자동차,싼타페(SANTAFE),2005,SUV
2018-06-12,기아,카니발,2019,MPV/미니밴
2018-06-12,기아,카니발,2019,MPV/미니밴
2018-06-12,기아,카니발,2019,MPV/미니밴
2018-06-12,기아,카니발,2019,MPV/미니밴
2018-06-14,현대자동차,싼타페,2002,SUV
2018-06-14,기아,카니발,2019,MPV/미니밴
2018-06-14,현대자동차,싼타페(SANTAFE),2019,SUV
2018-06-14,기아,카니발,2016,MPV/미니밴
2018-06-14,르노코리아,QM3,2018,SUV
2018-06-14,기아,카니발,2019,MPV/미니밴
2018-06-14,현대자동차,싼타페(SANTAFE),2019,SUV
2018-06-14,현대자동차,싼타페(SANTAFE),2014,SUV
2018-06-14,현대자동차,싼타페(SANTAFE),2019,SUV
2018-06-15,KG 모빌리티,렉스턴,2015,SUV
2018-06-15,현대자동차,그랜드 스타렉스(GRAND STAREX),2012,MPV/미니밴
2018-06-15,현대자동차,싼타페(SANTAFE),2019,SUV
2018-06-15,현대자동차,그랜드 스타렉스(GRAND STAREX),2017,MPV/미니밴
2018-06-15,기아,카니발,2019,MPV/미니밴
2018-06-15,현대자동차,싼타페(SANTAFE),2014,SUV
2018-06-15,현대자동차,싼타페(SANTAFE),2019,SUV
2018-06-18,혼다코리아,ODYSSEY,2016,MPV/미니밴
2018-06-18,기아,쏘렌토,2017,SUV
2018-06-18,기아,쏘렌토,2016,SUV
2018-06-18,현대자동차,싼타페(SANTAFE),2019,SUV
2018-06-18,현대자동차,싼타페(SANTAFE),2019,SUV
2018-06-18,KG 모빌리티,티볼리,2018,SUV
2018-06-18,기아,쏘렌토,2016,SUV
2018-06-19,기아,스포티지,2014,SUV
2018-06-19,기아,스포티지,2005,SUV
2018-06-19,기아,스포티지,2016,SUV
2018-06-20,기아,카니발,2006,MPV/미니밴
2018-06-20,기아,쏘렌토,2018,SUV
2018-06-20,기아,쏘렌토,2014,SUV
2018-06-20,기아,스포티지,2013,SUV
2018-06-20,기아,카니발,2016,MPV/미니밴
2018-06-21,기아,스포티지,2015,SUV
2018-06-21,기아,그랜드카니발,2006,MPV/미니밴
2018-06-21,기아,카니발,2019,MPV/미니밴
2018-06-21,기아,카니발,2019,MPV/미니밴
2018-06-21,기아,쏘렌토,2018,SUV
2018-06-21,기아,스포티지,2014,SUV
2018-06-22,기아,카니발,2015,MPV/미니밴
2018-06-22,기아,카니발,2019,MPV/미니밴
2018-06-22,기아,카니발,2015,MPV/미니밴
2018-06-25,기아,그랜드 카니발,2006,MPV/미니밴
2018-06-25,기아,카니발,2015,MPV/미니밴
2018-06-25,기아,쏘렌토,2015,SUV
2018-06-25,기아,쏘렌토,2010,SUV
2018-06-26,현대자동차,싼타페(SANTAFE),2013,SUV
2018-06-27,KG 모빌리티,티볼리 에어,2017,SUV
2018-06-27,기아,카니발,2018,MPV/미니밴
2018-06-27,기아,스포티지,2005,SUV
2018-06-27,기아,카렌스,2007,MPV/미니밴
2018-06-28,현대자동차,싼타페(SANTAFE),2019,SUV
2018-06-28,현대자동차,투싼(TUCSON),2016,SUV
2018-06-29,기아,카니발,2019,MPV/미니밴
2018-06-29,기아,쏘렌토,2018,SUV
2018-06-29,기아,쏘렌토,2018,SUV
2018-06-29,현대자동차,싼타페(SANTAFE),2014,SUV
2018-07-02,현대자동차,투싼(TUCSON),2006,SUV
2018-07-03,현대자동차,싼타페(SANTAFE),2018,SUV
2018-07-03,현대자동차,싼타페(SANTAFE),2019,SUV
2018-07-03,기아,쏘렌토,2019,SUV
2018-07-03,르노코리아,QM6,2017,SUV
2018-07-03,기아,스포티지,2005,SUV
2018-07-03,현대자동차,싼타페(SANTAFE),2016,SUV
2018-07-03,기아,스포티지,2018,SUV
2018-07-03,현대자동차,투싼(TUCSON),2018,SUV
2018-07-04,현대자동차,싼타페(SANTAFE),2013,SUV
2018-07-04,기아,카렌스,2007,MPV/미니밴
2018-07-04,기아,쏘렌토,2019,SUV
2018-07-05,기아,카니발,2016,MPV/미니밴
2018-07-05,현대자동차,싼타페(SANTAFE),2014,SUV
2018-07-05,기아,카니발,2016,MPV/미니밴
2018-07-05,현대자동차,싼타페(SANTAFE),2019,SUV
2018-07-06,기아,쏘렌토,2014,SUV
2018-07-06,현대자동차,싼타페(SANTAFE),2019,SUV
2018-07-06,현대자동차,싼타페(SANTAFE),2013,SUV
2018-07-06,현대자동차,싼타페(SANTAFE),2019,SUV
2018-07-09,기아,카니발,2006,MPV/미니밴
2018-07-10,기아,모하비,2011,SUV
2018-07-11,기아,카니발,2015,MPV/미니밴
2018-07-11,현대자동차,싼타페(SANTAFE),2005,SUV
2018-07-12,현대자동차,싼타페(SANTAFE),2016,SUV
2018-07-12,현대자동차,싼타페(SANTAFE),2015,SUV
2018-07-13,현대자동차,싼타페(SANTAFE),2019,SUV
2018-07-13,기아,그랜드 카니발,2006,MPV/미니밴
2018-07-16,현대자동차,싼타페(SANTAFE),2013,SUV
2018-07-16,기아,쏘렌토,2013,SUV
2018-07-16,현대자동차,싼타페(SANTAFE),2014,SUV
2018-07-16,기아,카니발,2019,MPV/미니밴
2018-07-17,기아,스포티지,2016,SUV
2018-07-17,기아,쏘렌토,2019,SUV
2018-07-17,기아,쏘렌토,2019,SUV
2018-07-18,현대자동차,투싼(TUCSON),2004,SUV
2018-07-19,현대자동차,싼타페(SANTAFE),2019,SUV
2018-07-19,기아,카니발,2019,MPV/미니밴
2018-07-19,현대자동차,싼타페(SANTAFE),2016,SUV
2018-07-19,기아,쏘렌토,2019,SUV
2018-07-20,기아,쏘렌토,2019,SUV
2018-07-20,BMW,BMW X5 3.0d,2008,SUV
2018-07-20,현대자동차,싼타페(SANTAFE),2019,SUV
2018-07-23,기아,스포티지,2017,SUV
2018-07-23,기아,카니발,2015,MPV/미니밴
2018-07-23,르노코리아,QM6,2018,SUV
2018-07-23,기아,카니발,2008,MPV/미니밴
2018-07-24,기아,그랜드 카니발,2006,MPV/미니밴
2018-07-24,르노코리아,QM6,2017,SUV
2018-07-25,기아,카니발,2017,MPV/미니밴
2018-07-25,기아,카니발,2015,MPV/미니밴
2018-07-25,현대자동차,싼타페(SANTAFE),2013,SUV
2018-07-26,BMW,BMW X5 3.0d,2007,SUV
2018-07-26,기아,카니발,2015,MPV/미니밴
2018-07-26,기아,스포티지,2016,SUV
2018-07-30,현대자동차,투싼(TUCSON),2007,SUV
2018-07-30,현대자동차,싼타페(SANTAFE),2014,SUV
2018-07-30,현대자동차,싼타페(SANTAFE),2013,SUV
2018-07-30,현대자동차,싼타페(SANTAFE),2013,SUV
2018-07-30,BMW,BMW X5 M50d,2016,SUV
2018-07-31,현대자동차,싼타페(SANTAFE),2013,SUV
2018-07-31,기아,카렌스,2010,MPV/미니밴
2018-07-31,기아,쏘렌토,2014,SUV
2018-07-31,현대자동차,투싼(TUCSON),2007,SUV
2018-08-01,KG 모빌리티,티볼리,2016,SUV
2018-08-01,기아,카니발,2015,MPV/미니밴
2018-08-01,기아,모하비,2018,SUV
2018-08-02,재규어랜드로버,재규어 F-PACE 20d,2017,SUV
2018-08-02,기아,쏘렌토,2016,SUV
2018-08-02,현대자동차,투싼(TUCSON),2005,SUV
2018-08-03,혼다코리아,CR-V 4WD,2007,SUV
2018-08-03,BMW,BMW X5 3.0d,2007,SUV
2018-08-03,혼다코리아,CR-V 4WD,2010,SUV
2018-08-03,기아,카니발,2015,MPV/미니밴
2018-08-03,BMW,BMW X5 xDrive40d,2012,SUV
2018-08-03,혼다코리아,CR-V 4WD,2007,SUV
2018-08-03,현대자동차,싼타페(SANTAFE),2015,SUV
2018-08-06,혼다코리아,CR-V 4WD,2008,SUV
2018-08-06,기아,카니발,2015,MPV/미니밴
2018-08-06,혼다코리아,CR-V 4WD,2008,SUV
2018-08-07,현대자동차,싼타페(SANTAFE),2019,SUV
2018-08-07,혼다코리아,CR-V 4WD,2008,SUV
2018-08-07,혼다코리아,CR-V 2WD,2007,SUV
2018-08-07,현대자동차,싼타페(SANTAFE),2015,SUV
2018-08-07,혼다코리아,CR-V 4WD,2017,SUV
2018-08-07,혼다코리아,CR-V 4WD,2017,SUV
2018-08-07,혼다코리아,CR-V 4WD,2017,SUV
2018-08-07,혼다코리아,CR-V 4WD,2017,SUV
2018-08-07,혼다코리아,CR-V 4WD,2007,SUV
2018-08-08,기아,니로 하이브리드,2018,SUV
2018-08-08,혼다코리아,CR-V 4WD,2010,SUV
2018-08-08,혼다코리아,CR-V 4WD,2007,SUV
2018-08-08,혼다코리아,CR-V 4WD,2017,SUV
2018-08-08,기아,니로 하이브리드,2018,SUV
2018-08-08,기아,니로 하이브리드,2018,SUV
2018-08-08,혼다코리아,CR-V 4WD,2007,SUV
2018-08-08,혼다코리아,CR-V 4WD,2017,SUV
2018-08-08,혼다코리아,CR-V 4WD,2017,SUV
2018-08-08,혼다코리아,CR-V 4WD,2017,SUV
2018-08-08,기아,니로 하이브리드,2018,SUV
2018-08-09,혼다코리아,CR-V 4WD,2017,SUV
2018-08-09,기아,카니발,2019,MPV/미니밴
2018-08-09,기아,모하비,2018,SUV
2018-08-09,기아,그랜드 카니발,2012,MPV/미니밴
2018-08-09,르노코리아,QM6,2018,SUV
2018-08-09,르노코리아,QM6,2018,SUV
2018-08-09,혼다코리아,CR-V 4WD,2017,SUV
2018-08-09,혼다코리아,CR-V 4WD,2017,SUV
2018-08-09,혼다코리아,CR-V 4WD,2007,SUV
2018-08-10,기아,모하비,2018,SUV
2018-08-10,혼다코리아,CR-V 4WD,2008,SUV
2018-08-10,기아,카니발,2015,MPV/미니밴
2018-08-10,기아,스포티지,2017,SUV
2018-08-10,르노코리아,QM3,2016,SUV
2018-08-10,르노코리아,QM3,2016,SUV
2018-08-10,기아,카니발,2015,MPV/미니밴
2018-08-13,KG 모빌리티,렉스턴,2013,SUV
2018-08-13,기아,쏘렌토,2016,SUV
2018-08-13,르노코리아,QM3,2018,SUV
2018-08-13,현대자동차,싼타페(SANTAFE),2019,SUV
2018-08-13,기아,카니발,2015,MPV/미니밴
2018-08-13,KG 모빌리티,렉스턴,2011,SUV
2018-08-13,현대자동차,싼타페(SANTAFE),2013,SUV
2018-08-14,현대자동차,그랜드 스타렉스(GRAND STAREX),2016,MPV/미니밴
2018-08-14,기아,쏘렌토,2019,SUV
2018-08-14,기아,카니발,2015,MPV/미니밴
2018-08-14,르노코리아,QM3,2014,SUV
2018-08-14,르노코리아,QM3,2014,SUV
2018-08-14,르노코리아,QM3,2017,SUV
2018-08-16,KG 모빌리티,렉스턴,2012,SUV
2018-08-16,현대자동차,싼타페(SANTAFE),2015,SUV
2018-08-16,혼다코리아,CR-V 4WD,2008,SUV
2018-08-16,기아,쏘렌토,2016,SUV
2018-08-16,혼다코리아,CR-V 4WD,2017,SUV
2018-08-20,현대자동차,싼타페(SANTAFE),2019,SUV
2018-08-20,현대자동차,싼타페(SANTAFE),2008,SUV
2018-08-20,혼다코리아,CR-V 4WD,2017,SUV
2018-08-20,혼다코리아,CR-V 4WD,2017,SUV
2018-08-21,기아,쏘렌토,2018,SUV
2018-08-21,현대자동차,투싼(TUCSON),2017,SUV
2018-08-21,혼다코리아,CR-V 4WD,2017,SUV
2018-08-22,포드,Explorer 2.3 AWD,2017,SUV
2018-08-22,KG 모빌리티,티볼리,2015,SUV
2018-08-22,기아,스포티지,2005,SUV
2018-08-23,혼다코리아,CR-V 4WD,2007,SUV
2018-08-23,기아,카니발,2018,MPV/미니밴
2018-08-23,기아,그랜드 카니발,2006,MPV/미니밴
2018-08-23,기아,카니발,2018,MPV/미니밴
2018-08-24,혼다코리아,CR-V 4WD,2007,SUV
2018-08-27,기아,스포티지,2016,SUV
2018-08-27,기아,스포티지,2011,SUV
2018-08-28,현대자동차,투싼(TUCSON),2006,SUV
2018-08-28,르노코리아,QM3,2014,SUV
2018-08-28,기아,쏘렌토,2018,SUV
2018-08-28,기아,쏘렌토,2015,SUV
2018-08-28,혼다코리아,CR-V 4WD,2007,SUV
2018-08-29,재규어랜드로버,재규어 F-PACE 20d,2018,SUV
2018-08-29,기아,쏘렌토 GLS,2003,SUV
2018-08-29,기아,쏘렌토,2019,SUV
2018-08-29,혼다코리아,CR-V 4WD,2017,SUV
2018-08-30,기아,스포티지,2016,SUV
2018-08-30,기아,쏘렌토,2015,SUV
2018-08-30,현대자동차,싼타페(SANTAFE),2012,SUV
2018-08-30,현대자동차,싼타페(SANTAFE),2013,SUV
2018-08-30,현대자동차,싼타페(SANTAFE),2019,SUV
2018-08-30,기아,카렌스,2007,MPV/미니밴
2018-08-30,현대자동차,싼타페(SANTAFE),2005,SUV
2018-08-30,르노코리아,QM6,2017,SUV
2018-08-30,혼다코리아,CR-V 4WD,2017,SUV
2018-08-30,혼다코리아,CR-V 4WD,2017,SUV
2018-08-31,기아,쏘렌토,2019,SUV
2018-08-31,KG 모빌리티,티볼리,2016,SUV
2018-08-31,기아,스포티지,2018,SUV
2018-08-31,기아,카니발,2016,MPV/미니밴
2018-08-31,혼다코리아,CR-V 4WD,2017,SUV
2018-08-31,기아,카니발,2015,MPV/미니밴
2018-09-03,기아,스포티지,2011,SUV
2018-09-03,현대자동차,싼타페,2002,SUV
2018-09-03,기아,카니발,2015,MPV/미니밴
2018-09-03,혼다코리아,CR-V 4WD,2017,SUV
2018-09-04,KG 모빌리티,렉스턴,2014,SUV
2018-09-04,기아,쏘렌토,2007,SUV
2018-09-04,현대자동차,코나 일렉트릭 (KONA ELECTRIC),2019,SUV
2018-09-04,현대자동차,투싼(TUCSON),2006,SUV
2018-09-04,기아,쏘렌토,2007,SUV
2018-09-05,기아,그랜드카니발,2006,MPV/미니밴
2018-09-05,포드,Explorer 2.3 AWD,2017,SUV
2018-09-05,르노코리아,QM3,2015,SUV
2018-09-06,현대자동차,싼타페(SANTAFE),2008,SUV
2018-09-06,기아,쏘렌토,2018,SUV
2018-09-06,현대자동차,싼타페(SANTAFE),2013,SUV
2018-09-07,기아,카니발,2015,MPV/미니밴
2018-09-07,KG 모빌리티,렉스턴,2011,SUV
2018-09-07,현대자동차,싼타페(SANTAFE),2019,SUV
2018-09-07,기아,카니발,2015,MPV/미니밴
2018-09-07,현대자동차,싼타페(SANTAFE),2017,SUV
2018-09-10,기아,카니발,2015,MPV/미니밴
2018-09-10,기아,쏘렌토,2018,SUV
2018-09-10,현대자동차,투싼(TUCSON),2006,SUV
2018-09-10,KG 모빌리티,티볼리 에어,2017,SUV
2018-09-10,혼다코리아,CR-V 4WD,2017,SUV
2018-09-10,기아,스포티지,2017,SUV
2018-09-11,KG 모빌리티,티볼리 에어,2017,SUV
2018-09-12,기아,쏘렌토,2019,SUV
2018-09-12,혼다코리아,CR-V 4WD,2010,SUV
2018-09-13,기아,카니발,2015,MPV/미니밴
2018-09-13,기아,카렌스,2007,MPV/미니밴
2018-09-14,현대자동차,싼타페(SANTAFE),2013,SUV
2018-09-17,기아,니로 하이브리드,2017,SUV
2018-09-17,기아,카니발,2016,MPV/미니밴
2018-09-17,기아,카니발,2015,MPV/미니밴
2018-09-17,현대자동차,투싼(TUCSON),2006,SUV
2018-09-18,현대자동차,싼타페(SANTAFE),2004,SUV
2018-09-18,BMW,BMW X5 xDrive30d,2018,SUV
2018-09-18,기아,그랜드 카니발,2008,MPV/미니밴
2018-09-20,현대자동차,투싼(TUCSON),2016,SUV
2018-09-20,현대자동차,그랜드 스타렉스(GRAND STAREX),2012,MPV/미니밴
2018-09-21,KG 모빌리티,렉스턴,2002,SUV
2018-09-21,기아,카니발,2010,MPV/미니밴
2018-09-21,르노코리아,QM3,2014,SUV
2018-09-27,기아,스포티지,2016,SUV
2018-09-27,기아,쏘렌토,2019,SUV
2018-09-27,현대자동차,투싼(TUCSON),2016,SUV
2018-09-27,현대자동차,투싼(TUCSON),2004,SUV
2018-09-28,현대자동차,투싼(TUCSON),2016,SUV
2018-09-28,기아,카니발,2019,MPV/미니밴
2018-10-01,현대자동차,투싼(TUCSON),2005,SUV
2018-10-02,기아,쏘렌토,2018,SUV
2018-10-02,혼다코리아,CR-V 4WD,2017,SUV
2018-10-02,기아,카니발,2019,MPV/미니밴
2018-10-02,기아,쏘렌토,2018,SUV
2018-10-02,기아,카니발,2015,MPV/미니밴
2018-10-02,기아,카니발,2015,MPV/미니밴
2018-10-04,KG 모빌리티,티볼리 에어,2018,SUV
2018-10-05,기아,카니발,2015,MPV/미니밴
2018-10-05,기아,카니발,2015,MPV/미니밴
2018-10-05,KG 모빌리티,렉스턴스포츠,2019,SUV
2018-10-10,KG 모빌리티,G4 렉스턴,2018,SUV
2018-10-10,기아,쏘렌토,2015,SUV
2018-10-10,재규어랜드로버,재규어 F-PACE 20d,2017,SUV
2018-10-10,기아,카니발,2016,MPV/미니밴
2018-10-11,르노코리아,QM6,2019,SUV
2018-10-12,기아,니로 EV,2019,SUV
2018-10-12,기아,니로 EV,2019,SUV
2018-10-12,KG 모빌리티,티볼리 에어,2018,SUV
2018-10-15,현대자동차,싼타페(SANTAFE),2014,SUV
2018-10-15,현대자동차,싼타페(SANTAFE),2013,SUV
2018-10-15,KG 모빌리티,G4 렉스턴,2019,SUV
2018-10-15,기아,니로 EV,2019,SUV
2018-10-15,KG 모빌리티,티볼리,2015,SUV
2018-10-15,기아,카렌스,2007,MPV/미니밴
2018-10-16,KG 모빌리티,G4 렉스턴,2018,SUV
2018-10-16,현대자동차,투싼(TUCSON),2010,SUV
2018-10-16,혼다코리아,CR-V 4WD,2017,SUV
2018-10-17,기아,스포티지,2015,SUV
2018-10-17,BMW,BMW X5 xDrive30d,2018,SUV
2018-10-17,르노코리아,QM3,2015,SUV
2018-10-17,현대자동차,싼타페(SANTAFE),2005,SUV
2018-10-17,기아,니로 하이브리드,2017,SUV
2018-10-18,현대자동차,스타렉스(STAREX),2005,MPV/미니밴
2018-10-18,혼다코리아,CR-V 4WD,2017,SUV
2018-10-19,기아,스포티지,2005,SUV
2018-10-19,기아,스포티지,2013,SUV
2018-10-19,기아,쏘렌토,2019,SUV
2018-10-22,현대자동차,스타렉스(STAREX),2007,MPV/미니밴
2018-10-22,기아,쏘렌토,2014,SUV
2018-10-22,현대자동차,싼타페(SANTAFE),2013,SUV
2018-10-23,현대자동차,싼타페(SANTAFE),2016,SUV
2018-10-23,KG 모빌리티,렉스턴스포츠,2019,SUV
2018-10-23,기아,카니발,2016,MPV/미니밴
2018-10-24,기아,스포티지,2014,SUV
2018-10-24,현대자동차,싼타페,2002,SUV
2018-10-24,현대자동차,투싼(TUCSON),2004,SUV
2018-10-25,기아,쏘렌토,2010,SUV
2018-10-25,기아,카니발,2015,MPV/미니밴
2018-10-25,기아,카니발,2015,MPV/미니밴
2018-10-25,현대자동차,싼타페(SANTAFE),2015,SUV
2018-10-25,현대자동차,싼타페(SANTAFE),2013,SUV
2018-10-26,현대자동차,투싼(TUCSON),2006,SUV
2018-10-29,현대자동차,스타렉스(STAREX),2006,MPV/미니밴
2018-10-29,기아,쏘렌토,2015,SUV
2018-10-30,현대자동차,싼타페(SANTAFE),2016,SUV
2018-10-30,기아,쏘렌토,2019,SUV
2018-10-31,현대자동차,싼타페(SANTAFE),2013,SUV
2018-11-01,현대자동차,싼타페(SANTAFE),2004,SUV
2018-11-05,현대자동차,투싼(TUCSON),2011,SUV
2018-11-05,현대자동차,그랜드 스타렉스(GRAND STAREX),2017,MPV/미니밴
2018-11-05,르노코리아,QM3,2016,SUV
2018-11-05,기아,니로 EV,2019,SUV
2018-11-06,기아,스포티지,2012,SUV
2018-11-07,기아,카니발,2019,MPV/미니밴
2018-11-07,현대자동차,스타렉스(STAREX),2007,MPV/미니밴
2018-11-07,기아,니로 EV,2019,SUV
2018-11-08,기아,쏘렌토,2017,SUV
2018-11-08,현대자동차,싼타페,2000,SUV
2018-11-09,기아,쏘렌토,2015,SUV
2018-11-09,기아,니로 EV,2019,SUV
2018-11-12,기아,카니발,2016,MPV/미니밴
2018-11-12,현대자동차,투싼(TUCSON),2005,SUV
2018-11-12,르노코리아,QM6,2018,SUV
2018-11-13,기아,스포티지,2011,SUV
2018-11-13,KG 모빌리티,렉스턴,2013,SUV
2018-11-14,현대자동차,싼타페(SANTAFE),2004,SUV
2018-11-14,현대자동차,스타렉스(STAREX),2007,MPV/미니밴
2018-11-15,KG 모빌리티,티볼리,2018,SUV
2018-11-16,KG 모빌리티,렉스턴,2013,SUV
2018-11-16,기아,카니발,2017,MPV/미니밴
2018-11-19,기아,모하비,2018,SUV
2018-11-19,르노코리아,QM3,2015,SUV
2018-11-19,기아,카니발,2015,MPV/미니밴
2018-11-19,기아,카렌스,2007,MPV/미니밴
2018-11-20,기아,카니발,2019,MPV/미니밴
2018-11-20,현대자동차,싼타페,2001,SUV
2018-11-20,KG 모빌리티,렉스턴스포츠,2019,SUV
2018-11-20,기아,쏘렌토,2018,SUV
2018-11-20,기아,쏘렌토,2018,SUV
2018-11-21,기아,쏘렌토,2014,SUV
2018-11-21,르노코리아,QM3,2014,SUV
2018-11-21,현대자동차,싼타페(SANTAFE),2013,SUV
2018-11-22,현대자동차,싼타페(SANTAFE),2003,SUV
2018-11-22,기아,니로 하이브리드,2017,SUV
2018-11-22,현대자동차,싼타페(SANTAFE),2008,SUV
2018-11-23,기아,스포티지,2013,SUV
2018-11-23,르노코리아,QM3,2016,SUV
2018-11-23,현대자동차,싼타페(SANTAFE),2014,SUV
2018-11-23,현대자동차,싼타페(SANTAFE),2013,SUV
2018-11-23,기아,쏘렌토,2014,SUV
2018-11-26,기아,카니발,2019,MPV/미니밴
2018-11-26,기아,카니발,2019,MPV/미니밴
2018-11-26,기아,카니발,2019,MPV/미니밴
2018-11-27,기아,카니발,2015,MPV/미니밴
2018-11-27,현대자동차,싼타페(SANTAFE),2005,SUV
2018-11-27,기아,니로 하이브리드,2018,SUV
2018-11-27,현대자동차,투싼(TUCSON),2004,SUV
2018-11-28,기아,카니발,2015,MPV/미니밴
2018-11-28,메르세데스 벤츠,GLC350 e 4Matic,2018,SUV
2018-11-28,KG 모빌리티,티볼리,2016,SUV
2018-11-29,르노코리아,QM6,2017,SUV
2018-11-29,르노코리아,QM6,2017,SUV
2018-11-30,기아,스포티지,2017,SUV
2018-12-03,기아,니로 하이브리드,2018,SUV
2018-12-04,BMW,BMW X5 xDrive50i,2011,SUV
2018-12-05,현대자동차,싼타페(SANTAFE),2016,SUV
2018-12-05,기아,니로 하이브리드,2018,SUV
2018-12-05,기아,니로 하이브리드,2017,SUV
2018-12-05,현대자동차,싼타페(SANTAFE),2013,SUV
2018-12-06,기아,모하비,2017,SUV
2018-12-06,현대자동차,투싼(TUCSON),2012,SUV
2018-12-07,메르세데스 벤츠,GLK220 CDI 4Matic,2011,SUV
2018-12-10,기아,니로 EV,2019,SUV
2018-12-10,기아,니로 EV,2019,SUV
2018-12-10,기아,니로 EV,2019,SUV
2018-12-10,기아,니로 EV,2019,SUV
2018-12-10,기아,니로 EV,2019,SUV
2018-12-10,기아,니로 EV,2019,SUV
2018-12-10,기아,니로 EV,2019,SUV
2018-12-10,현대자동차,싼타페(SANTAFE),2014,SUV
2018-12-10,기아,니로 EV,2019,SUV
2018-12-10,기아,니로 EV,2019,SUV
2018-12-10,기아,니로 EV,2019,SUV
2018-12-10,기아,니로 EV,2019,SUV
2018-12-10,기아,니로 EV,2019,SUV
2018-12-10,기아,니로 EV,2019,SUV
2018-12-10,기아,니로 EV,2019,SUV
2018-12-10,기아,니로 EV,2019,SUV
2018-12-10,KG 모빌리티,렉스턴스포츠,2019,SUV
2018-12-10,기아,니로 EV,2019,SUV
2018-12-10,기아,니로 EV,2019,SUV
2018-12-10,기아,니로 EV,2019,SUV
2018-12-10,기아,니로 EV,2019,SUV
2018-12-10,현대자동차,싼타페(SANTAFE),2019,SUV
2018-12-10,기아,니로 EV,2019,SUV
2018-12-10,기아,니로 EV,2019,SUV
2018-12-10,기아,니로 EV,2019,SUV
2018-12-10,기아,니로 EV,2019,SUV
2018-12-10,기아,니로 EV,2019,SUV
2018-12-10,기아,쏘렌토,2018,SUV
2018-12-10,현대자동차,싼타페(SANTAFE),2014,SUV
2018-12-11,현대자동차,스타렉스(STAREX),2004,MPV/미니밴
2018-12-11,기아,스포티지,2018,SUV
2018-12-11,현대자동차,투싼(TUCSON),2007,SUV
2018-12-11,기아,니로 EV,2019,SUV
2018-12-11,기아,니로 EV,2019,SUV
2018-12-11,기아,니로 EV,2019,SUV
2018-12-11,기아,니로 EV,2019,SUV
2018-12-11,기아,니로 EV,2019,SUV
2018-12-12,현대자동차,싼타페(SANTAFE),2013,SUV
2018-12-12,현대자동차,투싼(TUCSON),2017,SUV
2018-12-13,기아,니로 하이브리드,2017,SUV
2018-12-13,기아,니로 EV,2019,SUV
2018-12-13,현대자동차,투싼(TUCSON),2007,SUV
2018-12-13,현대자동차,싼타페(SANTAFE),2014,SUV
2018-12-13,현대자동차,투싼(TUCSON),2007,SUV
2018-12-13,기아,니로 하이브리드,2017,SUV
2018-12-14,현대자동차,투싼(TUCSON),2005,SUV
2018-12-14,KG 모빌리티,렉스턴스포츠,2019,SUV
2018-12-14,현대자동차,스타렉스(STAREX),2004,MPV/미니밴
2018-12-14,KG 모빌리티,티볼리 에어,2019,SUV
2018-12-14,르노코리아,QM3,2016,SUV
2018-12-17,기아,니로 하이브리드,2017,SUV
2018-12-17,KG 모빌리티,G4 렉스턴,2019,SUV
2018-12-17,현대자동차,투싼(TUCSON),2017,SUV
2018-12-17,현대자동차,싼타페(SANTAFE),2016,SUV
2018-12-17,기아,쏘렌토,2018,SUV
2018-12-17,기아,니로 하이브리드,2017,SUV
2018-12-17,기아,니로 하이브리드,2017,SUV
2018-12-17,기아,쏘렌토,2019,SUV
2018-12-18,기아,쏘렌토,2015,SUV
2018-12-18,현대자동차,투싼(TUCSON),2019,SUV
2018-12-18,르노코리아,QM6,2017,SUV
2018-12-18,기아,쏘렌토,2019,SUV
2018-12-19,기아,카렌스,2006,MPV/미니밴
2018-12-19,현대자동차,코나 일렉트릭 (KONA ELECTRIC),2019,SUV
2018-12-19,기아,니로 하이브리드,2018,SUV
2018-12-19,볼보,볼보 XC90D5 AWD,2019,SUV
2018-12-19,볼보,볼보 XC90D5 AWD,2019,SUV
2018-12-20,기아,니로 EV,2019,SUV
2018-12-20,기아,쏘렌토,2015,SUV
2018-12-20,기아,쏘렌토,2018,SUV
2018-12-21,기아,카렌스,2007,MPV/미니밴
2018-12-21,기아,스포티지,2016,SUV
2018-12-21,현대자동차,싼타페(SANTAFE),2005,SUV
2018-12-24,기아,카렌스,2007,MPV/미니밴
2018-12-24,기아,카니발,2015,MPV/미니밴
2018-12-24,기아,스포티지,2016,SUV
2018-12-24,KG 모빌리티,G4 렉스턴,2019,SUV
2018-12-26,르노코리아,QM6,2018,SUV
2018-12-26,현대자동차,싼타페(SANTAFE),2019,SUV
2018-12-27,현대자동차,싼타페(SANTAFE),2019,SUV
2018-12-27,르노코리아,QM3,2015,SUV
2018-12-27,기아,니로 하이브리드,2018,SUV
2018-12-28,르노코리아,QM6,2018,SUV
2018-12-28,르노코리아,QM6,2019,SUV
2018-12-28,기아,모하비,2017,SUV
2018-12-28,르노코리아,QM6,2018,SUV
2018-12-31,르노코리아,QM3,2016,SUV
2018-12-31,KG 모빌리티,G4 렉스턴,2019,SUV
2018-12-31,기아,쏘렌토,2014,SUV
2018-12-31,기아,그랜드 카니발,2012,MPV/미니밴
2018-12-31,기아,그랜드 카니발,2012,MPV/미니밴
2018-12-31,기아,쏘렌토,2019,SUV
2018-12-31,기아,카렌스,2014,MPV/미니밴
2015-01-02,기아,쏘렌토,2010,SUV
2015-01-02,기아,카니발,2015,MPV/미니밴
2015-01-05,현대자동차,그랜드 스타렉스(GRAND STAREX),2012,MPV/미니밴
2015-01-05,현대자동차,투싼(TUCSON),2012,SUV
2015-01-05,기아,카니발,2015,MPV/미니밴
2015-01-05,기아,쏘렌토,2011,SUV
2015-01-05,기아,카니발,2015,MPV/미니밴
2015-01-05,기아,쏘렌토,2015,SUV
2015-01-05,현대자동차,싼타페(SANTAFE),2015,SUV
2015-01-06,기아,쏘렌토,2012,SUV
2015-01-06,르노코리아,QM3,2014,SUV
2015-01-06,르노코리아,QM3,2014,SUV
2015-01-07,기아,그랜드카니발,2006,MPV/미니밴
2015-01-07,르노코리아,QM3,2014,SUV
2015-01-07,기아,스포티지,2005,SUV
2015-01-09,현대자동차,싼타페(SANTAFE),2015,SUV
2015-01-09,기아,스포티지,2005,SUV
2015-01-09,현대자동차,투싼(TUCSON),2006,SUV
2015-01-12,현대자동차,투싼(TUCSON),2004,SUV
2015-01-12,기아,스포티지,2012,SUV
2015-01-12,기아,카니발,2015,MPV/미니밴
2015-01-12,현대자동차,투싼(TUCSON),2015,SUV
2015-01-12,기아,쏘렌토,2011,SUV
2015-01-12,기아,쏘렌토,2015,SUV
2015-01-13,르노코리아,QM5,2014,SUV
2015-01-13,기아,스포티지,2012,SUV
2015-01-13,기아,모하비,2008,SUV
2015-01-13,기아,모하비,2014,SUV
2015-01-13,기아,카니발,2015,MPV/미니밴
2015-01-13,기아,쏘렌토,2010,SUV
2015-01-13,르노코리아,QM3,2014,SUV
2015-01-14,르노코리아,QM3,2014,SUV
2015-01-14,기아,카니발,2006,MPV/미니밴
2015-01-15,현대자동차,싼타페(SANTAFE),2013,SUV
2015-01-15,기아,쏘렌토,2011,SUV
2015-01-15,기아,카니발,2006,MPV/미니밴
2015-01-16,현대자동차,그랜드스타렉스(GRAND STAREX),2008,MPV/미니밴
2015-01-16,기아,스포티지,2013,SUV
2015-01-16,기아,스포티지,2012,SUV
2015-01-19,기아,스포티지,2014,SUV
2015-01-19,기아,쏘렌토,2011,SUV
2015-01-19,KG 모빌리티,렉스턴,2009,SUV
2015-01-19,기아,쏘렌토,2011,SUV
2015-01-20,현대자동차,그랜드 스타렉스(GRAND STAREX),2011,MPV/미니밴
2015-01-21,르노코리아,QM3,2014,SUV
2015-01-21,르노코리아,QM3,2014,SUV
2015-01-21,기아,쏘렌토,2010,SUV
2015-01-22,기아,쏘렌토,2015,SUV
2015-01-22,현대자동차,그랜드 스타렉스(GRAND STAREX),2015,MPV/미니밴
2015-01-22,기아,스포티지,2011,SUV
2015-01-22,기아,쏘렌토,2007,SUV
2015-01-23,기아,카니발,2015,MPV/미니밴
2015-01-23,기아,모하비,2008,SUV
2015-01-26,기아,카니발,2015,MPV/미니밴
2015-01-26,현대자동차,투싼(TUCSON),2006,SUV
2015-01-26,기아,카니발,2015,MPV/미니밴
2015-01-26,기아,카니발,2015,MPV/미니밴
2015-01-26,기아,카니발,2015,MPV/미니밴
2015-01-26,기아,카니발,2015,MPV/미니밴
2015-01-26,기아,카니발,2015,MPV/미니밴
2015-01-26,기아,그랜드 카니발,2011,MPV/미니밴
2015-01-27,기아,카니발,2015,MPV/미니밴
2015-01-27,기아,카니발,2015,MPV/미니밴
2015-01-27,기아,모하비,2014,SUV
2015-01-27,기아,카니발,2015,MPV/미니밴
2015-01-28,기아,카니발,2015,MPV/미니밴
2015-01-28,기아,쏘렌토,2014,SUV
2015-01-28,기아,카니발,2015,MPV/미니밴
2015-01-28,기아,카니발,2015,MPV/미니밴
2015-01-29,현대자동차,투싼(TUCSON),2012,SUV
2015-01-29,기아,카니발,2015,MPV/미니밴
2015-01-29,KG 모빌리티,렉스턴,2013,SUV
2015-01-29,기아,카니발,2015,MPV/미니밴
2015-01-30,기아,카니발,2015,MPV/미니밴
2015-01-30,기아,카니발,2015,MPV/미니밴
2015-01-30,현대자동차,그랜드 스타렉스(GRAND STAREX),2010,MPV/미니밴
2015-01-30,현대자동차,싼타페(SANTAFE),2010,SUV
2015-01-30,현대자동차,싼타페(SANTAFE),2010,SUV
2015-02-02,현대자동차,싼타페(SANTAFE),2013,SUV
2015-02-02,르노코리아,QM3,2014,SUV
2015-02-02,기아,카니발,2015,MPV/미니밴
2015-02-02,르노코리아,QM3,2014,SUV
2015-02-02,기아,카니발,2015,MPV/미니밴
2015-02-03,기아,카니발,2015,MPV/미니밴
2015-02-03,기아,카니발,2015,MPV/미니밴
2015-02-03,기아,카니발,2015,MPV/미니밴
2015-02-03,기아,카니발,2015,MPV/미니밴
2015-02-03,기아,카니발,2015,MPV/미니밴
2015-02-03,기아,카니발,2015,MPV/미니밴
2015-02-03,기아,카니발,2015,MPV/미니밴
2015-02-03,기아,카니발,2015,MPV/미니밴
2015-02-03,기아,카니발,2015,MPV/미니밴
2015-02-03,기아,카니발,2015,MPV/미니밴
2015-02-03,기아,카니발,2015,MPV/미니밴
2015-02-03,기아,카니발,2015,MPV/미니밴
2015-02-03,기아,카니발,2015,MPV/미니밴
2015-02-03,기아,카니발,2015,MPV/미니밴
2015-02-03,기아,카니발,2015,MPV/미니밴
2015-02-03,기아,카니발,2015,MPV/미니밴
2015-02-03,기아,카니발,2015,MPV/미니밴
2015-02-03,현대자동차,투싼(TUCSON),2010,SUV
2015-02-03,기아,카니발,2015,MPV/미니밴
2015-02-04,기아,쏘렌토,2015,SUV
2015-02-04,기아,카니발,2015,MPV/미니밴
2015-02-04,기아,카니발,2015,MPV/미니밴
2015-02-05,현대자동차,스타렉스(STAREX),2006,MPV/미니밴
2015-02-06,현대자동차,스타렉스(STAREX),2006,MPV/미니밴
2015-02-06,기아,카니발,2015,MPV/미니밴
2015-02-06,기아,카니발,2015,MPV/미니밴
2015-02-06,기아,쏘렌토,2013,SUV
2015-02-06,기아,카니발,2015,MPV/미니밴
2015-02-06,기아,스포티지,2005,SUV
2015-02-06,기아,카니발,2015,MPV/미니밴
2015-02-09,기아,카니발,2015,MPV/미니밴
2015-02-09,기아,카니발,2015,MPV/미니밴
2015-02-09,기아,카니발,2015,MPV/미니밴
2015-02-09,기아,카니발,2015,MPV/미니밴
2015-02-09,기아,스포티지,2012,SUV
2015-02-10,기아,쏘렌토,2011,SUV
2015-02-10,기아,카니발,2015,MPV/미니밴
2015-02-11,현대자동차,싼타페(SANTAFE),2014,SUV
2015-02-11,기아,카니발,2015,MPV/미니밴
2015-02-11,기아,쏘렌토,2015,SUV
2015-02-12,기아,카니발,2015,MPV/미니밴
2015-02-13,기아,그랜드 카니발,2011,MPV/미니밴
2015-02-13,기아,스포티지,2013,SUV
2015-02-16,KG 모빌리티,렉스턴,2014,SUV
2015-02-16,기아,카니발,2015,MPV/미니밴
2015-02-16,르노코리아,QM3,2015,SUV
2015-02-16,현대자동차,싼타페(SANTAFE),2015,SUV
2015-02-17,현대자동차,싼타페(SANTAFE),2013,SUV
2015-02-17,르노코리아,QM3,2015,SUV
2015-02-17,기아,쏘렌토,2010,SUV
2015-02-23,기아,쏘렌토,2012,SUV
2015-02-23,현대자동차,싼타페(SANTAFE),2015,SUV
2015-02-24,기아,쏘렌토,2015,SUV
2015-02-24,현대자동차,싼타페(SANTAFE),2004,SUV
2015-02-25,기아,쏘렌토,2012,SUV
2015-02-25,르노코리아,QM3,2015,SUV
2015-02-25,기아,쏘렌토,2011,SUV
2015-02-26,현대자동차,스타렉스(STAREX),2006,MPV/미니밴
2015-02-26,기아,쏘렌토,2010,SUV
2015-02-27,현대자동차,스타렉스(STAREX),2005,MPV/미니밴
2015-02-27,기아,카니발,2015,MPV/미니밴
2015-02-27,기아,카니발,2015,MPV/미니밴
2015-02-27,기아,카니발,2015,MPV/미니밴
2015-03-02,기아,모하비,2014,SUV
2015-03-02,기아,카니발,2006,MPV/미니밴
2015-03-02,기아,카니발,2015,MPV/미니밴
2015-03-03,기아,카니발,2015,MPV/미니밴
2015-03-04,르노코리아,QM3,2015,SUV
2015-03-04,기아,카니발,2015,MPV/미니밴
2015-03-04,기아,카니발,2015,MPV/미니밴
2015-03-05,토요타,토요타 Sienna 4WD,2014,MPV/미니밴
2015-03-05,기아,카니발,2015,MPV/미니밴
2015-03-09,메르세데스 벤츠,GLK220 CDI 4Matic,2011,SUV
2015-03-09,르노코리아,QM3,2015,SUV
2015-03-09,현대자동차,투싼(TUCSON),2005,SUV
2015-03-10,기아,카니발,2015,MPV/미니밴
2015-03-10,기아,카니발,2015,MPV/미니밴
2015-03-10,기아,스포티지,2014,SUV
2015-03-10,현대자동차,싼타페(SANTAFE),2004,SUV
2015-03-11,기아,카니발,2015,MPV/미니밴
2015-03-11,현대자동차,싼타페(SANTAFE),2015,SUV
2015-03-12,현대자동차,싼타페(SANTAFE),2005,SUV
2015-03-12,기아,카니발,2015,MPV/미니밴
2015-03-12,기아,카니발,2015,MPV/미니밴
2015-03-12,기아,카니발,2015,MPV/미니밴
2015-03-13,현대자동차,투싼(TUCSON),2015,SUV
2015-03-13,기아,그랜드카니발,2006,MPV/미니밴
2015-03-13,기아,그랜드 카니발,2010,MPV/미니밴
2015-03-13,현대자동차,투싼(TUCSON),2010,SUV
2015-03-16,기아,스포티지,2005,SUV
2015-03-16,기아,스포티지,2013,SUV
2015-03-17,기아,스포티지,2007,SUV
2015-03-17,기아,카니발,2015,MPV/미니밴
2015-03-17,기아,모하비,2015,SUV
2015-03-17,기아,쏘렌토,2015,SUV
2015-03-18,현대자동차,싼타페(SANTAFE),2006,SUV
2015-03-18,기아,스포티지,2014,SUV
2015-03-19,기아,그랜드 카니발,2013,MPV/미니밴
2015-03-23,르노코리아,QM5,2015,SUV
2015-03-23,메르세데스 벤츠,GLK220 CDI 4Matic,2010,SUV
2015-03-23,기아,카렌스,2007,MPV/미니밴
2015-03-23,기아,쏘렌토,2015,SUV
2015-03-23,기아,카니발,2015,MPV/미니밴
2015-03-24,르노코리아,QM3,2015,SUV
2015-03-25,기아,쏘렌토,2013,SUV
2015-03-25,KG 모빌리티,렉스턴,2015,SUV
2015-03-27,현대자동차,그랜드 스타렉스(GRAND STAREX),2014,MPV/미니밴
2015-03-27,기아,쏘렌토,2015,SUV
2015-03-27,현대자동차,싼타페(SANTAFE),2015,SUV
2015-03-30,현대자동차,투싼(TUCSON),2014,SUV
2015-03-30,기아,쏘렌토,2015,SUV
2015-03-30,기아,카니발,2015,MPV/미니밴
2015-03-31,기아,쏘렌토,2015,SUV
2015-03-31,기아,쏘렌토,2015,SUV
2015-03-31,기아,쏘렌토,2015,SUV
2015-04-01,르노코리아,QM3,2015,SUV
2015-04-01,BMW,BMW X5 xDrive30d,2011,SUV
2015-04-02,기아,스포티지,2005,SUV
2015-04-03,기아,카니발,2015,MPV/미니밴
2015-04-06,현대자동차,그랜드 스타렉스(GRAND STAREX),2011,MPV/미니밴
2015-04-06,기아,스포티지,2012,SUV
2015-04-06,현대자동차,싼타페(SANTAFE),2015,SUV
2015-04-07,기아,카렌스,2009,MPV/미니밴
2015-04-08,현대자동차,투싼(TUCSON),2005,SUV
2015-04-08,기아,쏘렌토,2014,SUV
2015-04-08,기아,쏘렌토,2011,SUV
2015-04-08,기아,카니발,2015,MPV/미니밴
2015-04-09,기아,쏘렌토,2015,SUV
2015-04-09,현대자동차,그랜드 스타렉스(GRAND STAREX),2011,MPV/미니밴
2015-04-10,기아,카렌스,2008,MPV/미니밴
2015-04-13,기아,카니발,2015,MPV/미니밴
2015-04-13,현대자동차,싼타페,2001,SUV
2015-04-13,기아,쏘렌토,2011,SUV
2015-04-13,현대자동차,싼타페(SANTAFE),2009,SUV
2015-04-14,기아,쏘렌토,2010,SUV
2015-04-14,르노코리아,QM3,2014,SUV
2015-04-14,기아,카니발,2014,MPV/미니밴
2015-04-14,현대자동차,싼타페(SANTAFE),2006,SUV
2015-04-15,현대자동차,투싼(TUCSON),2006,SUV
2015-04-15,현대자동차,투싼(TUCSON),2004,SUV
2015-04-16,기아,모하비,2008,SUV
2015-04-17,현대자동차,싼타페(SANTAFE),2003,SUV
2015-04-17,기아,쏘렌토,2011,SUV
2015-04-20,현대자동차,싼타페(SANTAFE),2005,SUV
2015-04-20,현대자동차,싼타페(SANTAFE),2013,SUV
2015-04-22,현대자동차,싼타페(SANTAFE),2006,SUV
2015-04-22,기아,그랜드 카니발,2012,MPV/미니밴
2015-04-23,현대자동차,싼타페(SANTAFE),2007,SUV
2015-04-23,현대자동차,싼타페(SANTAFE),2007,SUV
2015-04-27,현대자동차,싼타페(SANTAFE),2015,SUV
2015-04-27,르노코리아,QM3,2014,SUV
2015-04-29,현대자동차,스타렉스(STAREX),2004,MPV/미니밴
2015-04-29,기아,스포티지,2013,SUV
2015-04-29,기아,스포티지,2013,SUV
2015-04-30,기아,쏘렌토,2015,SUV
2015-05-06,현대자동차,투싼(TUCSON),2010,SUV
2015-05-06,기아,쏘렌토,2010,SUV
2015-05-06,기아,카렌스 Ⅱ,2003,MPV/미니밴
2015-05-06,현대자동차,투싼(TUCSON),2006,SUV
2015-05-06,기아,스포티지,2012,SUV
2015-05-07,현대자동차,스타렉스(STAREX),2006,MPV/미니밴
2015-05-07,현대자동차,싼타페(SANTAFE),2006,SUV
2015-05-07,현대자동차,그랜드 스타렉스(GRAND STAREX),2015,MPV/미니밴
2015-05-07,현대자동차,투싼(TUCSON),2005,SUV
2015-05-08,기아,카니발,2015,MPV/미니밴
2015-05-11,KG 모빌리티,렉스턴,2015,SUV
2015-05-11,기아,스포티지,2015,SUV
2015-05-11,현대자동차,싼타페(SANTAFE),2013,SUV
2015-05-12,현대자동차,투싼(TUCSON),2013,SUV
2015-05-12,기아,카니발,2015,MPV/미니밴
2015-05-12,기아,모하비,2012,SUV
2015-05-12,기아,쏘렌토,2011,SUV
2015-05-14,르노코리아,QM3,2015,SUV
2015-05-14,기아,카니발,2015,MPV/미니밴
2015-05-15,기아,카렌스,2009,MPV/미니밴
2015-05-18,현대자동차,싼타페(SANTAFE),2004,SUV
2015-05-19,KG 모빌리티,렉스턴,2014,SUV
2015-05-19,현대자동차,싼타페(SANTAFE),2006,SUV
2015-05-19,기아,쏘렌토,2011,SUV
2015-05-19,현대자동차,투싼(TUCSON),2005,SUV
2015-05-20,현대자동차,스타렉스(STAREX),2007,MPV/미니밴
2015-05-20,르노코리아,QM3,2014,SUV
2015-05-20,KG 모빌리티,렉스턴,2011,SUV
2015-05-20,기아,그랜드 카니발,2013,MPV/미니밴
2015-05-20,기아,스포티지,2005,SUV
2015-05-21,현대자동차,싼타페(SANTAFE),2015,SUV
2015-05-21,현대자동차,투싼(TUCSON),2015,SUV
2015-05-22,현대자동차,싼타페(SANTAFE),2006,SUV
2015-05-22,기아,쏘렌토,2015,SUV
2015-05-26,현대자동차,그랜드 스타렉스(GRAND STAREX),2015,MPV/미니밴
2015-05-26,르노코리아,QM3,2015,SUV
2015-05-27,기아,카니발,2016,MPV/미니밴
2015-05-28,현대자동차,싼타페(SANTAFE),2009,SUV
2015-05-28,기아,카니발 Ⅱ,2004,MPV/미니밴
2015-05-28,현대자동차,싼타페,2002,SUV
2015-05-28,르노코리아,QM5,2014,SUV
2015-06-01,기아,스포티지,2013,SUV
2015-06-02,현대자동차,싼타페(SANTAFE),2013,SUV
2015-06-02,기아,쏘렌토,2011,SUV
2015-06-02,기아,쏘렌토,2011,SUV
2015-06-04,현대자동차,투싼(TUCSON),2005,SUV
2015-06-04,현대자동차,투싼(TUCSON),2016,SUV
2015-06-04,현대자동차,투싼(TUCSON),2016,SUV
2015-06-04,현대자동차,투싼(TUCSON),2016,SUV
2015-06-04,현대자동차,투싼(TUCSON),2016,SUV
2015-06-04,현대자동차,투싼(TUCSON),2016,SUV
2015-06-04,현대자동차,투싼(TUCSON),2016,SUV
2015-06-04,현대자동차,투싼(TUCSON),2016,SUV
2015-06-04,현대자동차,투싼(TUCSON),2016,SUV
2015-06-04,현대자동차,투싼(TUCSON),2016,SUV
2015-06-04,현대자동차,투싼(TUCSON),2016,SUV
2015-06-04,현대자동차,투싼(TUCSON),2016,SUV
2015-06-04,현대자동차,투싼(TUCSON),2016,SUV
2015-06-04,현대자동차,투싼(TUCSON),2016,SUV
2015-06-05,KG 모빌리티,렉스턴,2009,SUV
2015-06-05,현대자동차,투싼(TUCSON),2012,SUV
2015-06-05,현대자동차,투싼(TUCSON),2012,SUV
2015-06-05,현대자동차,투싼(TUCSON),2016,SUV
2015-06-05,현대자동차,투싼(TUCSON),2016,SUV
2015-06-05,현대자동차,투싼(TUCSON),2016,SUV
2015-06-05,현대자동차,투싼(TUCSON),2005,SUV
2015-06-05,현대자동차,투싼(TUCSON),2016,SUV
2015-06-05,현대자동차,투싼(TUCSON),2016,SUV
2015-06-05,토요타,토요타 Sienna 4WD,2015,MPV/미니밴
2015-06-08,현대자동차,투싼(TUCSON),2014,SUV
2015-06-08,현대자동차,싼타페(SANTAFE),2011,SUV
2015-06-09,기아,스포티지,2015,SUV
2015-06-09,현대자동차,그랜드 스타렉스(GRAND STAREX),2014,MPV/미니밴
2015-06-09,현대자동차,싼타페(SANTAFE),2009,SUV
2015-06-09,현대자동차,투싼(TUCSON),2016,SUV
2015-06-10,현대자동차,싼타페,2002,SUV
2015-06-10,기아,스포티지,2015,SUV
2015-06-10,기아,쏘렌토,2011,SUV
2015-06-10,기아,스포티지,2011,SUV
2015-06-11,기아,카니발,2015,MPV/미니밴
2015-06-12,기아,스포티지,2005,SUV
2015-06-12,현대자동차,싼타페(SANTAFE),2004,SUV
2015-06-15,현대자동차,싼타페(SANTAFE),2010,SUV
2015-06-15,기아,스포티지,2010,SUV
2015-06-16,현대자동차,싼타페(SANTAFE),2009,SUV
2015-06-16,기아,쏘렌토,2010,SUV
2015-06-17,기아,쏘렌토,2015,SUV
2015-06-18,현대자동차,투싼(TUCSON),2010,SUV
2015-06-18,기아,스포티지,2016,SUV
2015-06-18,현대자동차,싼타페(SANTAFE),2013,SUV
2015-06-18,르노코리아,QM3,2014,SUV
2015-06-19,KG 모빌리티,티볼리,2015,SUV
2015-06-19,현대자동차,투싼(TUCSON),2005,SUV
2015-06-19,현대자동차,투싼(TUCSON),2013,SUV
2015-06-19,현대자동차,투싼(TUCSON),2006,SUV
2015-06-22,기아,카니발,2006,MPV/미니밴
2015-06-22,현대자동차,투싼(TUCSON),2008,SUV
2015-06-22,KG 모빌리티,렉스턴,2013,SUV
2015-06-22,현대자동차,그랜드 스타렉스(GRAND STAREX),2012,MPV/미니밴
2015-06-24,현대자동차,투싼(TUCSON),2016,SUV
2015-06-24,르노코리아,QM3,2014,SUV
2015-06-25,기아,쏘렌토,2015,SUV
2015-06-26,기아,스포티지,2007,SUV
2015-06-26,르노코리아,QM5,2011,SUV
2015-06-26,현대자동차,투싼(TUCSON),2005,SUV
2015-06-29,현대자동차,투싼(TUCSON),2016,SUV
2015-06-29,기아,스포티지,2006,SUV
2015-06-29,현대자동차,투싼(TUCSON),2014,SUV
2015-06-30,현대자동차,싼타페(SANTAFE),2014,SUV
2015-07-01,현대자동차,스타렉스(STAREX),2007,MPV/미니밴
2015-07-01,현대자동차,싼타페,2001,SUV
2015-07-01,현대자동차,싼타페(SANTAFE),2003,SUV
2015-07-01,현대자동차,투싼(TUCSON),2004,SUV
2015-07-01,현대자동차,싼타페(SANTAFE),2005,SUV
2015-07-01,기아,쏘렌토,2010,SUV
2015-07-02,기아,그랜드 카니발,2013,MPV/미니밴
2015-07-02,기아,카렌스,2013,MPV/미니밴
2015-07-02,현대자동차,싼타페(SANTAFE),2003,SUV
2015-07-02,기아,그랜드카니발,2006,MPV/미니밴
2015-07-03,KG 모빌리티,렉스턴,2003,SUV
2015-07-03,현대자동차,투싼(TUCSON),2005,SUV
2015-07-03,현대자동차,투싼(TUCSON),2006,SUV
2015-07-03,기아,쏘렌토,2007,SUV
2015-07-06,KG 모빌리티,렉스턴,2011,SUV
2015-07-06,기아,스포티지,2005,SUV
2015-07-07,현대자동차,투싼(TUCSON),2016,SUV
2015-07-07,현대자동차,투싼(TUCSON),2005,SUV
2015-07-08,르노코리아,QM5,2014,SUV
2015-07-08,기아,쏘렌토,2015,SUV
2015-07-09,KG 모빌리티,티볼리,2015,SUV
2015-07-09,기아,그랜드 카니발,2013,MPV/미니밴
2015-07-09,KG 모빌리티,티볼리,2015,SUV
2015-07-10,현대자동차,싼타페(SANTAFE),2016,SUV
2015-07-10,KG 모빌리티,티볼리,2015,SUV
2015-07-10,KG 모빌리티,렉스턴,2013,SUV
2015-07-13,현대자동차,싼타페(SANTAFE),2016,SUV
2015-07-13,현대자동차,싼타페(SANTAFE),2016,SUV
2015-07-13,현대자동차,투싼(TUCSON),2004,SUV
2015-07-13,기아,카니발,2015,MPV/미니밴
2015-07-14,현대자동차,그랜드 스타렉스(GRAND STAREX),2014,MPV/미니밴
2015-07-14,기아,모하비,2015,SUV
2015-07-15,기아,스포티지,2012,SUV
2015-07-16,기아,스포티지,2016,SUV
2015-07-17,KG 모빌리티,티볼리,2015,SUV
2015-07-20,KG 모빌리티,티볼리,2015,SUV
2015-07-20,기아,쏘렌토 GLS,2005,SUV
2015-07-20,르노코리아,QM3,2014,SUV
2015-07-21,기아,스포티지,2013,SUV
2015-07-21,현대자동차,투싼(TUCSON),2006,SUV
2015-07-21,기아,카니발,2015,MPV/미니밴
2015-07-22,르노코리아,QM3,2015,SUV
2015-07-22,현대자동차,싼타페(SANTAFE),2004,SUV
2015-07-22,현대자동차,싼타페,2001,SUV
2015-07-22,기아,스포티지,2005,SUV
2015-07-24,르노코리아,QM3,2015,SUV
2015-07-24,현대자동차,투싼(TUCSON),2015,SUV
2015-07-27,기아,쏘렌토 GLS,2005,SUV
2015-07-27,현대자동차,싼타페(SANTAFE),2015,SUV
2015-07-27,기아,쏘렌토,2015,SUV
2015-07-27,기아,카니발,2015,MPV/미니밴
2015-07-27,현대자동차,투싼(TUCSON),2005,SUV
2015-07-27,현대자동차,투싼(TUCSON),2006,SUV
2015-07-28,KG 모빌리티,렉스턴,2007,SUV
2015-07-28,기아,스포티지,2005,SUV
2015-07-28,현대자동차,싼타페(SANTAFE),2006,SUV
2015-07-28,현대자동차,투싼(TUCSON),2005,SUV
2015-07-29,기아,모하비,2015,SUV
2015-07-29,기아,모하비,2015,SUV
2015-07-29,기아,쏘렌토,2015,SUV
2015-07-30,현대자동차,싼타페(SANTAFE),2010,SUV
2015-07-30,기아,카니발,2014,MPV/미니밴
2015-07-31,현대자동차,싼타페(SANTAFE),2006,SUV
2015-07-31,KG 모빌리티,티볼리,2015,SUV
2015-08-03,현대자동차,투싼(TUCSON),2006,SUV
2015-08-03,현대자동차,싼타페(SANTAFE),2013,SUV
2015-08-03,기아,쏘렌토,2015,SUV
2015-08-03,기아,쏘렌토,2010,SUV
2015-08-03,기아,쏘렌토,2015,SUV
2015-08-03,기아,쏘렌토,2015,SUV
2015-08-03,르노코리아,QM3,2015,SUV
2015-08-04,기아,스포티지,2011,SUV
2015-08-04,KG 모빌리티,티볼리,2015,SUV
2015-08-04,현대자동차,그랜드스타렉스(GRAND STAREX),2008,MPV/미니밴
2015-08-05,기아,쏘렌토,2015,SUV
2015-08-05,현대자동차,투싼(TUCSON),2012,SUV
2015-08-05,기아,쏘렌토,2007,SUV
2015-08-05,기아,그랜드 카니발,2013,MPV/미니밴
2015-08-05,기아,카렌스 Ⅱ,2003,MPV/미니밴
2015-08-06,기아,쏘렌토,2015,SUV
2015-08-06,기아,쏘렌토,2015,SUV
2015-08-06,기아,쏘렌토,2015,SUV
2015-08-06,기아,쏘렌토,2015,SUV
2015-08-06,기아,쏘렌토,2015,SUV
2015-08-06,기아,쏘렌토,2015,SUV
2015-08-06,기아,모하비,2012,SUV
2015-08-06,기아,쏘렌토,2015,SUV
2015-08-07,기아,쏘렌토,2015,SUV
2015-08-07,기아,쏘렌토,2015,SUV
2015-08-07,기아,쏘렌토,2015,SUV
2015-08-07,기아,쏘렌토,2015,SUV
2015-08-07,기아,쏘렌토,2015,SUV
2015-08-07,기아,쏘렌토,2015,SUV
2015-08-07,기아,쏘렌토,2011,SUV
2015-08-10,현대자동차,스타렉스(STAREX),2005,MPV/미니밴
2015-08-10,현대자동차,스타렉스(STAREX),2006,MPV/미니밴
2015-08-10,기아,쏘렌토,2015,SUV
2015-08-10,기아,쏘렌토,2015,SUV
2015-08-10,기아,쏘렌토,2015,SUV
2015-08-10,기아,쏘렌토,2015,SUV
2015-08-10,기아,쏘렌토,2015,SUV
2015-08-10,기아,쏘렌토,2015,SUV
2015-08-10,기아,쏘렌토,2015,SUV
2015-08-10,기아,쏘렌토,2015,SUV
2015-08-10,기아,쏘렌토,2015,SUV
2015-08-10,기아,쏘렌토,2015,SUV
2015-08-10,기아,쏘렌토,2015,SUV
2015-08-10,기아,쏘렌토,2015,SUV
2015-08-10,기아,스포티지,2005,SUV
2015-08-10,기아,쏘렌토,2015,SUV
2015-08-10,기아,쏘렌토,2015,SUV
2015-08-10,기아,스포티지,2011,SUV
2015-08-11,현대자동차,그랜드 스타렉스(GRAND STAREX),2011,MPV/미니밴
2015-08-11,기아,쏘렌토,2015,SUV
2015-08-11,기아,쏘렌토,2015,SUV
2015-08-11,기아,쏘렌토,2015,SUV
2015-08-11,기아,쏘렌토,2015,SUV
2015-08-11,기아,쏘렌토,2015,SUV
2015-08-11,기아,쏘렌토,2015,SUV
2015-08-11,기아,쏘렌토,2015,SUV
2015-08-11,기아,쏘렌토,2015,SUV
2015-08-12,기아,쏘렌토,2015,SUV
2015-08-12,기아,카렌스,2015,MPV/미니밴
2015-08-12,현대자동차,싼타페(SANTAFE),2013,SUV
2015-08-12,기아,쏘렌토,2015,SUV
2015-08-12,기아,쏘렌토,2015,SUV
2015-08-12,기아,쏘렌토,2015,SUV
2015-08-12,기아,쏘렌토,2015,SUV
2015-08-12,KG 모빌리티,티볼리,2016,SUV
2015-08-12,기아,쏘렌토,2015,SUV
2015-08-12,기아,쏘렌토,2015,SUV
2015-08-12,르노코리아,QM3,2014,SUV
2015-08-12,기아,쏘렌토,2015,SUV
2015-08-12,기아,쏘렌토,2015,SUV
2015-08-12,기아,쏘렌토,2015,SUV
2015-08-12,기아,쏘렌토,2015,SUV
2015-08-12,기아,쏘렌토,2015,SUV
2015-08-12,기아,쏘렌토,2015,SUV
2015-08-12,기아,쏘렌토,2015,SUV
2015-08-12,기아,쏘렌토,2015,SUV
2015-08-12,기아,쏘렌토,2015,SUV
2015-08-12,기아,쏘렌토,2015,SUV
2015-08-13,기아,스포티지,2014,SUV
2015-08-13,기아,쏘렌토,2015,SUV
2015-08-13,기아,쏘렌토,2010,SUV
2015-08-13,기아,쏘렌토,2015,SUV
2015-08-13,기아,쏘렌토,2015,SUV
2015-08-13,기아,쏘렌토,2015,SUV
2015-08-13,기아,쏘렌토,2015,SUV
2015-08-13,기아,쏘렌토,2015,SUV
2015-08-13,기아,쏘렌토,2015,SUV
2015-08-13,기아,쏘렌토,2015,SUV
2015-08-13,기아,쏘렌토,2015,SUV
2015-08-13,기아,쏘렌토,2015,SUV
2015-08-13,현대자동차,투싼(TUCSON),2006,SUV
2015-08-13,기아,쏘렌토,2015,SUV
2015-08-13,기아,쏘렌토,2015,SUV
2015-08-13,기아,쏘렌토,2015,SUV
2015-08-13,기아,쏘렌토,2015,SUV
2015-08-13,기아,쏘렌토,2015,SUV
2015-08-17,KG 모빌리티,티볼리,2016,SUV
2015-08-17,기아,쏘렌토,2015,SUV
2015-08-17,기아,쏘렌토,2015,SUV
2015-08-17,기아,쏘렌토,2015,SUV
2015-08-17,기아,쏘렌토,2016,SUV
2015-08-17,기아,쏘렌토,2015,SUV
2015-08-17,기아,쏘렌토,2015,SUV
2015-08-17,기아,쏘렌토,2015,SUV
2015-08-17,기아,쏘렌토,2015,SUV
2015-08-17,기아,쏘렌토,2015,SUV
2015-08-17,기아,쏘렌토,2015,SUV
2015-08-17,기아,쏘렌토,2015,SUV
2015-08-17,기아,쏘렌토,2015,SUV
2015-08-17,기아,쏘렌토,2015,SUV
2015-08-17,기아,쏘렌토,2015,SUV
2015-08-17,기아,쏘렌토,2015,SUV
2015-08-17,기아,쏘렌토,2015,SUV
2015-08-17,기아,쏘렌토,2015,SUV
2015-08-17,기아,쏘렌토,2015,SUV
2015-08-17,기아,쏘렌토,2015,SUV
2015-08-17,기아,쏘렌토,2015,SUV
2015-08-17,기아,쏘렌토,2014,SUV
2015-08-17,KG 모빌리티,티볼리,2016,SUV
2015-08-17,기아,쏘렌토,2015,SUV
2015-08-17,기아,쏘렌토,2015,SUV
2015-08-17,기아,쏘렌토,2015,SUV
2015-08-17,기아,쏘렌토,2015,SUV
2015-08-17,기아,쏘렌토,2015,SUV
2015-08-17,기아,쏘렌토,2015,SUV
2015-08-17,기아,쏘렌토,2015,SUV
2015-08-17,기아,쏘렌토,2015,SUV
2015-08-17,기아,쏘렌토,2015,SUV
2015-08-17,기아,쏘렌토,2015,SUV
2015-08-17,기아,쏘렌토,2015,SUV
2015-08-17,기아,쏘렌토,2015,SUV
2015-08-17,기아,쏘렌토,2015,SUV
2015-08-17,기아,쏘렌토,2015,SUV
2015-08-17,기아,쏘렌토,2015,SUV
2015-08-17,기아,쏘렌토,2015,SUV
2015-08-17,기아,쏘렌토,2015,SUV
2015-08-17,기아,쏘렌토,2015,SUV
2015-08-17,기아,쏘렌토,2015,SUV
2015-08-17,기아,쏘렌토,2015,SUV
2015-08-17,기아,쏘렌토,2016,SUV
2015-08-17,기아,쏘렌토,2015,SUV
2015-08-17,현대자동차,투싼(TUCSON),2004,SUV
2015-08-17,기아,쏘렌토,2015,SUV
2015-08-17,기아,쏘렌토,2015,SUV
2015-08-17,현대자동차,싼타페(SANTAFE),2005,SUV
2015-08-17,기아,쏘렌토,2015,SUV
2015-08-17,기아,쏘렌토,2015,SUV
2015-08-17,기아,스포티지,2012,SUV
2015-08-17,기아,쏘렌토,2015,SUV
2015-08-18,기아,스포티지,2011,SUV
2015-08-18,기아,스포티지,2011,SUV
2015-08-18,기아,쏘렌토,2015,SUV
2015-08-18,기아,쏘렌토,2015,SUV
2015-08-18,기아,쏘렌토,2015,SUV
2015-08-18,기아,쏘렌토,2015,SUV
2015-08-18,기아,쏘렌토,2015,SUV
2015-08-18,기아,쏘렌토,2015,SUV
2015-08-18,기아,쏘렌토,2015,SUV
2015-08-18,기아,쏘렌토,2015,SUV
2015-08-18,기아,쏘렌토,2015,SUV
2015-08-18,기아,쏘렌토,2015,SUV
2015-08-18,기아,쏘렌토,2015,SUV
2015-08-18,기아,쏘렌토,2015,SUV
2015-08-18,기아,쏘렌토,2015,SUV
2015-08-18,기아,쏘렌토,2015,SUV
2015-08-18,기아,쏘렌토,2015,SUV
2015-08-18,기아,쏘렌토,2015,SUV
2015-08-18,기아,쏘렌토,2015,SUV
2015-08-18,기아,쏘렌토,2015,SUV
2015-08-18,기아,쏘렌토,2015,SUV
2015-08-18,기아,쏘렌토,2015,SUV
2015-08-18,기아,쏘렌토,2015,SUV
2015-08-18,기아,쏘렌토,2015,SUV
2015-08-18,기아,쏘렌토,2015,SUV
2015-08-18,기아,쏘렌토,2015,SUV
2015-08-18,기아,쏘렌토,2015,SUV
2015-08-18,기아,쏘렌토,2015,SUV
2015-08-18,기아,쏘렌토,2015,SUV
2015-08-18,기아,쏘렌토,2015,SUV
2015-08-18,기아,쏘렌토,2015,SUV
2015-08-18,기아,쏘렌토,2015,SUV
2015-08-18,현대자동차,싼타페(SANTAFE),2014,SUV
2015-08-18,기아,쏘렌토,2015,SUV
2015-08-18,기아,쏘렌토,2015,SUV
2015-08-18,기아,쏘렌토,2015,SUV
2015-08-18,기아,쏘렌토,2015,SUV
2015-08-18,기아,쏘렌토,2015,SUV
2015-08-18,기아,쏘렌토,2015,SUV
2015-08-18,기아,쏘렌토,2015,SUV
2015-08-18,기아,쏘렌토,2011,SUV
2015-08-19,르노코리아,QM5,2014,SUV
2015-08-19,현대자동차,그랜드스타렉스(GRAND STAREX),2009,MPV/미니밴
2015-08-19,기아,쏘렌토,2016,SUV
2015-08-19,르노코리아,QM5,2012,SUV
2015-08-19,기아,쏘렌토,2015,SUV
2015-08-19,기아,쏘렌토,2015,SUV
2015-08-19,현대자동차,싼타페,2001,SUV
2015-08-19,기아,쏘렌토,2015,SUV
2015-08-19,기아,쏘렌토,2015,SUV
2015-08-19,기아,쏘렌토,2015,SUV
2015-08-19,기아,쏘렌토,2015,SUV
2015-08-19,기아,쏘렌토,2015,SUV
2015-08-19,현대자동차,싼타페(SANTAFE),2003,SUV
2015-08-19,기아,쏘렌토,2016,SUV
2015-08-19,기아,쏘렌토,2015,SUV
2015-08-19,기아,쏘렌토,2015,SUV
2015-08-19,기아,쏘렌토,2015,SUV
2015-08-19,기아,쏘렌토,2015,SUV
2015-08-19,기아,쏘렌토,2015,SUV
2015-08-19,기아,쏘렌토,2015,SUV
2015-08-19,기아,쏘렌토,2015,SUV
2015-08-19,기아,쏘렌토,2015,SUV
2015-08-19,기아,쏘렌토,2015,SUV
2015-08-19,기아,쏘렌토,2016,SUV
2015-08-19,기아,쏘렌토,2016,SUV
2015-08-19,기아,쏘렌토,2015,SUV
2015-08-19,기아,쏘렌토,2015,SUV
2015-08-19,기아,쏘렌토,2015,SUV
2015-08-19,기아,쏘렌토,2016,SUV
2015-08-19,기아,쏘렌토,2015,SUV
2015-08-19,기아,쏘렌토,2015,SUV
2015-08-20,르노코리아,QM3,2015,SUV
2015-08-20,현대자동차,투싼(TUCSON),2013,SUV
2015-08-20,기아,쏘렌토,2015,SUV
2015-08-20,기아,쏘렌토,2015,SUV
2015-08-20,기아,쏘렌토,2016,SUV
2015-08-20,기아,쏘렌토,2015,SUV
2015-08-20,현대자동차,투싼(TUCSON),2006,SUV
2015-08-20,기아,쏘렌토,2016,SUV
2015-08-20,기아,쏘렌토,2015,SUV
2015-08-20,기아,쏘렌토,2015,SUV
2015-08-20,기아,쏘렌토,2015,SUV
2015-08-20,기아,쏘렌토,2016,SUV
2015-08-20,기아,쏘렌토,2016,SUV
2015-08-20,기아,쏘렌토,2015,SUV
2015-08-20,기아,쏘렌토,2015,SUV
2015-08-20,기아,쏘렌토,2015,SUV
2015-08-20,기아,쏘렌토,2015,SUV
2015-08-20,기아,쏘렌토,2015,SUV
2015-08-20,기아,쏘렌토,2015,SUV
2015-08-20,기아,쏘렌토,2015,SUV
2015-08-20,기아,쏘렌토,2015,SUV
2015-08-20,기아,쏘렌토,2015,SUV
2015-08-21,현대자동차,투싼(TUCSON),2016,SUV
2015-08-21,기아,쏘렌토,2015,SUV
2015-08-21,기아,스포티지,2005,SUV
2015-08-21,기아,쏘렌토,2015,SUV
2015-08-21,기아,쏘렌토,2015,SUV
2015-08-21,기아,쏘렌토,2014,SUV
2015-08-21,현대자동차,싼타페(SANTAFE),2008,SUV
2015-08-21,르노코리아,QM5,2014,SUV
2015-08-21,기아,쏘렌토,2016,SUV
2015-08-21,기아,쏘렌토,2015,SUV
2015-08-21,기아,쏘렌토,2015,SUV
2015-08-21,르노코리아,QM5,2014,SUV
2015-08-21,현대자동차,투싼(TUCSON),2006,SUV
2015-08-21,르노코리아,QM5,2014,SUV
2015-08-21,기아,쏘렌토,2015,SUV
2015-08-21,기아,쏘렌토,2015,SUV
2015-08-21,기아,쏘렌토,2016,SUV
2015-08-21,기아,쏘렌토,2015,SUV
2015-08-21,기아,쏘렌토,2015,SUV
2015-08-21,기아,쏘렌토,2015,SUV
2015-08-21,기아,쏘렌토,2015,SUV
2015-08-21,기아,쏘렌토,2015,SUV
2015-08-21,기아,쏘렌토,2015,SUV
2015-08-21,기아,쏘렌토,2015,SUV
2015-08-24,기아,스포티지,2014,SUV
2015-08-24,기아,쏘렌토,2015,SUV
2015-08-24,현대자동차,투싼(TUCSON),2016,SUV
2015-08-24,기아,쏘렌토,2015,SUV
2015-08-24,기아,쏘렌토,2015,SUV
2015-08-24,르노코리아,QM5,2014,SUV
2015-08-24,기아,쏘렌토,2015,SUV
2015-08-24,현대자동차,투싼(TUCSON),2006,SUV
2015-08-24,기아,쏘렌토,2015,SUV
2015-08-24,기아,쏘렌토,2015,SUV
2015-08-24,기아,쏘렌토,2015,SUV
2015-08-24,기아,쏘렌토,2015,SUV
2015-08-24,기아,쏘렌토,2016,SUV
2015-08-24,기아,쏘렌토,2015,SUV
2015-08-24,기아,쏘렌토,2015,SUV
2015-08-24,기아,쏘렌토,2015,SUV
2015-08-24,르노코리아,QM5,2014,SUV
2015-08-24,KG 모빌리티,티볼리,2015,SUV
2015-08-24,기아,쏘렌토,2015,SUV
2015-08-24,기아,쏘렌토,2015,SUV
2015-08-24,기아,쏘렌토,2016,SUV
2015-08-24,기아,쏘렌토,2015,SUV
2015-08-24,르노코리아,QM5,2014,SUV
2015-08-24,르노코리아,QM5,2014,SUV
2015-08-24,기아,쏘렌토,2015,SUV
2015-08-24,기아,쏘렌토,2015,SUV
2015-08-24,기아,쏘렌토,2015,SUV
2015-08-24,기아,쏘렌토,2015,SUV
2015-08-24,기아,쏘렌토,2015,SUV
2015-08-24,기아,쏘렌토,2015,SUV
2015-08-24,기아,쏘렌토,2015,SUV
2015-08-24,기아,쏘렌토,2015,SUV
2015-08-24,기아,쏘렌토,2015,SUV
2015-08-24,기아,쏘렌토,2015,SUV
2015-08-24,기아,쏘렌토,2016,SUV
2015-08-25,르노코리아,QM5,2014,SUV
2015-08-25,현대자동차,투싼(TUCSON),2016,SUV
2015-08-25,기아,쏘렌토,2015,SUV
2015-08-25,기아,쏘렌토,2015,SUV
2015-08-25,기아,쏘렌토,2015,SUV
2015-08-25,기아,쏘렌토,2015,SUV
2015-08-25,기아,쏘렌토,2015,SUV
2015-08-25,기아,쏘렌토,2015,SUV
2015-08-25,현대자동차,투싼(TUCSON),2004,SUV
2015-08-25,기아,쏘렌토,2015,SUV
2015-08-25,기아,쏘렌토,2015,SUV
2015-08-25,기아,쏘렌토,2015,SUV
2015-08-26,KG 모빌리티,티볼리,2015,SUV
2015-08-26,르노코리아,QM3,2014,SUV
2015-08-26,기아,쏘렌토,2015,SUV
2015-08-26,기아,쏘렌토,2015,SUV
2015-08-26,르노코리아,QM5,2014,SUV
2015-08-26,기아,쏘렌토,2015,SUV
2015-08-26,KG 모빌리티,렉스턴,2015,SUV
2015-08-26,현대자동차,투싼(TUCSON),2013,SUV
2015-08-26,기아,쏘렌토,2016,SUV
2015-08-26,기아,쏘렌토,2016,SUV
2015-08-26,기아,쏘렌토,2015,SUV
2015-08-26,르노코리아,QM5,2014,SUV
2015-08-26,기아,쏘렌토,2015,SUV
2015-08-26,기아,쏘렌토,2015,SUV
2015-08-26,BMW,BMW X5 M50d,2014,SUV
2015-08-27,현대자동차,투싼(TUCSON),2016,SUV
2015-08-27,기아,쏘렌토,2015,SUV
2015-08-27,기아,쏘렌토,2015,SUV
2015-08-27,기아,쏘렌토,2015,SUV
2015-08-27,기아,쏘렌토,2016,SUV
2015-08-27,현대자동차,투싼(TUCSON),2004,SUV
2015-08-27,현대자동차,투싼(TUCSON),2006,SUV
2015-08-27,기아,쏘렌토,2015,SUV
2015-08-27,현대자동차,투싼(TUCSON),2004,SUV
2015-08-28,기아,쏘렌토,2013,SUV
2015-08-28,기아,쏘렌토,2015,SUV
2015-08-28,기아,모하비,2013,SUV
2015-08-28,기아,쏘렌토,2015,SUV
2015-08-28,현대자동차,투싼(TUCSON),2007,SUV
2015-08-28,기아,쏘렌토,2015,SUV
2015-08-28,현대자동차,투싼(TUCSON),2006,SUV
2015-08-28,기아,쏘렌토,2015,SUV
2015-08-28,기아,쏘렌토,2015,SUV
2015-08-28,현대자동차,투싼(TUCSON),2004,SUV
2015-08-31,기아,쏘렌토,2015,SUV
2015-08-31,현대자동차,싼타페(SANTAFE),2015,SUV
2015-08-31,기아,쏘렌토,2015,SUV
2015-08-31,기아,쏘렌토,2015,SUV
2015-08-31,기아,쏘렌토,2015,SUV
2015-08-31,기아,쏘렌토,2015,SUV
2015-08-31,기아,쏘렌토,2015,SUV
2015-08-31,기아,쏘렌토,2015,SUV
2015-08-31,기아,쏘렌토,2015,SUV
2015-08-31,기아,쏘렌토,2015,SUV
2015-08-31,기아,쏘렌토,2015,SUV
2015-08-31,기아,쏘렌토,2015,SUV
2015-09-01,현대자동차,스타렉스(STAREX),2004,MPV/미니밴
2015-09-01,현대자동차,그랜드 스타렉스(GRAND STAREX),2012,MPV/미니밴
2015-09-01,기아,쏘렌토,2012,SUV
2015-09-01,기아,쏘렌토,2015,SUV
2015-09-01,기아,쏘렌토,2015,SUV
2015-09-01,기아,쏘렌토,2015,SUV
2015-09-01,기아,쏘렌토,2015,SUV
2015-09-02,현대자동차,투싼(TUCSON),2016,SUV
2015-09-02,기아,카니발,2015,MPV/미니밴
2015-09-02,기아,쏘렌토,2016,SUV
2015-09-02,기아,쏘렌토,2016,SUV
2015-09-02,기아,쏘렌토,2015,SUV
2015-09-02,기아,쏘렌토,2015,SUV
2015-09-02,기아,쏘렌토,2015,SUV
2015-09-03,현대자동차,투싼(TUCSON),2016,SUV
2015-09-03,르노코리아,QM3,2014,SUV
2015-09-03,기아,쏘렌토,2015,SUV
2015-09-03,기아,쏘렌토,2010,SUV
2015-09-03,르노코리아,QM3,2014,SUV
2015-09-03,기아,스포티지,2005,SUV
2015-09-03,기아,쏘렌토,2016,SUV
2015-09-03,KG 모빌리티,티볼리,2016,SUV
2015-09-04,현대자동차,투싼(TUCSON),2011,SUV
2015-09-04,현대자동차,스타렉스(STAREX),2005,MPV/미니밴
2015-09-04,기아,쏘렌토,2015,SUV
2015-09-04,기아,쏘렌토,2015,SUV
2015-09-04,기아,쏘렌토,2015,SUV
2015-09-04,현대자동차,투싼(TUCSON),2006,SUV
2015-09-04,기아,쏘렌토,2011,SUV
2015-09-04,기아,쏘렌토,2015,SUV
2015-09-04,기아,스포티지,2012,SUV
2015-09-04,르노코리아,QM5,2014,SUV
2015-09-04,기아,쏘렌토,2015,SUV
2015-09-04,기아,쏘렌토,2015,SUV
2015-09-04,기아,쏘렌토,2016,SUV
2015-09-04,기아,쏘렌토,2013,SUV
2015-09-04,기아,쏘렌토,2015,SUV
2015-09-04,기아,쏘렌토,2015,SUV
2015-09-04,기아,쏘렌토,2010,SUV
2015-09-04,현대자동차,투싼(TUCSON),2004,SUV
2015-09-04,기아,쏘렌토,2015,SUV
2015-09-04,기아,쏘렌토,2015,SUV
2015-09-04,기아,쏘렌토,2011,SUV
2015-09-04,현대자동차,투싼(TUCSON),2007,SUV
2015-09-04,기아,쏘렌토,2015,SUV
2015-09-07,기아,쏘렌토,2015,SUV
2015-09-07,기아,쏘렌토,2016,SUV
2015-09-07,기아,쏘렌토,2015,SUV
2015-09-07,BMW,BMW X5 xDrive30d,2015,SUV
2015-09-07,기아,쏘렌토,2015,SUV
2015-09-07,기아,쏘렌토,2015,SUV
2015-09-07,기아,쏘렌토,2015,SUV
2015-09-07,르노코리아,QM5,2015,SUV
2015-09-07,기아,쏘렌토,2015,SUV
2015-09-07,기아,쏘렌토,2015,SUV
2015-09-07,기아,쏘렌토,2015,SUV
2015-09-07,기아,쏘렌토,2015,SUV
2015-09-07,기아,쏘렌토,2015,SUV
2015-09-08,기아,카렌스Ⅱ,2002,MPV/미니밴
2015-09-08,KG 모빌리티,티볼리,2015,SUV
2015-09-08,기아,쏘렌토,2015,SUV
2015-09-08,기아,쏘렌토,2015,SUV
2015-09-08,기아,쏘렌토,2015,SUV
2015-09-08,기아,쏘렌토,2015,SUV
2015-09-08,기아,쏘렌토,2015,SUV
2015-09-08,기아,쏘렌토,2016,SUV
2015-09-08,현대자동차,투싼(TUCSON),2006,SUV
2015-09-08,기아,쏘렌토,2015,SUV
2015-09-08,기아,쏘렌토,2015,SUV
2015-09-08,기아,쏘렌토,2015,SUV
2015-09-08,현대자동차,투싼(TUCSON),2005,SUV
2015-09-08,기아,쏘렌토,2016,SUV
2015-09-08,기아,쏘렌토,2016,SUV
2015-09-08,기아,쏘렌토,2015,SUV
2015-09-08,기아,쏘렌토,2015,SUV
2015-09-08,기아,쏘렌토,2015,SUV
2015-09-08,기아,쏘렌토,2015,SUV
2015-09-08,현대자동차,투싼(TUCSON),2007,SUV
2015-09-09,현대자동차,투싼(TUCSON),2012,SUV
2015-09-09,KG 모빌리티,렉스턴,2011,SUV
2015-09-09,현대자동차,투싼(TUCSON),2004,SUV
2015-09-09,기아,쏘렌토,2015,SUV
2015-09-09,기아,쏘렌토,2015,SUV
2015-09-09,기아,쏘렌토,2015,SUV
2015-09-09,기아,쏘렌토,2015,SUV
2015-09-09,기아,쏘렌토,2015,SUV
2015-09-09,현대자동차,투싼(TUCSON),2005,SUV
2015-09-09,기아,쏘렌토,2016,SUV
2015-09-09,기아,쏘렌토,2015,SUV
2015-09-09,기아,쏘렌토,2015,SUV
2015-09-09,기아,쏘렌토,2015,SUV
2015-09-09,기아,쏘렌토,2015,SUV
2015-09-09,기아,쏘렌토,2015,SUV
2015-09-09,기아,쏘렌토,2015,SUV
2015-09-09,기아,쏘렌토,2016,SUV
2015-09-09,기아,쏘렌토,2016,SUV
2015-09-09,기아,쏘렌토,2015,SUV
2015-09-09,현대자동차,투싼(TUCSON),2005,SUV
2015-09-09,기아,쏘렌토,2015,SUV
2015-09-10,기아,쏘렌토,2015,SUV
2015-09-10,메르세데스 벤츠,GLK220 CDI 4Matic,2010,SUV
2015-09-10,기아,쏘렌토,2015,SUV
2015-09-10,기아,쏘렌토,2016,SUV
2015-09-10,기아,쏘렌토,2015,SUV
2015-09-10,기아,쏘렌토,2015,SUV
2015-09-10,기아,쏘렌토,2015,SUV
2015-09-10,기아,쏘렌토,2015,SUV
2015-09-10,기아,쏘렌토,2015,SUV
2015-09-10,기아,쏘렌토,2015,SUV
2015-09-10,기아,쏘렌토,2015,SUV
2015-09-10,현대자동차,투싼(TUCSON),2007,SUV
2015-09-10,기아,쏘렌토,2015,SUV
2015-09-10,기아,쏘렌토,2015,SUV
2015-09-10,기아,쏘렌토,2015,SUV
2015-09-10,기아,쏘렌토,2015,SUV
2015-09-10,기아,쏘렌토,2015,SUV
2015-09-10,기아,쏘렌토,2015,SUV
2015-09-10,기아,쏘렌토,2016,SUV
2015-09-10,기아,쏘렌토,2015,SUV
2015-09-10,기아,쏘렌토,2015,SUV
2015-09-10,기아,쏘렌토,2015,SUV
2015-09-10,기아,쏘렌토,2015,SUV
2015-09-10,기아,쏘렌토,2015,SUV
2015-09-11,르노코리아,QM3,2015,SUV
2015-09-11,현대자동차,투싼(TUCSON),2016,SUV
2015-09-11,기아,쏘렌토,2010,SUV
2015-09-11,기아,쏘렌토,2015,SUV
2015-09-11,기아,쏘렌토,2015,SUV
2015-09-11,기아,쏘렌토,2016,SUV
2015-09-11,기아,쏘렌토,2015,SUV
2015-09-11,기아,쏘렌토,2016,SUV
2015-09-11,기아,쏘렌토,2015,SUV
2015-09-11,기아,쏘렌토,2015,SUV
2015-09-11,기아,쏘렌토,2015,SUV
2015-09-11,기아,쏘렌토,2015,SUV
2015-09-11,기아,쏘렌토,2015,SUV
2015-09-11,기아,쏘렌토,2015,SUV
2015-09-11,기아,쏘렌토,2015,SUV
2015-09-11,기아,쏘렌토,2015,SUV
2015-09-11,기아,쏘렌토,2016,SUV
2015-09-11,기아,쏘렌토,2015,SUV
2015-09-11,기아,쏘렌토,2015,SUV
2015-09-11,기아,쏘렌토,2015,SUV
2015-09-11,기아,쏘렌토,2015,SUV
2015-09-11,현대자동차,투싼(TUCSON),2004,SUV
2015-09-11,현대자동차,싼타페(SANTAFE),2004,SUV
2015-09-11,기아,쏘렌토,2016,SUV
2015-09-11,기아,쏘렌토,2015,SUV
2015-09-11,기아,쏘렌토,2015,SUV
2015-09-11,기아,쏘렌토,2015,SUV
2015-09-11,기아,쏘렌토,2016,SUV
2015-09-11,기아,쏘렌토,2015,SUV
2015-09-11,기아,쏘렌토,2015,SUV
2015-09-11,기아,쏘렌토,2015,SUV
2015-09-14,KG 모빌리티,티볼리,2016,SUV
2015-09-14,현대자동차,투싼(TUCSON),2016,SUV
2015-09-14,르노코리아,QM3,2015,SUV
2015-09-14,현대자동차,투싼(TUCSON),2006,SUV
2015-09-14,기아,쏘렌토,2015,SUV
2015-09-14,기아,쏘렌토,2015,SUV
2015-09-14,기아,쏘렌토,2015,SUV
2015-09-14,기아,쏘렌토,2015,SUV
2015-09-14,기아,쏘렌토,2015,SUV
2015-09-14,기아,쏘렌토,2015,SUV
2015-09-14,기아,쏘렌토,2015,SUV
2015-09-14,기아,쏘렌토,2016,SUV
2015-09-14,기아,쏘렌토,2015,SUV
2015-09-14,현대자동차,투싼(TUCSON),2006,SUV
2015-09-14,기아,쏘렌토,2015,SUV
2015-09-14,기아,쏘렌토,2016,SUV
2015-09-15,기아,쏘렌토,2015,SUV
2015-09-15,기아,쏘렌토,2015,SUV
2015-09-15,기아,쏘렌토,2016,SUV
2015-09-15,기아,쏘렌토,2016,SUV
2015-09-15,기아,쏘렌토,2015,SUV
2015-09-15,기아,쏘렌토,2015,SUV
2015-09-15,기아,쏘렌토,2015,SUV
2015-09-15,기아,쏘렌토,2015,SUV
2015-09-15,기아,카렌스,2014,MPV/미니밴
2015-09-16,현대자동차,투싼(TUCSON),2009,SUV
2015-09-16,기아,쏘렌토,2015,SUV
2015-09-16,기아,쏘렌토,2015,SUV
2015-09-16,기아,쏘렌토,2015,SUV
2015-09-16,기아,쏘렌토,2015,SUV
2015-09-16,기아,쏘렌토,2015,SUV
2015-09-16,KG 모빌리티,티볼리,2015,SUV
2015-09-16,기아,쏘렌토,2015,SUV
2015-09-16,기아,쏘렌토,2016,SUV
2015-09-16,기아,쏘렌토,2015,SUV
2015-09-16,기아,쏘렌토,2015,SUV
2015-09-16,기아,쏘렌토,2015,SUV
2015-09-16,기아,쏘렌토,2015,SUV
2015-09-16,기아,쏘렌토,2015,SUV
2015-09-17,KG 모빌리티,티볼리,2015,SUV
2015-09-17,기아,쏘렌토,2016,SUV
2015-09-17,기아,쏘렌토,2014,SUV
2015-09-17,현대자동차,투싼(TUCSON),2004,SUV
2015-09-17,현대자동차,투싼(TUCSON),2004,SUV
2015-09-18,기아,스포티지,2016,SUV
2015-09-18,현대자동차,싼타페(SANTAFE),2015,SUV
2015-09-18,기아,쏘렌토,2015,SUV
2015-09-18,현대자동차,투싼(TUCSON),2007,SUV
2015-09-18,기아,쏘렌토,2016,SUV
2015-09-18,기아,쏘렌토,2015,SUV
2015-09-18,기아,쏘렌토,2015,SUV
2015-09-18,기아,쏘렌토,2014,SUV
2015-09-21,기아,쏘렌토,2015,SUV
2015-09-21,기아,쏘렌토,2015,SUV
2015-09-21,기아,쏘렌토,2015,SUV
2015-09-21,현대자동차,투싼(TUCSON),2007,SUV
2015-09-21,기아,쏘렌토,2015,SUV
2015-09-21,기아,쏘렌토,2015,SUV
2015-09-21,현대자동차,싼타페(SANTAFE),2005,SUV
2015-09-22,현대자동차,투싼(TUCSON),2016,SUV
2015-09-22,기아,쏘렌토,2015,SUV
2015-09-22,기아,쏘렌토,2015,SUV
2015-09-22,기아,쏘렌토,2015,SUV
2015-09-22,기아,쏘렌토,2015,SUV
2015-09-22,기아,쏘렌토,2016,SUV
2015-09-22,기아,쏘렌토,2015,SUV
2015-09-22,기아,쏘렌토,2015,SUV
2015-09-22,기아,쏘렌토,2015,SUV
2015-09-22,현대자동차,투싼(TUCSON),2006,SUV
2015-09-23,현대자동차,싼타페(SANTAFE),2015,SUV
2015-09-23,기아,카니발,2015,MPV/미니밴
2015-09-23,기아,쏘렌토,2015,SUV
2015-09-23,기아,쏘렌토,2015,SUV
2015-09-23,기아,쏘렌토,2015,SUV
2015-09-24,기아,쏘렌토,2010,SUV
2015-09-24,기아,쏘렌토,2015,SUV
2015-09-24,기아,쏘렌토,2015,SUV
2015-09-24,현대자동차,투싼(TUCSON),2004,SUV
2015-09-24,기아,카니발,2015,MPV/미니밴
2015-09-24,현대자동차,싼타페(SANTAFE),2005,SUV
2015-09-25,기아,쏘렌토,2016,SUV
2015-09-30,현대자동차,투싼(TUCSON),2016,SUV
2015-09-30,기아,쏘렌토,2015,SUV
2015-09-30,현대자동차,투싼(TUCSON),2006,SUV
2015-09-30,르노코리아,QM3,2014,SUV
2015-09-30,현대자동차,투싼(TUCSON),2004,SUV
2015-09-30,기아,스포티지,2016,SUV
2015-09-30,기아,쏘렌토,2015,SUV
2015-09-30,KG 모빌리티,티볼리,2016,SUV
2015-09-30,현대자동차,투싼(TUCSON),2004,SUV
2015-09-30,현대자동차,투싼(TUCSON),2005,SUV
2015-09-30,기아,쏘렌토,2010,SUV
2015-09-30,기아,쏘렌토,2016,SUV
2015-09-30,현대자동차,투싼(TUCSON),2005,SUV
2015-09-30,르노코리아,QM3,2014,SUV
2015-10-01,기아,스포티지,2016,SUV
2015-10-01,현대자동차,그랜드 스타렉스(GRAND STAREX),2010,MPV/미니밴
2015-10-01,현대자동차,투싼(TUCSON),2004,SUV
2015-10-01,기아,쏘렌토,2016,SUV
2015-10-01,기아,쏘렌토,2015,SUV
2015-10-01,현대자동차,투싼(TUCSON),2006,SUV
2015-10-01,현대자동차,투싼(TUCSON),2004,SUV
2015-10-01,기아,모하비,2015,SUV
2015-10-01,현대자동차,투싼(TUCSON),2006,SUV
2015-10-01,현대자동차,투싼(TUCSON),2004,SUV
2015-10-01,포드,Explorer 2.3 AWD,2016,SUV
2015-10-02,현대자동차,투싼(TUCSON),2007,SUV
2015-10-02,메르세데스 벤츠,GLK220 CDI 4Matic,2010,SUV
2015-10-02,기아,카니발,2016,MPV/미니밴
2015-10-02,현대자동차,투싼(TUCSON),2004,SUV
2015-10-02,기아,쏘렌토,2010,SUV
2015-10-05,기아,스포티지,2013,SUV
2015-10-05,KG 모빌리티,티볼리,2016,SUV
2015-10-05,현대자동차,투싼(TUCSON),2005,SUV
2015-10-05,현대자동차,투싼(TUCSON),2006,SUV
2015-10-05,기아,쏘렌토,2010,SUV
2015-10-06,현대자동차,스타렉스(STAREX),2007,MPV/미니밴
2015-10-06,현대자동차,투싼(TUCSON),2006,SUV
2015-10-06,현대자동차,투싼(TUCSON),2016,SUV
2015-10-07,르노코리아,QM3,2015,SUV
2015-10-07,르노코리아,QM3,2015,SUV
2015-10-07,기아,쏘렌토,2015,SUV
2015-10-08,현대자동차,투싼(TUCSON),2006,SUV
2015-10-08,현대자동차,투싼(TUCSON),2006,SUV
2015-10-08,현대자동차,투싼(TUCSON),2005,SUV
2015-10-08,현대자동차,투싼(TUCSON),2006,SUV
2015-10-08,포드,Explorer 2.3 AWD,2016,SUV
2015-10-12,현대자동차,스타렉스(STAREX),2007,MPV/미니밴
2015-10-12,기아,쏘렌토 GLS,2003,SUV
2015-10-12,현대자동차,투싼(TUCSON),2004,SUV
2015-10-12,현대자동차,투싼(TUCSON),2006,SUV
2015-10-12,현대자동차,투싼(TUCSON),2005,SUV
2015-10-12,현대자동차,투싼(TUCSON),2005,SUV
2015-10-12,기아,쏘렌토,2015,SUV
2015-10-12,현대자동차,투싼(TUCSON),2006,SUV
2015-10-13,르노코리아,QM3,2014,SUV
2015-10-13,기아,카렌스,2007,MPV/미니밴
2015-10-13,기아,카니발,2016,MPV/미니밴
2015-10-13,현대자동차,싼타페(SANTAFE),2013,SUV
2015-10-13,현대자동차,투싼(TUCSON),2006,SUV
2015-10-14,르노코리아,QM3,2014,SUV
2015-10-15,KG 모빌리티,렉스턴,2001,SUV
2015-10-15,기아,쏘렌토,2015,SUV
2015-10-15,르노코리아,QM5,2008,SUV
2015-10-15,기아,쏘렌토,2015,SUV
2015-10-15,기아,쏘렌토,2011,SUV
2015-10-15,르노코리아,QM3,2015,SUV
2015-10-16,토요타,토요타 SIENNA,2012,MPV/미니밴
2015-10-16,현대자동차,싼타페(SANTAFE),2013,SUV
2015-10-16,현대자동차,투싼(TUCSON),2006,SUV
2015-10-19,르노코리아,QM5,2008,SUV
2015-10-19,기아,쏘렌토,2010,SUV
2015-10-19,현대자동차,투싼(TUCSON),2005,SUV
2015-10-19,기아,쏘렌토,2010,SUV
2015-10-19,현대자동차,투싼(TUCSON),2006,SUV
2015-10-19,현대자동차,투싼(TUCSON),2006,SUV
2015-10-19,현대자동차,투싼(TUCSON),2006,SUV
2015-10-20,현대자동차,싼타페(SANTAFE),2011,SUV
2015-10-20,현대자동차,싼타페,2001,SUV
2015-10-20,기아,카니발,2016,MPV/미니밴
2015-10-21,현대자동차,투싼(TUCSON),2010,SUV
2015-10-21,르노코리아,QM3,2014,SUV
2015-10-21,기아,모하비,2014,SUV
2015-10-22,기아,카니발,2015,MPV/미니밴
2015-10-22,KG 모빌리티,렉스턴,2006,SUV
2015-10-22,현대자동차,투싼(TUCSON),2005,SUV
2015-10-22,현대자동차,투싼(TUCSON),2006,SUV
2015-10-23,KG 모빌리티,렉스턴,2013,SUV
2015-10-23,기아,쏘렌토,2015,SUV
2015-10-26,현대자동차,투싼(TUCSON),2005,SUV
2015-10-26,현대자동차,투싼(TUCSON),2006,SUV
2015-10-26,기아,스포티지,2006,SUV
2015-10-26,현대자동차,투싼(TUCSON),2005,SUV
2015-10-27,메르세데스 벤츠,GLK220 CDI 4Matic,2013,SUV
2015-10-27,재규어랜드로버,프리랜더 SD4,2012,SUV
2015-10-27,기아,쏘렌토,2015,SUV
2015-10-27,기아,스포티지,2014,SUV
2015-10-27,현대자동차,투싼(TUCSON),2006,SUV
2015-10-27,현대자동차,투싼(TUCSON),2010,SUV
2015-10-27,현대자동차,투싼(TUCSON),2006,SUV
2015-10-28,현대자동차,투싼(TUCSON),2010,SUV
2015-10-28,기아,스포티지,2014,SUV
2015-10-28,KG 모빌리티,렉스턴,2008,SUV
2015-10-28,기아,카니발,2016,MPV/미니밴
2015-10-28,기아,그랜드카니발,2006,MPV/미니밴
2015-10-28,현대자동차,투싼(TUCSON),2006,SUV
2015-10-29,현대자동차,투싼(TUCSON),2008,SUV
2015-10-29,현대자동차,투싼(TUCSON),2006,SUV
2015-10-30,현대자동차,투싼(TUCSON),2006,SUV
2015-10-30,현대자동차,투싼(TUCSON),2006,SUV
2015-11-02,기아,쏘렌토,2014,SUV
2015-11-02,기아,카렌스,2007,MPV/미니밴
2015-11-02,KG 모빌리티,티볼리,2015,SUV
2015-11-02,르노코리아,QM3,2014,SUV
2015-11-02,르노코리아,QM5,2010,SUV
2015-11-02,현대자동차,투싼(TUCSON),2007,SUV
2015-11-02,기아,카니발,2016,MPV/미니밴
2015-11-03,기아,모하비,2015,SUV
2015-11-03,기아,쏘렌토,2015,SUV
2015-11-04,기아,카니발,2016,MPV/미니밴
2015-11-04,현대자동차,투싼(TUCSON),2004,SUV
2015-11-04,기아,모하비,2012,SUV
2015-11-04,KG 모빌리티,티볼리,2015,SUV
2015-11-05,현대자동차,투싼(TUCSON),2016,SUV
2015-11-05,기아,카니발,2016,MPV/미니밴
2015-11-05,기아,스포티지,2006,SUV
2015-11-05,현대자동차,투싼(TUCSON),2006,SUV
2015-11-05,KG 모빌리티,렉스턴,2013,SUV
2015-11-06,기아,카니발,2015,MPV/미니밴
2015-11-06,기아,모하비,2015,SUV
2015-11-06,BMW,BMW X5 xDrive30d,2011,SUV
2015-11-09,KG 모빌리티,티볼리,2015,SUV
2015-11-09,KG 모빌리티,티볼리,2016,SUV
2015-11-09,KG 모빌리티,티볼리,2016,SUV
2015-11-09,기아,쏘렌토,2015,SUV
2015-11-09,현대자동차,투싼(TUCSON),2005,SUV
2015-11-09,르노코리아,QM5,2012,SUV
2015-11-10,현대자동차,싼타페(SANTAFE),2013,SUV
2015-11-11,기아,그랜드카니발,2006,MPV/미니밴
2015-11-11,르노코리아,QM3,2015,SUV
2015-11-11,현대자동차,투싼(TUCSON),2006,SUV
2015-11-11,현대자동차,투싼(TUCSON),2007,SUV
2015-11-12,기아,카니발,2016,MPV/미니밴
2015-11-12,현대자동차,투싼(TUCSON),2006,SUV
2015-11-12,현대자동차,투싼(TUCSON),2006,SUV
2015-11-13,기아,카렌스,2007,MPV/미니밴
2015-11-13,기아,쏘렌토,2015,SUV
2015-11-13,현대자동차,투싼(TUCSON),2006,SUV
2015-11-13,현대자동차,투싼(TUCSON),2004,SUV
2015-11-16,KG 모빌리티,렉스턴,2007,SUV
2015-11-16,현대자동차,투싼(TUCSON),2006,SUV
2015-11-17,현대자동차,투싼(TUCSON),2006,SUV
2015-11-17,기아,스포티지,2006,SUV
2015-11-18,기아,스포티지,2006,SUV
2015-11-18,현대자동차,투싼(TUCSON),2006,SUV
2015-11-18,현대자동차,싼타페(SANTAFE),2016,SUV
2015-11-18,현대자동차,투싼(TUCSON),2004,SUV
2015-11-19,KG 모빌리티,티볼리,2015,SUV
2015-11-19,현대자동차,투싼(TUCSON),2006,SUV
2015-11-19,기아,쏘렌토,2015,SUV
2015-11-19,현대자동차,투싼(TUCSON),2006,SUV
2015-11-20,현대자동차,투싼(TUCSON),2006,SUV
2015-11-20,현대자동차,투싼(TUCSON),2006,SUV
2015-11-23,현대자동차,싼타페(SANTAFE),2016,SUV
2015-11-23,현대자동차,스타렉스(STAREX),2004,MPV/미니밴
2015-11-23,기아,쏘렌토,2016,SUV
2015-11-23,현대자동차,투싼(TUCSON),2006,SUV
2015-11-23,KG 모빌리티,렉스턴,2004,SUV
2015-11-23,현대자동차,투싼(TUCSON),2006,SUV
2015-11-24,KG 모빌리티,티볼리,2015,SUV
2015-11-24,현대자동차,투싼(TUCSON),2015,SUV
2015-11-24,현대자동차,그랜드 스타렉스(GRAND STAREX),2013,MPV/미니밴
2015-11-24,르노코리아,QM3,2014,SUV
2015-11-24,기아,카니발,2015,MPV/미니밴
2015-11-25,기아,쏘렌토,2010,SUV
2015-11-26,현대자동차,싼타페(SANTAFE),2008,SUV
2015-11-26,현대자동차,스타렉스(STAREX),2005,MPV/미니밴
2015-11-26,현대자동차,투싼(TUCSON),2004,SUV
2015-11-26,현대자동차,투싼(TUCSON),2006,SUV
2015-11-26,현대자동차,투싼(TUCSON),2004,SUV
2015-11-26,기아,카니발,2016,MPV/미니밴
2015-11-26,현대자동차,투싼(TUCSON),2004,SUV
2015-11-26,현대자동차,투싼(TUCSON),2005,SUV
2015-11-26,기아,쏘렌토,2002,SUV
2015-11-26,현대자동차,투싼(TUCSON),2005,SUV
2015-11-26,현대자동차,투싼(TUCSON),2007,SUV
2015-11-26,현대자동차,투싼(TUCSON),2004,SUV
2015-11-26,현대자동차,투싼(TUCSON),2004,SUV
2015-11-27,기아,그랜드 카니발,2013,MPV/미니밴
2015-11-27,기아,그랜드카니발,2006,MPV/미니밴
2015-11-27,현대자동차,스타렉스(STAREX),2004,MPV/미니밴
2015-11-27,현대자동차,투싼(TUCSON),2006,SUV
2015-11-27,KG 모빌리티,티볼리,2015,SUV
2015-11-27,현대자동차,투싼(TUCSON),2005,SUV
2015-11-27,현대자동차,투싼(TUCSON),2005,SUV
2015-11-27,KG 모빌리티,티볼리,2016,SUV
2015-11-27,현대자동차,투싼(TUCSON),2006,SUV
2015-11-27,현대자동차,투싼(TUCSON),2005,SUV
2015-11-27,현대자동차,투싼(TUCSON),2006,SUV
2015-11-27,현대자동차,투싼(TUCSON),2006,SUV
2015-11-27,현대자동차,투싼(TUCSON),2004,SUV
2015-11-27,현대자동차,투싼(TUCSON),2004,SUV
2015-11-27,현대자동차,투싼(TUCSON),2006,SUV
2015-11-27,현대자동차,투싼(TUCSON),2005,SUV
2015-11-27,현대자동차,싼타페(SANTAFE),2005,SUV
2015-11-30,현대자동차,투싼(TUCSON),2010,SUV
2015-11-30,현대자동차,투싼(TUCSON),2005,SUV
2015-11-30,현대자동차,투싼(TUCSON),2004,SUV
2015-12-01,기아,모하비,2015,SUV
2015-12-01,현대자동차,투싼(TUCSON),2006,SUV
2015-12-01,현대자동차,투싼(TUCSON),2006,SUV
2015-12-01,현대자동차,투싼(TUCSON),2006,SUV
2015-12-02,현대자동차,투싼(TUCSON),2006,SUV
2015-12-03,기아,스포티지,2016,SUV
2015-12-03,현대자동차,스타렉스(STAREX),2006,MPV/미니밴
2015-12-03,현대자동차,투싼(TUCSON),2004,SUV
2015-12-03,현대자동차,투싼(TUCSON),2004,SUV
2015-12-04,기아,스포티지,2016,SUV
2015-12-04,현대자동차,싼타페(SANTAFE),2013,SUV
2015-12-04,현대자동차,투싼(TUCSON),2004,SUV
2015-12-04,현대자동차,투싼(TUCSON),2005,SUV
2015-12-04,현대자동차,투싼(TUCSON),2006,SUV
2015-12-04,현대자동차,투싼(TUCSON),2006,SUV
2015-12-07,KG 모빌리티,렉스턴,2016,SUV
2015-12-07,기아,쏘렌토,2007,SUV
2015-12-07,기아,카니발,2016,MPV/미니밴
2015-12-07,현대자동차,투싼(TUCSON),2006,SUV
2015-12-07,현대자동차,투싼(TUCSON),2006,SUV
2015-12-08,현대자동차,투싼(TUCSON),2004,SUV
2015-12-08,현대자동차,투싼(TUCSON),2004,SUV
2015-12-08,현대자동차,그랜드 스타렉스(GRAND STAREX),2016,MPV/미니밴
2015-12-08,KG 모빌리티,렉스턴,2011,SUV
2015-12-08,기아,카니발,2015,MPV/미니밴
2015-12-08,기아,카니발,2015,MPV/미니밴
2015-12-08,기아,카니발,2016,MPV/미니밴
2015-12-08,기아,카니발,2015,MPV/미니밴
2015-12-08,기아,카니발,2015,MPV/미니밴
2015-12-08,기아,쏘렌토,2015,SUV
2015-12-08,현대자동차,투싼(TUCSON),2006,SUV
2015-12-09,BMW,BMW X5 3.0d,2008,SUV
2015-12-09,현대자동차,투싼(TUCSON),2004,SUV
2015-12-09,기아,그랜드카니발,2006,MPV/미니밴
2015-12-09,르노코리아,QM5,2014,SUV
2015-12-09,기아,카니발,2015,MPV/미니밴
2015-12-09,기아,카렌스,2007,MPV/미니밴
2015-12-09,현대자동차,투싼(TUCSON),2006,SUV
2015-12-09,현대자동차,투싼(TUCSON),2005,SUV
2015-12-09,현대자동차,투싼(TUCSON),2006,SUV
2015-12-09,기아,카니발,2016,MPV/미니밴
2015-12-09,기아,카니발,2015,MPV/미니밴
2015-12-09,기아,카니발,2015,MPV/미니밴
2015-12-09,기아,카니발,2016,MPV/미니밴
2015-12-09,현대자동차,투싼(TUCSON),2006,SUV
2015-12-09,현대자동차,투싼(TUCSON),2006,SUV
2015-12-10,기아,쏘렌토,2016,SUV
2015-12-10,기아,카니발,2016,MPV/미니밴
2015-12-10,현대자동차,투싼(TUCSON),2012,SUV
2015-12-11,KG 모빌리티,티볼리,2015,SUV
2015-12-11,현대자동차,싼타페(SANTAFE),2012,SUV
2015-12-11,현대자동차,싼타페(SANTAFE),2013,SUV
2015-12-11,르노코리아,QM3,2016,SUV
2015-12-14,기아,카렌스,2014,MPV/미니밴
2015-12-14,현대자동차,투싼(TUCSON),2006,SUV
2015-12-14,현대자동차,투싼(TUCSON),2006,SUV
2015-12-14,현대자동차,투싼(TUCSON),2006,SUV
2015-12-14,현대자동차,투싼(TUCSON),2005,SUV
2015-12-14,현대자동차,투싼(TUCSON),2006,SUV
2015-12-15,KG 모빌리티,티볼리,2015,SUV
2015-12-15,기아,스포티지,2016,SUV
2015-12-15,현대자동차,투싼(TUCSON),2004,SUV
2015-12-15,현대자동차,투싼(TUCSON),2007,SUV
2015-12-15,현대자동차,투싼(TUCSON),2006,SUV
2015-12-15,현대자동차,투싼(TUCSON),2004,SUV
2015-12-15,현대자동차,투싼(TUCSON),2016,SUV
2015-12-15,현대자동차,싼타페(SANTAFE),2016,SUV
2015-12-15,기아,스포티지,2016,SUV
2015-12-15,기아,스포티지,2016,SUV
2015-12-15,기아,그랜드카니발,2006,MPV/미니밴
2015-12-15,기아,그랜드카니발,2006,MPV/미니밴
2015-12-16,르노코리아,QM3,2014,SUV
2015-12-16,현대자동차,투싼(TUCSON),2010,SUV
2015-12-16,현대자동차,투싼(TUCSON),2005,SUV
2015-12-16,현대자동차,투싼(TUCSON),2005,SUV
2015-12-16,현대자동차,싼타페(SANTAFE),2013,SUV
2015-12-16,기아,쏘렌토,2015,SUV
2015-12-17,기아,모하비,2012,SUV
2015-12-18,현대자동차,투싼(TUCSON),2005,SUV
2015-12-18,기아,스포티지,2016,SUV
2015-12-18,기아,카니발,2015,MPV/미니밴
2015-12-18,기아,카니발,2016,MPV/미니밴
2015-12-18,기아,그랜드 카니발,2010,MPV/미니밴
2015-12-21,현대자동차,투싼(TUCSON),2011,SUV
2015-12-21,기아,스포티지,2016,SUV
2015-12-21,현대자동차,스타렉스(STAREX),2004,MPV/미니밴
2015-12-21,기아,그랜드 카니발,2006,MPV/미니밴
2015-12-21,기아,카니발,2016,MPV/미니밴
2015-12-21,기아,카니발,2015,MPV/미니밴
2015-12-21,기아,카니발,2016,MPV/미니밴
2015-12-21,기아,카니발,2015,MPV/미니밴
2015-12-21,기아,카니발,2016,MPV/미니밴
2015-12-21,기아,카니발,2016,MPV/미니밴
2015-12-21,기아,스포티지,2016,SUV
2015-12-21,기아,카니발,2016,MPV/미니밴
2015-12-22,현대자동차,투싼(TUCSON),2006,SUV
2015-12-22,KG 모빌리티,티볼리,2016,SUV
2015-12-22,메르세데스 벤츠,ML350 BlueTEC 4Matic,2015,SUV
2015-12-22,기아,카니발,2016,MPV/미니밴
2015-12-22,기아,카니발,2016,MPV/미니밴
2015-12-22,기아,카니발,2016,MPV/미니밴
2015-12-23,현대자동차,스타렉스(STAREX),2004,MPV/미니밴
2015-12-23,현대자동차,투싼(TUCSON),2004,SUV
2015-12-23,현대자동차,투싼(TUCSON),2007,SUV
2015-12-23,현대자동차,투싼(TUCSON),2005,SUV
2015-12-23,기아,카니발,2015,MPV/미니밴
2015-12-23,기아,카니발,2016,MPV/미니밴
2015-12-23,기아,카니발,2016,MPV/미니밴
2015-12-23,기아,카니발,2015,MPV/미니밴
2015-12-23,기아,카니발,2015,MPV/미니밴
2015-12-23,기아,카니발,2015,MPV/미니밴
2015-12-23,기아,카니발,2016,MPV/미니밴
2015-12-23,기아,카니발,2015,MPV/미니밴
2015-12-23,기아,카니발,2015,MPV/미니밴
2015-12-23,기아,카니발,2016,MPV/미니밴
2015-12-23,기아,카니발,2016,MPV/미니밴
2015-12-23,기아,카니발,2016,MPV/미니밴
2015-12-23,기아,카니발,2015,MPV/미니밴
2015-12-23,기아,카니발,2015,MPV/미니밴
2015-12-23,기아,카니발,2015,MPV/미니밴
2015-12-23,기아,카니발,2016,MPV/미니밴
2015-12-23,기아,카니발,2016,MPV/미니밴
2015-12-24,기아,카니발,2016,MPV/미니밴
2015-12-24,기아,카니발,2016,MPV/미니밴
2015-12-24,기아,카니발,2015,MPV/미니밴
2015-12-24,기아,카니발,2016,MPV/미니밴
2015-12-24,기아,카니발,2015,MPV/미니밴
2015-12-24,기아,카니발,2016,MPV/미니밴
2015-12-24,기아,카니발,2016,MPV/미니밴
2015-12-24,기아,스포티지,2016,SUV
2015-12-24,기아,카니발,2015,MPV/미니밴
2015-12-24,기아,스포티지,2016,SUV
2015-12-24,기아,카니발,2016,MPV/미니밴
2015-12-24,기아,카니발,2015,MPV/미니밴
2015-12-24,기아,카니발,2015,MPV/미니밴
2015-12-24,기아,카니발,2016,MPV/미니밴
2015-12-24,기아,카니발,2016,MPV/미니밴
2015-12-24,기아,카니발,2016,MPV/미니밴
2015-12-24,기아,카니발,2016,MPV/미니밴
2015-12-28,기아,카렌스,2009,MPV/미니밴
2015-12-28,현대자동차,싼타페(SANTAFE),2014,SUV
2015-12-28,현대자동차,투싼(TUCSON),2007,SUV
2015-12-28,현대자동차,투싼(TUCSON),2006,SUV
2015-12-28,르노코리아,QM5,2015,SUV
2015-12-28,르노코리아,QM3,2014,SUV
2015-12-28,기아,카니발,2016,MPV/미니밴
2015-12-29,기아,카니발,2016,MPV/미니밴
2015-12-29,기아,카니발,2016,MPV/미니밴
2015-12-29,기아,카니발,2016,MPV/미니밴
2015-12-30,르노코리아,QM5,2015,SUV
2015-12-31,현대자동차,투싼(TUCSON),2006,SUV
2015-12-31,현대자동차,투싼(TUCSON),2004,SUV
2015-12-31,기아,그랜드 카니발,2007,MPV/미니밴
2015-12-31,기아,카니발,2016,MPV/미니밴
2015-12-31,기아,카니발,2015,MPV/미니밴
2020-12-31,현대자동차,투싼(TUCSON),2019,SUV
2020-12-31,현대자동차,투싼(TUCSON),2021,SUV
2020-12-31,기아,쏘렌토 하이브리드,2021,SUV
2020-12-31,현대자동차,투싼(TUCSON),2016,SUV
2020-12-31,현대자동차,GV80,2020,SUV
2020-12-31,현대자동차,코나 하이브리드(KONA HYBRID),2021,SUV
2020-12-31,르노코리아,QM6,2017,SUV
2020-12-30,기아,쏘렌토 하이브리드,2021,SUV
2020-12-29,르노코리아,QM6,2017,SUV
2020-12-30,기아,쏘렌토 하이브리드,2021,SUV
2020-12-30,현대자동차,투싼(TUCSON),2017,SUV
2020-12-30,기아,쏘렌토 하이브리드,2021,SUV
2020-12-30,기아,쏘렌토 하이브리드,2021,SUV
2020-12-30,메르세데스 벤츠,Mercedes-Benz GLA250 4MATIC,2020,SUV
2020-12-30,재규어랜드로버,재규어 F-PACE 20d,2018,SUV
2020-12-30,기아,쏘렌토 하이브리드,2021,SUV
2020-12-30,현대자동차,투싼(TUCSON),2016,SUV
2020-12-30,현대자동차,투싼(TUCSON),2016,SUV
2020-12-30,기아,쏘렌토 하이브리드,2021,SUV
2020-12-29,현대자동차,싼타페(SANTAFE),2021,SUV
2020-12-29,기아,쏘렌토 하이브리드,2021,SUV
2020-12-29,기아,카니발,2019,MPV/미니밴
2020-12-29,기아,쏘렌토 하이브리드,2021,SUV
2020-12-29,기아,쏘렌토 하이브리드,2021,SUV
2020-12-29,기아,쏘렌토 하이브리드,2021,SUV
2020-12-29,현대자동차,싼타페(SANTAFE),2013,SUV
2020-12-28,현대자동차,싼타페(SANTAFE),2013,SUV
2020-12-28,기아,쏘렌토 하이브리드,2021,SUV
2020-12-28,현대자동차,투싼 하이브리드(TUCSON HYBRID),2021,SUV
2020-12-28,기아,쏘렌토 하이브리드,2021,SUV
2020-12-28,기아,카니발,2019,MPV/미니밴
2020-12-28,기아,쏘렌토 하이브리드,2021,SUV
2020-12-28,기아,쏘렌토 하이브리드,2021,SUV
2020-12-28,르노코리아,QM6,2020,SUV
2020-12-28,기아,쏘렌토 하이브리드,2021,SUV
2020-12-28,기아,쏘렌토 하이브리드,2021,SUV
2020-12-28,기아,쏘렌토 하이브리드,2021,SUV
2020-12-28,기아,쏘렌토 하이브리드,2021,SUV
2020-12-28,기아,쏘렌토 하이브리드,2021,SUV
2020-12-28,기아,쏘렌토 하이브리드,2021,SUV
2020-12-28,기아,쏘렌토 하이브리드,2021,SUV
2020-12-28,기아,쏘렌토 하이브리드,2021,SUV
2020-12-28,기아,쏘렌토 하이브리드,2021,SUV
2020-12-28,기아,쏘렌토 하이브리드,2021,SUV
2020-12-24,기아,쏘렌토 하이브리드,2021,SUV
2020-12-24,기아,쏘렌토,2021,SUV
2020-12-24,기아,쏘렌토 하이브리드,2021,SUV
2020-12-24,기아,쏘렌토 하이브리드,2021,SUV
2020-12-24,현대자동차,투싼 하이브리드(TUCSON HYBRID),2021,SUV
2020-12-24,기아,쏘렌토 하이브리드,2021,SUV
2020-12-24,현대자동차,팰리세이드(PALISADE),2021,SUV
2020-12-24,현대자동차,투싼(TUCSON),2007,SUV
2020-12-24,기아,쏘렌토 하이브리드,2021,SUV
2020-12-23,현대자동차,싼타페(SANTAFE),2021,SUV
2020-12-23,기아,쏘렌토 하이브리드,2021,SUV
2020-12-23,기아,쏘렌토 하이브리드,2021,SUV
2020-12-23,현대자동차,투싼 하이브리드(TUCSON HYBRID),2021,SUV
2020-12-23,현대자동차,투싼(TUCSON),2016,SUV
2020-12-23,기아,쏘렌토 하이브리드,2021,SUV
2020-12-23,기아,쏘렌토 하이브리드,2021,SUV
2020-12-23,현대자동차,투싼(TUCSON),2016,SUV
2020-12-23,현대자동차,투싼(TUCSON),2017,SUV
2020-12-23,기아,쏘렌토 하이브리드,2021,SUV
2020-12-23,현대자동차,코나 일렉트릭 (KONA ELECTRIC),2019,SUV
2020-12-23,기아,쏘렌토 하이브리드,2021,SUV
2020-12-23,현대자동차,투싼(TUCSON),2017,SUV
2020-12-23,기아,쏘렌토 하이브리드,2021,SUV
2020-12-22,현대자동차,투싼(TUCSON),2016,SUV
2020-12-23,기아,쏘렌토 하이브리드,2021,SUV
2020-12-23,기아,쏘렌토 하이브리드,2021,SUV
2020-12-23,기아,쏘렌토 하이브리드,2021,SUV
2020-12-23,기아,쏘렌토 하이브리드,2021,SUV
2020-12-23,현대자동차,투싼(TUCSON),2017,SUV
2020-12-23,현대자동차,투싼(TUCSON),2006,SUV
2020-12-22,기아,쏘렌토 하이브리드,2021,SUV
2020-12-23,기아,카니발,2019,MPV/미니밴
2020-12-21,기아,쏘렌토 하이브리드,2021,SUV
2020-12-23,기아,쏘렌토,2021,SUV
2020-12-22,기아,쏘렌토 하이브리드,2021,SUV
2020-12-22,기아,쏘렌토 하이브리드,2021,SUV
2020-12-22,기아,쏘렌토 하이브리드,2021,SUV
2020-12-22,기아,쏘렌토 하이브리드,2021,SUV
2020-12-22,현대자동차,투싼(TUCSON),2016,SUV
2020-12-23,기아,쏘렌토 하이브리드,2021,SUV
2020-12-22,기아,쏘렌토 하이브리드,2021,SUV
2020-12-23,기아,쏘렌토 하이브리드,2021,SUV
2020-12-22,기아,쏘렌토 하이브리드,2021,SUV
2020-12-22,기아,쏘렌토 하이브리드,2021,SUV
2020-12-23,기아,쏘렌토,2021,SUV
2020-12-22,기아,쏘렌토 하이브리드,2021,SUV
2020-12-21,기아,쏘렌토 하이브리드,2021,SUV
2020-12-21,기아,쏘렌토 하이브리드,2021,SUV
2020-12-21,기아,쏘렌토 하이브리드,2021,SUV
2020-12-21,기아,쏘렌토 하이브리드,2021,SUV
2020-12-21,기아,쏘렌토 하이브리드,2021,SUV
2020-12-21,현대자동차,투싼 하이브리드(TUCSON HYBRID),2021,SUV
2020-12-22,기아,쏘렌토 하이브리드,2021,SUV
2020-12-22,현대자동차,투싼 하이브리드(TUCSON HYBRID),2021,SUV
2020-12-21,기아,쏘렌토 하이브리드,2021,SUV
2020-12-21,기아,쏘렌토 하이브리드,2021,SUV
2020-12-21,기아,쏘렌토 하이브리드,2021,SUV
2020-12-21,기아,쏘렌토 하이브리드,2021,SUV
2020-12-22,기아,쏘렌토 하이브리드,2021,SUV
2020-12-21,기아,쏘렌토 하이브리드,2021,SUV
2020-12-21,기아,쏘렌토 하이브리드,2021,SUV
2020-12-21,기아,쏘렌토 하이브리드,2021,SUV
2020-12-21,기아,쏘렌토 하이브리드,2021,SUV
2020-12-21,기아,쏘렌토 하이브리드,2021,SUV
2020-12-21,기아,쏘렌토 하이브리드,2021,SUV
2020-12-21,기아,쏘렌토 하이브리드,2021,SUV
2020-12-21,기아,쏘렌토 하이브리드,2021,SUV
2020-12-21,기아,쏘렌토,2015,SUV
2020-12-21,기아,쏘렌토,2015,SUV
2020-12-21,기아,쏘렌토 하이브리드,2021,SUV
2020-12-21,기아,쏘렌토,2018,SUV
2020-12-21,기아,쏘렌토 하이브리드,2021,SUV
2020-12-21,기아,쏘렌토 하이브리드,2021,SUV
2020-12-21,기아,쏘렌토 하이브리드,2021,SUV
2020-12-21,기아,쏘렌토 하이브리드,2021,SUV
2020-12-21,기아,쏘렌토 하이브리드,2021,SUV
2020-12-21,기아,쏘렌토 하이브리드,2021,SUV
2020-12-21,기아,모하비,2018,SUV
2020-12-22,기아,쏘렌토 하이브리드,2021,SUV
2020-12-21,기아,쏘렌토 하이브리드,2021,SUV
2020-12-21,기아,모하비,2018,SUV
2020-12-21,기아,쏘렌토 하이브리드,2021,SUV
2020-12-21,기아,쏘렌토 하이브리드,2021,SUV
2020-12-21,기아,쏘렌토 하이브리드,2021,SUV
2020-12-18,기아,쏘렌토,2021,SUV
2020-12-21,기아,쏘렌토 하이브리드,2021,SUV
2020-12-21,기아,쏘렌토 하이브리드,2021,SUV
2020-12-18,기아,쏘렌토 하이브리드,2021,SUV
2020-12-18,기아,쏘렌토 하이브리드,2021,SUV
2020-12-18,기아,쏘렌토 하이브리드,2021,SUV
2020-12-18,기아,쏘렌토 하이브리드,2021,SUV
2020-12-18,기아,쏘렌토,2021,SUV
2020-12-21,기아,쏘렌토 하이브리드,2021,SUV
2020-12-18,기아,쏘렌토 하이브리드,2021,SUV
2020-12-18,기아,쏘렌토 하이브리드,2021,SUV
2020-12-18,기아,쏘렌토 하이브리드,2021,SUV
2020-12-18,기아,쏘렌토 하이브리드,2021,SUV
2020-12-18,기아,쏘렌토 하이브리드,2021,SUV
2020-12-18,기아,쏘렌토 하이브리드,2021,SUV
2020-12-18,기아,쏘렌토 하이브리드,2021,SUV
2020-12-18,기아,쏘렌토 하이브리드,2021,SUV
2020-12-18,기아,쏘렌토 하이브리드,2021,SUV
2020-12-18,기아,쏘렌토 하이브리드,2021,SUV
2020-12-16,현대자동차,투싼 하이브리드(TUCSON HYBRID),2021,SUV
2020-12-17,기아,쏘렌토 하이브리드,2021,SUV
2020-12-18,현대자동차,투싼 하이브리드(TUCSON HYBRID),2021,SUV
2020-12-17,현대자동차,투싼 하이브리드(TUCSON HYBRID),2021,SUV
2020-12-17,기아,쏘렌토 하이브리드,2021,SUV
2020-12-16,기아,쏘렌토 하이브리드,2021,SUV
2020-12-16,기아,쏘렌토 하이브리드,2021,SUV
2020-12-16,현대자동차,투싼 하이브리드(TUCSON HYBRID),2021,SUV
2020-12-17,기아,쏘렌토 하이브리드,2021,SUV
2020-12-17,르노코리아,QM6,2020,SUV
2020-12-15,기아,쏘렌토 하이브리드,2021,SUV
2020-12-15,기아,쏘렌토 하이브리드,2021,SUV
2020-12-14,현대자동차,팰리세이드(PALISADE),2021,SUV
2020-12-15,현대자동차,투싼(TUCSON),2015,SUV
2020-12-15,기아,쏘렌토 하이브리드,2021,SUV
2020-12-17,기아,그랜드 카니발,2012,MPV/미니밴
2020-12-15,기아,쏘렌토 하이브리드,2021,SUV
2020-12-15,현대자동차,투싼(TUCSON),2016,SUV
2020-12-15,기아,쏘렌토 하이브리드,2021,SUV
2020-12-15,기아,쏘렌토 하이브리드,2021,SUV
2020-12-15,기아,쏘렌토 하이브리드,2021,SUV
2020-12-17,현대자동차,투싼(TUCSON),2018,SUV
2020-12-15,현대자동차,투싼(TUCSON),2017,SUV
2020-12-15,기아,쏘렌토 하이브리드,2021,SUV
2020-12-11,KG 모빌리티,렉스턴,2021,SUV
2020-12-14,르노코리아,XM3,2020,SUV
2020-12-15,현대자동차,투싼(TUCSON),2020,SUV
2020-12-15,기아,쏘렌토 하이브리드,2021,SUV
2020-12-14,KG 모빌리티,렉스턴,2021,SUV
2020-12-11,기아,쏘렌토 하이브리드,2021,SUV
2020-12-11,기아,쏘렌토 하이브리드,2021,SUV
2020-12-11,현대자동차,그랜드 스타렉스(GRAND STAREX),2016,MPV/미니밴
2020-12-11,기아,쏘렌토 하이브리드,2021,SUV
2020-12-11,기아,쏘렌토 하이브리드,2021,SUV
2020-12-11,현대자동차,코나 하이브리드(KONA HYBRID),2020,SUV
2020-12-11,현대자동차,코나 하이브리드(KONA HYBRID),2020,SUV
2020-12-11,기아,쏘렌토 하이브리드,2021,SUV
2020-12-14,현대자동차,투싼(TUCSON),2016,SUV
2020-12-09,KG 모빌리티,G4 렉스턴,2020,SUV
2020-12-11,기아,쏘렌토 하이브리드,2021,SUV
2020-12-11,기아,쏘렌토 하이브리드,2021,SUV
2020-12-11,기아,쏘렌토,2016,SUV
2020-12-11,기아,쏘렌토 하이브리드,2021,SUV
2020-12-11,기아,쏘렌토 하이브리드,2021,SUV
2020-12-14,기아,쏘렌토 하이브리드,2021,SUV
2020-12-11,기아,쏘렌토 하이브리드,2021,SUV
2020-12-11,기아,쏘렌토 하이브리드,2021,SUV
2020-12-10,기아,쏘렌토 하이브리드,2021,SUV
2020-12-10,기아,쏘렌토 하이브리드,2021,SUV
2020-12-10,KG 모빌리티,티볼리,2020,SUV
2020-12-10,기아,쏘렌토 하이브리드,2021,SUV
2020-12-10,현대자동차,코나 일렉트릭 (KONA ELECTRIC),2020,SUV
2020-12-10,현대자동차,투싼(TUCSON),2016,SUV
2020-12-10,기아,쏘렌토 하이브리드,2021,SUV
2020-12-10,기아,쏘렌토 하이브리드,2021,SUV
2020-12-11,기아,쏘렌토 하이브리드,2021,SUV
2020-12-11,르노코리아,QM6,2020,SUV
2020-12-10,르노코리아,QM6,2020,SUV
2020-12-07,현대자동차,투싼(TUCSON),2012,SUV
2020-12-10,르노코리아,QM3,2018,SUV
2020-12-10,현대자동차,투싼(TUCSON),2016,SUV
2020-12-10,기아,쏘렌토 하이브리드,2021,SUV
2020-12-10,기아,쏘렌토 하이브리드,2021,SUV
2020-12-10,기아,쏘렌토 하이브리드,2021,SUV
2020-12-10,현대자동차,코나 일렉트릭 (KONA ELECTRIC),2019,SUV
2020-12-10,기아,쏘렌토 하이브리드,2021,SUV
2020-12-10,기아,쏘렌토 하이브리드,2021,SUV
2020-12-10,기아,쏘렌토 하이브리드,2021,SUV
2020-12-10,기아,쏘렌토 하이브리드,2021,SUV
2020-12-10,기아,쏘렌토 하이브리드,2021,SUV
2020-12-10,기아,쏘렌토 하이브리드,2021,SUV
2020-12-10,기아,쏘렌토 하이브리드,2021,SUV
2020-12-10,기아,쏘렌토 하이브리드,2021,SUV
2020-12-10,기아,쏘렌토 하이브리드,2021,SUV
2020-12-10,기아,쏘렌토,2021,SUV
2020-12-10,기아,쏘렌토 하이브리드,2021,SUV
2020-12-10,기아,그랜드 카니발,2014,MPV/미니밴
2020-12-10,르노코리아,QM6,2017,SUV
2020-12-09,기아,쏘렌토 하이브리드,2021,SUV
2020-12-09,기아,쏘렌토 하이브리드,2021,SUV
2020-12-09,기아,쏘렌토 하이브리드,2021,SUV
2020-12-10,기아,쏘렌토 하이브리드,2021,SUV
2020-12-10,기아,쏘렌토 하이브리드,2021,SUV
2020-12-09,기아,쏘렌토 하이브리드,2021,SUV
2020-12-10,기아,쏘렌토 하이브리드,2021,SUV
2020-12-09,기아,쏘렌토 하이브리드,2021,SUV
2020-12-10,기아,쏘렌토 하이브리드,2021,SUV
2020-12-09,기아,쏘렌토 하이브리드,2021,SUV
2020-12-08,기아,스포티지,2017,SUV
2020-12-08,기아,쏘렌토 하이브리드,2021,SUV
2020-12-09,기아,쏘렌토 하이브리드,2021,SUV
2020-12-08,기아,쏘렌토 하이브리드,2021,SUV
2020-12-09,기아,쏘렌토 하이브리드,2021,SUV
2020-12-08,기아,쏘렌토 하이브리드,2021,SUV
2020-12-08,기아,쏘렌토 하이브리드,2021,SUV
2020-12-08,기아,쏘렌토 하이브리드,2021,SUV
2020-12-08,기아,쏘렌토 하이브리드,2021,SUV
2020-12-08,기아,쏘렌토 하이브리드,2021,SUV
2020-12-08,기아,쏘렌토 하이브리드,2021,SUV
2020-12-09,기아,쏘렌토 하이브리드,2021,SUV
2020-12-09,기아,쏘렌토 하이브리드,2021,SUV
2020-12-09,기아,쏘렌토 하이브리드,2021,SUV
2020-12-08,기아,쏘렌토 하이브리드,2021,SUV
2020-12-09,기아,쏘렌토 하이브리드,2021,SUV
2020-12-04,기아,쏘렌토,2012,SUV
2020-12-08,기아,쏘렌토 하이브리드,2021,SUV
2020-12-08,현대자동차,투싼(TUCSON),2016,SUV
2020-12-08,기아,스포티지,2019,SUV
2020-12-04,기아,니로 하이브리드,2018,SUV
2020-12-08,KG 모빌리티,G4 렉스턴,2018,SUV
2020-12-08,기아,쏘렌토 하이브리드,2021,SUV
2020-12-10,기아,쏘렌토 하이브리드,2021,SUV
2020-12-04,현대자동차,투싼(TUCSON),2017,SUV
2020-12-03,볼보,볼보 XC90D5 AWD,2017,SUV
2020-12-04,KG 모빌리티,렉스턴,2021,SUV
2020-12-02,르노코리아,QM3,2017,SUV
2020-12-02,현대자동차,투싼(TUCSON),2017,SUV
2020-12-02,현대자동차,투싼(TUCSON),2016,SUV
2020-12-02,현대자동차,투싼(TUCSON),2017,SUV
2020-12-01,현대자동차,투싼(TUCSON),2021,SUV
2020-11-30,기아,카니발,2016,MPV/미니밴
2020-12-01,현대자동차,투싼(TUCSON),2006,SUV
2020-11-30,현대자동차,GV80,2020,SUV
2020-11-30,현대자동차,투싼(TUCSON),2016,SUV
2020-11-30,기아,모하비,2017,SUV
2020-11-30,기아,쏘렌토,2013,SUV
2020-11-27,르노코리아,QM6,2020,SUV
2020-11-27,메르세데스 벤츠,GLK220 CDI 4Matic,2015,SUV
2020-11-27,메르세데스 벤츠,GLK220 CDI 4Matic,2015,SUV
2020-11-27,르노코리아,QM3,2016,SUV
2020-11-27,기아,쏘렌토,2021,SUV
2020-11-30,기아,쏘렌토,2019,SUV
2020-11-25,현대자동차,GV80,2020,SUV
2020-11-27,르노코리아,CAPTUR,2020,SUV
2020-11-26,현대자동차,투싼(TUCSON),2016,SUV
2020-11-26,기아,모하비,2019,SUV
2020-11-27,현대자동차,투싼(TUCSON),2016,SUV
2020-11-26,기아,니로 하이브리드,2017,SUV
2020-11-26,기아,니로 하이브리드,2018,SUV
2020-11-25,기아,쏘렌토,2019,SUV
2020-11-25,현대자동차,투싼(TUCSON),2016,SUV
2020-11-25,현대자동차,싼타페(SANTAFE),2005,SUV
2020-11-25,현대자동차,투싼(TUCSON),2018,SUV
2020-11-24,기아,스포티지,2016,SUV
2020-11-25,현대자동차,투싼(TUCSON),2011,SUV
2020-11-23,기아,쏘렌토,2017,SUV
2020-11-24,기아,쏘렌토,2016,SUV
2020-11-23,현대자동차,투싼(TUCSON),2017,SUV
2020-11-23,현대자동차,투싼(TUCSON),2016,SUV
2020-11-24,르노코리아,XM3,2020,SUV
2020-11-24,현대자동차,싼타페(SANTAFE),2013,SUV
2020-11-23,현대자동차,투싼(TUCSON),2016,SUV
2020-11-23,KG 모빌리티,렉스턴,2013,SUV
2020-11-20,기아,카니발,2015,MPV/미니밴
2020-11-20,현대자동차,코나 하이브리드(KONA HYBRID),2020,SUV
2020-11-23,르노코리아,QM6,2020,SUV
2020-11-20,르노코리아,QM6,2020,SUV
2020-11-19,현대자동차,GV80,2020,SUV
2020-11-20,르노코리아,QM6,2020,SUV
2020-11-19,KG 모빌리티,티볼리,2019,SUV
2020-11-19,기아,쏘렌토,2021,SUV
2020-11-20,르노코리아,QM6,2020,SUV
2020-11-19,기아,쏘렌토,2021,SUV
2020-11-19,기아,모하비,2021,SUV
2020-11-20,현대자동차,투싼(TUCSON),2017,SUV
2020-11-19,르노코리아,QM6,2020,SUV
2020-11-18,KG 모빌리티,티볼리,2016,SUV
2020-11-18,현대자동차,투싼(TUCSON),2016,SUV
2020-11-18,현대자동차,투싼(TUCSON),2020,SUV
2020-11-18,KG 모빌리티,티볼리,2016,SUV
2020-11-18,기아,쏘렌토,2010,SUV
2020-11-17,기아,니로 EV,2019,SUV
2020-11-17,기아,니로 EV,2019,SUV
2020-11-17,기아,카니발,2021,MPV/미니밴
2020-11-17,기아,니로 EV,2019,SUV
2020-11-17,현대자동차,투싼(TUCSON),2016,SUV
2020-11-16,르노코리아,QM6,2017,SUV
2020-11-16,기아,니로 하이브리드,2020,SUV
2020-11-16,현대자동차,투싼(TUCSON),2016,SUV
2020-11-16,현대자동차,투싼(TUCSON),2016,SUV
2020-11-13,기아,쏘렌토,2017,SUV
2020-11-12,현대자동차,GV80,2020,SUV
2020-11-16,현대자동차,싼타페(SANTAFE),2013,SUV
2020-11-13,현대자동차,투싼(TUCSON),2017,SUV
2020-11-16,르노코리아,CAPTUR,2020,SUV
2020-11-12,르노코리아,QM3,2017,SUV
2020-11-13,현대자동차,투싼(TUCSON),2016,SUV
2020-11-12,기아,쏘렌토,2021,SUV
2020-11-11,기아,쏘렌토,2021,SUV
2020-11-12,현대자동차,투싼(TUCSON),2016,SUV
2020-11-11,KG 모빌리티,렉스턴스포츠,2019,SUV
2020-11-10,현대자동차,GV80,2020,SUV
2020-11-12,현대자동차,투싼(TUCSON),2019,SUV
2020-11-12,기아,쏘렌토,2017,SUV
2020-11-11,현대자동차,투싼(TUCSON),2016,SUV
2020-11-10,현대자동차,투싼(TUCSON),2016,SUV
2020-11-10,기아,스포티지,2016,SUV
2020-11-09,르노코리아,XM3,2020,SUV
2020-11-09,현대자동차,싼타페(SANTAFE),2020,SUV
2020-11-10,기아,쏘렌토,2015,SUV
2020-11-10,기아,쏘렌토,2021,SUV
2020-11-10,현대자동차,투싼(TUCSON),2016,SUV
2020-11-09,르노코리아,QM6,2020,SUV
2020-11-05,기아,스포티지,2012,SUV
2020-11-05,현대자동차,코나 일렉트릭 (KONA ELECTRIC),2019,SUV
2020-11-05,기아,니로 하이브리드,2020,SUV
2020-11-05,KG 모빌리티,렉스턴스포츠 칸,2021,SUV
2020-11-04,르노코리아,QM6,2017,SUV
2020-11-04,기아,카렌스,2014,MPV/미니밴
2020-11-03,기아,니로 하이브리드,2020,SUV
2020-11-03,현대자동차,GV80,2020,SUV
2020-11-03,기아,니로 하이브리드,2020,SUV
2020-11-05,르노코리아,QM6,2019,SUV
2020-11-05,메르세데스 벤츠,GLK220 CDI 4Matic,2010,SUV
2020-11-04,BMW,BMW X5 xDrive30d,2014,SUV
2020-11-02,현대자동차,GV80,2020,SUV
2020-11-03,현대자동차,팰리세이드(PALISADE),2021,SUV
2020-11-02,르노코리아,XM3,2020,SUV
2020-11-03,KG 모빌리티,G4 렉스턴,2018,SUV
2020-11-02,BMW,BMW X5 xDrive30d,2017,SUV
2020-11-02,KG 모빌리티,렉스턴,2013,SUV
2020-11-02,르노코리아,QM6,2020,SUV
2020-10-30,기아,니로 하이브리드,2020,SUV
2020-10-30,기아,카니발,2018,MPV/미니밴
2020-11-03,메르세데스 벤츠,GLK220 CDI 4Matic,2014,SUV
2020-11-02,현대자동차,투싼(TUCSON),2016,SUV
2020-11-02,현대자동차,팰리세이드(PALISADE),2019,SUV
2020-10-29,기아,니로 하이브리드,2020,SUV
2020-10-29,기아,니로 하이브리드,2020,SUV
2020-10-30,메르세데스 벤츠,GLK220 CDI 4Matic,2013,SUV
2020-10-30,메르세데스 벤츠,GLK220 CDI 4Matic,2013,SUV
2020-10-29,기아,쏘렌토,2021,SUV
2020-10-30,메르세데스 벤츠,GLK220 CDI 4Matic,2014,SUV
2020-10-30,르노코리아,QM6,2020,SUV
2020-10-29,현대자동차,투싼(TUCSON),2019,SUV
2020-11-02,메르세데스 벤츠,GLK220 CDI 4Matic,2015,SUV
2020-10-30,메르세데스 벤츠,GLK220 CDI 4Matic,2015,SUV
2020-10-29,기아,니로 하이브리드,2020,SUV
2020-10-29,르노코리아,XM3,2020,SUV
2020-10-29,르노코리아,XM3,2020,SUV
2020-10-29,르노코리아,XM3,2020,SUV
2020-10-29,르노코리아,XM3,2020,SUV
2020-10-29,르노코리아,XM3,2020,SUV
2020-10-29,르노코리아,XM3,2020,SUV
2020-10-29,현대자동차,투싼(TUCSON),2013,SUV
2020-10-29,르노코리아,XM3,2020,SUV
2020-10-29,르노코리아,XM3,2020,SUV
2020-10-29,현대자동차,싼타페(SANTAFE),2018,SUV
2020-10-28,현대자동차,투싼(TUCSON),2011,SUV
2020-10-27,현대자동차,GV80,2020,SUV
2020-10-27,현대자동차,투싼(TUCSON),2017,SUV
2020-10-28,르노코리아,XM3,2020,SUV
2020-10-27,기아,쏘렌토,2020,SUV
2020-10-27,현대자동차,투싼(TUCSON),2016,SUV
2020-10-27,기아,카렌스,2017,MPV/미니밴
2020-10-27,르노코리아,QM6,2020,SUV
2020-10-26,현대자동차,투싼(TUCSON),2016,SUV
2020-10-26,현대자동차,싼타페(SANTAFE),2021,SUV
2020-10-23,르노코리아,QM6,2020,SUV
2020-10-26,현대자동차,투싼(TUCSON),2017,SUV
2020-10-26,현대자동차,코나 일렉트릭 (KONA ELECTRIC),2019,SUV
2020-10-26,현대자동차,코나 일렉트릭 (KONA ELECTRIC),2019,SUV
2020-10-23,르노코리아,XM3,2020,SUV
2020-10-23,현대자동차,투싼(TUCSON),2016,SUV
2020-10-22,현대자동차,코나 일렉트릭 (KONA ELECTRIC),2019,SUV
2020-10-23,메르세데스 벤츠,GLK220 CDI 4Matic,2013,SUV
2020-10-26,기아,스포티지,2016,SUV
2020-10-23,기아,쏘렌토,2016,SUV
2020-10-21,메르세데스 벤츠,GLK220 CDI 4Matic,2011,SUV
2020-10-21,현대자동차,코나 일렉트릭 (KONA ELECTRIC),2019,SUV
2020-10-21,기아,카니발,2018,MPV/미니밴
2020-10-21,현대자동차,코나 하이브리드(KONA HYBRID),2020,SUV
2020-10-20,현대자동차,그랜드 스타렉스(GRAND STAREX),2020,MPV/미니밴
2020-10-21,르노코리아,QM6,2019,SUV
2020-10-21,기아,카렌스,2007,MPV/미니밴
2020-10-21,기아,카렌스,2007,MPV/미니밴
2020-10-20,현대자동차,코나 일렉트릭 (KONA ELECTRIC),2020,SUV
2020-10-19,기아,쏘렌토 하이브리드,2021,SUV
2020-10-21,기아,쏘렌토,2019,SUV
2020-10-19,메르세데스 벤츠,GLK220 CDI 4Matic,2010,SUV
2020-10-20,르노코리아,XM3,2020,SUV
2020-10-19,르노코리아,QM6,2017,SUV
2020-10-20,르노코리아,XM3,2020,SUV
2020-10-19,메르세데스 벤츠,GLK220 CDI 4Matic,2013,SUV
2020-10-19,기아,쏘렌토,2019,SUV
2020-10-19,메르세데스 벤츠,GLK220 CDI 4Matic,2010,SUV
2020-10-19,메르세데스 벤츠,GLK220 CDI 4Matic,2013,SUV
2020-10-16,현대자동차,코나 일렉트릭 (KONA ELECTRIC),2020,SUV
2020-10-19,르노코리아,QM6,2020,SUV
2020-10-16,기아,니로 하이브리드,2020,SUV
2020-10-16,현대자동차,코나 일렉트릭 (KONA ELECTRIC),2019,SUV
2020-10-19,기아,카렌스,2014,MPV/미니밴
2020-10-16,메르세데스 벤츠,GLK220 CDI 4Matic,2013,SUV
2020-10-16,메르세데스 벤츠,GLK220 CDI 4Matic,2014,SUV
2020-10-15,기아,니로 하이브리드,2020,SUV
2020-10-16,메르세데스 벤츠,GLK220 CDI 4Matic,2013,SUV
2020-10-16,현대자동차,투싼(TUCSON),2016,SUV
2020-10-15,현대자동차,싼타페(SANTAFE),2020,SUV
2020-10-15,현대자동차,그랜드 스타렉스(GRAND STAREX),2012,MPV/미니밴
2020-10-15,기아,니로 하이브리드,2020,SUV
2020-10-16,현대자동차,투싼(TUCSON),2019,SUV
2020-10-15,메르세데스 벤츠,GLK220 CDI 4Matic,2013,SUV
2020-10-15,기아,카니발,2015,MPV/미니밴
2020-10-15,현대자동차,투싼(TUCSON),2016,SUV
2020-10-15,기아,스포티지,2016,SUV
2020-10-15,메르세데스 벤츠,GLK220 CDI 4Matic,2013,SUV
2020-10-15,르노코리아,QM6,2017,SUV
2020-10-14,메르세데스 벤츠,GLK220 CDI 4Matic,2012,SUV
2020-10-15,메르세데스 벤츠,GLK220 CDI 4Matic,2014,SUV
2020-10-14,기아,쏘렌토 하이브리드,2021,SUV
2020-10-14,현대자동차,투싼(TUCSON),2016,SUV
2020-10-14,메르세데스 벤츠,GLK220 CDI 4Matic,2012,SUV
2020-10-15,기아,쏘렌토 하이브리드,2021,SUV
2020-10-14,메르세데스 벤츠,GLK220 CDI 4Matic,2014,SUV
2020-10-14,메르세데스 벤츠,GLK220 CDI 4Matic,2013,SUV
2020-10-14,메르세데스 벤츠,GLK220 CDI 4Matic,2013,SUV
2020-10-14,기아,카렌스,2014,MPV/미니밴
2020-10-13,기아,카니발,2015,MPV/미니밴
2020-10-13,메르세데스 벤츠,GLK220 CDI 4Matic,2013,SUV
2020-10-13,르노코리아,QM3,2019,SUV
2020-10-13,메르세데스 벤츠,GLK220 CDI 4Matic,2010,SUV
2020-10-12,기아,쏘렌토,2021,SUV
2020-10-13,메르세데스 벤츠,GLK220 CDI 4Matic,2015,SUV
2020-10-14,기아,쏘렌토 하이브리드,2021,SUV
2020-10-13,르노코리아,XM3,2020,SUV
2020-10-13,현대자동차,투싼(TUCSON),2018,SUV
2020-10-14,기아,쏘렌토 하이브리드,2021,SUV
2020-10-12,현대자동차,투싼(TUCSON),2016,SUV
2020-10-12,르노코리아,QM6,2017,SUV
2020-10-08,기아,쏘렌토 하이브리드,2021,SUV
2020-10-08,기아,모하비,2020,SUV
2020-10-08,현대자동차,코나 일렉트릭 (KONA ELECTRIC),2019,SUV
2020-10-07,현대자동차,팰리세이드(PALISADE),2020,SUV
2020-10-08,현대자동차,코나 일렉트릭 (KONA ELECTRIC),2019,SUV
2020-10-08,현대자동차,코나 일렉트릭 (KONA ELECTRIC),2019,SUV
2020-10-08,현대자동차,코나 일렉트릭 (KONA ELECTRIC),2019,SUV
2020-10-07,기아,카니발,2021,MPV/미니밴
2020-10-12,현대자동차,코나 일렉트릭 (KONA ELECTRIC),2019,SUV
2020-10-08,현대자동차,코나 일렉트릭 (KONA ELECTRIC),2019,SUV
2020-10-07,기아,모하비,2020,SUV
2020-10-12,BMW,BMW X5 xDrive30d,2011,SUV
2020-10-08,현대자동차,코나 일렉트릭 (KONA ELECTRIC),2020,SUV
2020-10-08,현대자동차,코나 일렉트릭 (KONA ELECTRIC),2019,SUV
2020-10-07,현대자동차,팰리세이드(PALISADE),2021,SUV
2020-10-07,기아,카니발,2021,MPV/미니밴
2020-10-08,현대자동차,코나 일렉트릭 (KONA ELECTRIC),2019,SUV
2020-10-07,르노코리아,QM6,2020,SUV
2020-10-08,현대자동차,코나 일렉트릭 (KONA ELECTRIC),2019,SUV
2020-10-08,현대자동차,코나 일렉트릭 (KONA ELECTRIC),2020,SUV
2020-10-08,기아,니로 EV,2019,SUV
2020-10-08,현대자동차,코나 일렉트릭 (KONA ELECTRIC),2019,SUV
2020-10-08,현대자동차,코나 일렉트릭 (KONA ELECTRIC),2019,SUV
2020-10-08,현대자동차,코나 일렉트릭 (KONA ELECTRIC),2019,SUV
2020-10-08,현대자동차,코나 일렉트릭 (KONA ELECTRIC),2020,SUV
2020-10-06,기아,카니발,2019,MPV/미니밴
2020-10-12,르노코리아,QM6,2020,SUV
2020-10-12,기아,카렌스,2017,MPV/미니밴
2020-10-08,현대자동차,코나 일렉트릭 (KONA ELECTRIC),2019,SUV
2020-10-08,기아,카렌스,2015,MPV/미니밴
2020-10-08,기아,니로 EV,2019,SUV
2020-10-08,기아,니로 하이브리드,2018,SUV
2020-10-08,기아,카렌스,2015,MPV/미니밴
2020-10-08,르노코리아,QM6,2020,SUV
2020-10-08,현대자동차,싼타페(SANTAFE),2019,SUV
2020-10-07,현대자동차,코나 일렉트릭 (KONA ELECTRIC),2019,SUV
2020-10-07,현대자동차,코나 일렉트릭 (KONA ELECTRIC),2019,SUV
2020-10-07,현대자동차,코나 일렉트릭 (KONA ELECTRIC),2020,SUV
2020-10-07,현대자동차,코나 일렉트릭 (KONA ELECTRIC),2019,SUV
2020-10-07,기아,니로 EV,2020,SUV
2020-10-07,르노코리아,QM3,2015,SUV
2020-10-07,현대자동차,코나 일렉트릭 (KONA ELECTRIC),2020,SUV
2020-10-07,현대자동차,코나 일렉트릭 (KONA ELECTRIC),2019,SUV
2020-10-07,현대자동차,코나 일렉트릭 (KONA ELECTRIC),2019,SUV
2020-10-07,현대자동차,코나 일렉트릭 (KONA ELECTRIC),2020,SUV
2020-10-08,현대자동차,코나 일렉트릭 (KONA ELECTRIC),2019,SUV
2020-10-07,현대자동차,코나 일렉트릭 (KONA ELECTRIC),2020,SUV
2020-10-07,현대자동차,코나 일렉트릭 (KONA ELECTRIC),2019,SUV
2020-10-08,기아,쏘렌토 하이브리드,2021,SUV
2020-10-07,현대자동차,코나 일렉트릭 (KONA ELECTRIC),2019,SUV
2020-10-07,현대자동차,코나 일렉트릭 (KONA ELECTRIC),2020,SUV
2020-10-07,현대자동차,코나 일렉트릭 (KONA ELECTRIC),2019,SUV
2020-10-07,기아,카니발,2015,MPV/미니밴
2020-10-07,현대자동차,코나 일렉트릭 (KONA ELECTRIC),2020,SUV
2020-10-08,현대자동차,코나 일렉트릭 (KONA ELECTRIC),2019,SUV
2020-10-07,현대자동차,코나 일렉트릭 (KONA ELECTRIC),2019,SUV
2020-10-07,현대자동차,코나 일렉트릭 (KONA ELECTRIC),2019,SUV
2020-10-07,현대자동차,코나 일렉트릭 (KONA ELECTRIC),2019,SUV
2020-10-05,기아,니로 하이브리드,2020,SUV
2020-10-07,현대자동차,코나 일렉트릭 (KONA ELECTRIC),2019,SUV
2020-10-07,현대자동차,코나 일렉트릭 (KONA ELECTRIC),2020,SUV
2020-10-06,현대자동차,코나 일렉트릭 (KONA ELECTRIC),2019,SUV
2020-10-06,현대자동차,코나 일렉트릭 (KONA ELECTRIC),2019,SUV
2020-10-06,현대자동차,코나 일렉트릭 (KONA ELECTRIC),2020,SUV
2020-10-06,현대자동차,코나 일렉트릭 (KONA ELECTRIC),2019,SUV
2020-10-07,현대자동차,코나 일렉트릭 (KONA ELECTRIC),2019,SUV
2020-10-06,현대자동차,코나 일렉트릭 (KONA ELECTRIC),2019,SUV
2020-10-06,현대자동차,코나 일렉트릭 (KONA ELECTRIC),2019,SUV
2020-10-06,현대자동차,코나 일렉트릭 (KONA ELECTRIC),2019,SUV
2020-10-06,현대자동차,코나 일렉트릭 (KONA ELECTRIC),2019,SUV
2020-10-07,기아,니로 EV,2019,SUV
2020-10-06,현대자동차,코나 일렉트릭 (KONA ELECTRIC),2020,SUV
2020-10-06,현대자동차,코나 일렉트릭 (KONA ELECTRIC),2019,SUV
2020-10-06,현대자동차,코나 일렉트릭 (KONA ELECTRIC),2019,SUV
2020-10-06,현대자동차,코나 일렉트릭 (KONA ELECTRIC),2020,SUV
2020-10-06,현대자동차,코나 일렉트릭 (KONA ELECTRIC),2019,SUV
2020-10-06,현대자동차,그랜드스타렉스(GRAND STAREX),2008,MPV/미니밴
2020-10-06,현대자동차,코나 일렉트릭 (KONA ELECTRIC),2019,SUV
2020-10-06,현대자동차,코나 일렉트릭 (KONA ELECTRIC),2020,SUV
2020-10-07,현대자동차,코나 일렉트릭 (KONA ELECTRIC),2019,SUV
2020-10-05,기아,스포티지,2017,SUV
2020-10-05,르노코리아,XM3,2020,SUV
2020-09-29,기아,쏘렌토 하이브리드,2021,SUV
2020-10-05,기아,니로 하이브리드,2018,SUV
2020-10-05,르노코리아,QM6,2019,SUV
2020-10-05,기아,카렌스,2014,MPV/미니밴
2020-09-29,현대자동차,투싼(TUCSON),2016,SUV
2020-09-29,기아,니로 EV,2019,SUV
2020-09-29,현대자동차,싼타페(SANTAFE),2015,SUV
2020-09-28,기아,니로 EV,2019,SUV
2020-09-29,르노코리아,QM6,2017,SUV
2020-09-29,기아,카니발,2019,MPV/미니밴
2020-09-28,KG 모빌리티,G4 렉스턴,2020,SUV
2020-09-28,현대자동차,싼타페(SANTAFE),2020,SUV
2020-09-28,기아,쏘렌토,2007,SUV
2020-09-28,기아,니로 EV,2019,SUV
2020-09-29,현대자동차,코나 일렉트릭 (KONA ELECTRIC),2019,SUV
2020-09-28,르노코리아,XM3,2020,SUV
2020-09-29,현대자동차,코나 일렉트릭 (KONA ELECTRIC),2019,SUV
2020-09-29,기아,쏘렌토,2021,SUV
2020-09-29,현대자동차,코나 일렉트릭 (KONA ELECTRIC),2019,SUV
2020-09-28,기아,스포티지,2016,SUV
2020-09-29,르노코리아,QM6,2017,SUV
2020-09-28,현대자동차,투싼(TUCSON),2016,SUV
2020-09-28,기아,스포티지,2016,SUV
2020-09-28,기아,카렌스,2014,MPV/미니밴
2020-09-28,메르세데스 벤츠,GLK220 CDI 4Matic,2013,SUV
2020-09-28,BMW,BMW X5 xDrive30d,2018,SUV
2020-09-25,르노코리아,QM6,2020,SUV
2020-09-24,KG 모빌리티,G4 렉스턴,2020,SUV
2020-09-28,BMW,BMW X5 xDrive30d,2018,SUV
2020-09-25,현대자동차,코나 일렉트릭 (KONA ELECTRIC),2020,SUV
2020-09-25,현대자동차,투싼(TUCSON),2011,SUV
2020-09-25,현대자동차,투싼(TUCSON),2016,SUV
2020-09-24,기아,카렌스,2017,MPV/미니밴
2020-09-24,기아,카렌스,2017,MPV/미니밴
2020-09-24,기아,니로 EV,2019,SUV
2020-09-24,BMW,BMW X5 xDrive30d,2018,SUV
2020-09-24,혼다코리아,CR-V 4WD,2015,SUV
2020-09-24,기아,그랜드 카니발,2008,MPV/미니밴
2020-09-24,기아,카렌스,2018,MPV/미니밴
2020-09-23,기아,카렌스,2014,MPV/미니밴
2020-09-23,기아,카렌스,2016,MPV/미니밴
2020-09-24,기아,카렌스,2018,MPV/미니밴
2020-09-23,기아,카렌스,2014,MPV/미니밴
2020-09-24,기아,카렌스,2015,MPV/미니밴
2020-09-23,현대자동차,코나 일렉트릭 (KONA ELECTRIC),2020,SUV
2020-09-23,기아,카렌스,2014,MPV/미니밴
2020-09-23,기아,카렌스,2014,MPV/미니밴
2020-09-23,기아,카렌스,2014,MPV/미니밴
2020-09-23,르노코리아,QM6,2017,SUV
2020-09-23,기아,쏘렌토,2016,SUV
2020-09-23,기아,니로 하이브리드,2018,SUV
2020-09-24,기아,카렌스,2014,MPV/미니밴
2020-09-23,현대자동차,싼타페(SANTAFE),2015,SUV
2020-09-23,르노코리아,QM6,2017,SUV
2020-09-23,기아,카렌스,2014,MPV/미니밴
2020-09-23,기아,카렌스,2016,MPV/미니밴
2020-09-22,기아,쏘렌토,2016,SUV
2020-09-21,기아,쏘렌토,2017,SUV
2020-09-23,기아,쏘렌토,2016,SUV
2020-09-23,기아,카렌스,2014,MPV/미니밴
2020-09-23,기아,카렌스,2016,MPV/미니밴
2020-09-21,현대자동차,투싼(TUCSON),2016,SUV
2020-09-22,기아,카렌스,2014,MPV/미니밴
2020-09-23,토요타,토요타 SIENNA,2012,MPV/미니밴
2020-09-22,기아,카렌스,2015,MPV/미니밴
2020-09-23,기아,카렌스,2015,MPV/미니밴
2020-09-21,르노코리아,QM3,2016,SUV
2020-09-22,KG 모빌리티,티볼리,2021,SUV
2020-09-22,르노코리아,XM3,2020,SUV
2020-09-21,르노코리아,XM3,2020,SUV
2020-09-22,기아,스포티지,2007,SUV
2020-09-21,기아,카렌스,2014,MPV/미니밴
2020-09-21,현대자동차,투싼(TUCSON),2018,SUV
2020-09-22,현대자동차,코나 일렉트릭 (KONA ELECTRIC),2019,SUV
2020-09-21,기아,니로 하이브리드,2018,SUV
2020-09-17,BMW,BMW X5 xDrive30d,2017,SUV
2020-09-17,현대자동차,투싼(TUCSON),2016,SUV
2020-09-17,기아,니로 하이브리드,2020,SUV
2020-09-18,기아,카니발,2018,MPV/미니밴
2020-09-17,현대자동차,투싼(TUCSON),2016,SUV
2020-09-17,현대자동차,싼타페(SANTAFE),2013,SUV
2020-09-21,기아,카니발,2016,MPV/미니밴
2020-09-16,현대자동차,싼타페(SANTAFE),2021,SUV
2020-09-16,현대자동차,코나 일렉트릭 (KONA ELECTRIC),2020,SUV
2020-09-16,현대자동차,코나 일렉트릭 (KONA ELECTRIC),2019,SUV
2020-09-16,현대자동차,코나 일렉트릭 (KONA ELECTRIC),2020,SUV
2020-09-16,기아,쏘렌토,2016,SUV
2020-09-14,르노코리아,XM3,2020,SUV
2020-09-15,현대자동차,투싼(TUCSON),2016,SUV
2020-09-15,현대자동차,투싼(TUCSON),2016,SUV
2020-09-16,현대자동차,코나(KONA),2018,SUV
2020-09-15,기아,니로 EV,2019,SUV
2020-09-15,현대자동차,코나 일렉트릭 (KONA ELECTRIC),2020,SUV
2020-09-15,현대자동차,코나 일렉트릭 (KONA ELECTRIC),2020,SUV
2020-09-16,기아,카니발,2018,MPV/미니밴
2020-09-15,기아,니로 EV,2019,SUV
2020-09-15,현대자동차,코나 일렉트릭 (KONA ELECTRIC),2019,SUV
2020-09-15,현대자동차,코나 일렉트릭 (KONA ELECTRIC),2020,SUV
2020-09-16,기아,스포티지,2017,SUV
2020-09-15,기아,니로 EV,2020,SUV
2020-09-15,현대자동차,투싼(TUCSON),2016,SUV
2020-09-14,현대자동차,코나 일렉트릭 (KONA ELECTRIC),2019,SUV
2020-09-14,르노코리아,CAPTUR,2020,SUV
2020-09-14,기아,그랜드 카니발,2010,MPV/미니밴
2020-09-14,기아,니로 EV,2019,SUV
2020-09-11,기아,쏘렌토,2018,SUV
2020-09-14,현대자동차,코나 일렉트릭 (KONA ELECTRIC),2020,SUV
2020-09-14,현대자동차,코나 일렉트릭 (KONA ELECTRIC),2020,SUV
2020-09-14,현대자동차,코나 일렉트릭 (KONA ELECTRIC),2019,SUV
2020-09-14,르노코리아,QM6,2019,SUV
2020-09-14,현대자동차,코나 일렉트릭 (KONA ELECTRIC),2019,SUV
2020-09-14,현대자동차,코나 일렉트릭 (KONA ELECTRIC),2019,SUV
2020-09-14,기아,니로 EV,2020,SUV
2020-09-14,현대자동차,코나 일렉트릭 (KONA ELECTRIC),2019,SUV
2020-09-14,현대자동차,코나 일렉트릭 (KONA ELECTRIC),2019,SUV
2020-09-14,기아,니로 EV,2019,SUV
2020-09-14,현대자동차,코나 일렉트릭 (KONA ELECTRIC),2019,SUV
2020-09-11,르노코리아,QM3,2019,SUV
2020-09-14,기아,니로 EV,2019,SUV
2020-09-14,현대자동차,코나 일렉트릭 (KONA ELECTRIC),2019,SUV
2020-09-14,기아,니로 EV,2019,SUV
2020-09-14,기아,쏘렌토,2021,SUV
2020-09-15,현대자동차,투싼(TUCSON),2016,SUV
2020-09-14,현대자동차,코나 일렉트릭 (KONA ELECTRIC),2019,SUV
2020-09-14,기아,니로 EV,2019,SUV
2020-09-14,현대자동차,코나 일렉트릭 (KONA ELECTRIC),2019,SUV
2020-09-14,현대자동차,코나 일렉트릭 (KONA ELECTRIC),2019,SUV
2020-09-14,현대자동차,코나 일렉트릭 (KONA ELECTRIC),2019,SUV
2020-09-14,현대자동차,코나 일렉트릭 (KONA ELECTRIC),2019,SUV
2020-09-14,현대자동차,코나 일렉트릭 (KONA ELECTRIC),2019,SUV
2020-09-14,현대자동차,코나 일렉트릭 (KONA ELECTRIC),2020,SUV
2020-09-14,기아,니로 EV,2020,SUV
2020-09-14,기아,니로 EV,2019,SUV
2020-09-14,기아,니로 EV,2019,SUV
2020-09-14,현대자동차,코나 일렉트릭 (KONA ELECTRIC),2020,SUV
2020-09-14,현대자동차,코나 일렉트릭 (KONA ELECTRIC),2019,SUV
2020-09-11,기아,니로 EV,2019,SUV
2020-09-14,현대자동차,코나 일렉트릭 (KONA ELECTRIC),2019,SUV
2020-09-11,기아,니로 EV,2019,SUV
2020-09-11,현대자동차,코나 일렉트릭 (KONA ELECTRIC),2019,SUV
2020-09-11,기아,니로 EV,2019,SUV
2020-09-14,기아,니로 EV,2019,SUV
2020-09-14,기아,니로 EV,2019,SUV
2020-09-14,기아,니로 EV,2019,SUV
2020-09-11,KG 모빌리티,티볼리,2020,SUV
2020-09-14,현대자동차,코나 일렉트릭 (KONA ELECTRIC),2019,SUV
2020-09-14,기아,니로 EV,2019,SUV
2020-09-14,KG 모빌리티,렉스턴,2014,SUV
2020-09-11,기아,니로 EV,2019,SUV
2020-09-14,기아,니로 EV,2019,SUV
2020-09-11,현대자동차,코나 일렉트릭 (KONA ELECTRIC),2020,SUV
2020-09-11,KG 모빌리티,티볼리,2020,SUV
2020-09-14,현대자동차,코나 일렉트릭 (KONA ELECTRIC),2019,SUV
2020-09-11,기아,니로 EV,2019,SUV
2020-09-14,기아,니로 EV,2019,SUV
2020-09-11,기아,니로 EV,2019,SUV
2020-09-11,현대자동차,코나 일렉트릭 (KONA ELECTRIC),2019,SUV
2020-09-11,현대자동차,코나 일렉트릭 (KONA ELECTRIC),2020,SUV
2020-09-11,현대자동차,코나 일렉트릭 (KONA ELECTRIC),2020,SUV
2020-09-11,현대자동차,코나 일렉트릭 (KONA ELECTRIC),2019,SUV
2020-09-11,현대자동차,코나 일렉트릭 (KONA ELECTRIC),2020,SUV
2020-09-11,현대자동차,싼타페(SANTAFE),2013,SUV
2020-09-11,기아,니로 EV,2019,SUV
2020-09-14,현대자동차,코나 일렉트릭 (KONA ELECTRIC),2019,SUV
2020-09-11,기아,니로 EV,2019,SUV
2020-09-14,기아,니로 EV,2019,SUV
2020-09-11,현대자동차,코나 일렉트릭 (KONA ELECTRIC),2020,SUV
2020-09-11,현대자동차,코나 일렉트릭 (KONA ELECTRIC),2020,SUV
2020-09-10,현대자동차,코나 일렉트릭 (KONA ELECTRIC),2020,SUV
2020-09-10,기아,니로 EV,2019,SUV
2020-09-10,기아,니로 EV,2019,SUV
2020-09-10,현대자동차,코나 일렉트릭 (KONA ELECTRIC),2019,SUV
2020-09-11,기아,쏘렌토,2015,SUV
2020-09-10,기아,스포티지,2016,SUV
2020-09-10,현대자동차,투싼(TUCSON),2016,SUV
2020-09-11,현대자동차,코나 일렉트릭 (KONA ELECTRIC),2020,SUV
2020-09-10,현대자동차,코나 일렉트릭 (KONA ELECTRIC),2019,SUV
2020-09-10,현대자동차,코나 일렉트릭 (KONA ELECTRIC),2020,SUV
2020-09-10,현대자동차,코나 일렉트릭 (KONA ELECTRIC),2020,SUV
2020-09-09,기아,니로 EV,2019,SUV
2020-09-09,기아,쏘렌토,2021,SUV
2020-09-09,기아,스포티지,2016,SUV
2020-09-09,현대자동차,싼타페(SANTAFE),2015,SUV
2020-09-09,기아,카니발,2019,MPV/미니밴
2020-09-09,현대자동차,싼타페(SANTAFE),2020,SUV
2020-09-08,현대자동차,투싼(TUCSON),2016,SUV
2020-09-08,르노코리아,QM6,2020,SUV
2020-09-07,기아,쏘렌토,2020,SUV
2020-09-07,현대자동차,싼타페(SANTAFE),2014,SUV
2020-09-09,르노코리아,QM6,2020,SUV
2020-09-08,르노코리아,QM6,2018,SUV
2020-09-08,KG 모빌리티,G4 렉스턴,2020,SUV
2020-09-08,현대자동차,투싼(TUCSON),2016,SUV
2020-09-09,르노코리아,QM6,2019,SUV
2020-09-08,르노코리아,QM6,2020,SUV
2020-09-08,현대자동차,투싼(TUCSON),2016,SUV
2020-09-08,기아,니로 하이브리드,2020,SUV
2020-09-07,르노코리아,QM6,2020,SUV
2020-09-07,르노코리아,CAPTUR,2020,SUV
2020-09-07,기아,니로 하이브리드,2018,SUV
2020-09-07,기아,카렌스,2015,MPV/미니밴
2020-09-08,현대자동차,코나 일렉트릭 (KONA ELECTRIC),2020,SUV
2020-09-04,기아,니로 EV,2020,SUV
2020-09-07,기아,카렌스,2014,MPV/미니밴
2020-09-07,기아,니로 EV,2019,SUV
2020-09-03,르노코리아,QM6,2020,SUV
2020-09-04,현대자동차,코나 일렉트릭 (KONA ELECTRIC),2019,SUV
2020-09-04,KG 모빌리티,G4 렉스턴,2020,SUV
2020-09-03,KG 모빌리티,티볼리 에어,2019,SUV
2020-09-04,르노코리아,QM6,2017,SUV
2020-09-04,현대자동차,투싼(TUCSON),2017,SUV
2020-09-04,기아,니로 EV,2019,SUV
2020-09-04,르노코리아,QM6,2018,SUV
2020-09-03,현대자동차,코나 일렉트릭 (KONA ELECTRIC),2019,SUV
2020-09-03,현대자동차,코나 일렉트릭 (KONA ELECTRIC),2020,SUV
2020-09-03,현대자동차,코나 일렉트릭 (KONA ELECTRIC),2019,SUV
2020-09-03,현대자동차,코나 일렉트릭 (KONA ELECTRIC),2019,SUV
2020-09-03,르노코리아,QM6,2020,SUV
2020-09-03,기아,니로 EV,2019,SUV
2020-09-03,기아,카렌스,2014,MPV/미니밴
2020-09-03,현대자동차,코나 일렉트릭 (KONA ELECTRIC),2019,SUV
2020-09-03,현대자동차,코나 일렉트릭 (KONA ELECTRIC),2019,SUV
2020-09-03,르노코리아,QM6,2020,SUV
2020-09-04,기아,니로 EV,2019,SUV
2020-09-03,현대자동차,코나 일렉트릭 (KONA ELECTRIC),2020,SUV
2020-09-03,기아,쏘렌토 하이브리드,2021,SUV
2020-09-04,기아,카니발,2018,MPV/미니밴
2020-09-02,현대자동차,싼타페(SANTAFE),2013,SUV
2020-09-02,KG 모빌리티,G4 렉스턴,2020,SUV
2020-09-04,현대자동차,코나 일렉트릭 (KONA ELECTRIC),2020,SUV
2020-09-04,현대자동차,코나 일렉트릭 (KONA ELECTRIC),2019,SUV
2020-09-03,현대자동차,코나 일렉트릭 (KONA ELECTRIC),2020,SUV
2020-09-04,르노코리아,QM6,2020,SUV
2020-09-04,현대자동차,코나 일렉트릭 (KONA ELECTRIC),2020,SUV
2020-09-02,KG 모빌리티,렉스턴스포츠,2020,SUV
2020-09-04,현대자동차,코나 일렉트릭 (KONA ELECTRIC),2020,SUV
2020-09-03,현대자동차,코나 일렉트릭 (KONA ELECTRIC),2019,SUV
2020-09-04,현대자동차,코나 일렉트릭 (KONA ELECTRIC),2019,SUV
2020-09-02,기아,니로 EV,2019,SUV
2020-09-03,기아,스포티지,2016,SUV
2020-09-01,기아,스포티지,2008,SUV
2020-09-02,기아,쏘렌토 하이브리드,2021,SUV
2020-09-02,르노코리아,QM6,2020,SUV
2020-09-02,현대자동차,투싼(TUCSON),2017,SUV
2020-09-02,기아,니로 EV,2019,SUV
2020-09-02,현대자동차,투싼(TUCSON),2016,SUV
2020-09-03,기아,쏘렌토 하이브리드,2021,SUV
2020-09-01,현대자동차,투싼(TUCSON),2016,SUV
2020-08-31,르노코리아,QM6,2019,SUV
2020-09-01,기아,카니발,2015,MPV/미니밴
2020-09-01,기아,쏘렌토 하이브리드,2021,SUV
2020-09-03,르노코리아,QM6,2020,SUV
2020-08-31,현대자동차,투싼(TUCSON),2017,SUV
2020-09-01,BMW,BMW X5 xDrive30d M Sport Package,2020,SUV
2020-09-01,현대자동차,싼타페(SANTAFE),2010,SUV
2020-08-31,르노코리아,QM6,2020,SUV
2020-09-01,르노코리아,XM3,2020,SUV
2020-09-01,르노코리아,QM6,2020,SUV
2020-08-31,현대자동차,투싼(TUCSON),2017,SUV
2020-09-02,기아,쏘렌토 하이브리드,2021,SUV
2020-09-02,기아,쏘렌토 하이브리드,2021,SUV
2020-09-01,현대자동차,투싼(TUCSON),2016,SUV
2020-09-01,기아,쏘렌토,2021,SUV
2020-08-31,기아,쏘렌토 하이브리드,2021,SUV
2020-08-31,르노코리아,QM6,2020,SUV
2020-08-31,기아,쏘렌토 하이브리드,2021,SUV
2020-09-01,기아,카렌스,2016,MPV/미니밴
2020-08-31,기아,쏘렌토 하이브리드,2021,SUV
2020-08-31,현대자동차,투싼(TUCSON),2017,SUV
2020-08-31,르노코리아,QM6,2020,SUV
2020-08-31,현대자동차,투싼(TUCSON),2017,SUV
2020-08-31,르노코리아,QM6,2017,SUV
2020-08-31,기아,쏘렌토 하이브리드,2021,SUV
2020-08-31,기아,쏘렌토 하이브리드,2021,SUV
2020-08-28,기아,쏘렌토 하이브리드,2021,SUV
2020-08-28,기아,쏘렌토 하이브리드,2021,SUV
2020-08-31,기아,쏘렌토 하이브리드,2021,SUV
2020-08-28,기아,카렌스,2017,MPV/미니밴
2020-08-28,기아,쏘렌토 하이브리드,2021,SUV
2020-08-28,기아,쏘렌토 하이브리드,2021,SUV
2020-08-28,기아,쏘렌토 하이브리드,2021,SUV
2020-08-27,기아,쏘렌토 하이브리드,2021,SUV
2020-08-28,기아,쏘렌토 하이브리드,2021,SUV
2020-08-27,기아,쏘렌토 하이브리드,2021,SUV
2020-08-28,기아,쏘렌토 하이브리드,2021,SUV
2020-08-28,기아,쏘렌토 하이브리드,2021,SUV
2020-08-28,기아,쏘렌토,2020,SUV
2020-08-28,기아,쏘렌토 하이브리드,2021,SUV
2020-08-27,기아,쏘렌토 하이브리드,2021,SUV
2020-08-27,기아,쏘렌토 하이브리드,2021,SUV
2020-08-27,기아,니로 EV,2019,SUV
2020-08-27,기아,쏘렌토 하이브리드,2021,SUV
2020-08-27,기아,쏘렌토 하이브리드,2021,SUV
2020-08-26,현대자동차,팰리세이드(PALISADE),2020,SUV
2020-08-27,기아,쏘렌토 하이브리드,2021,SUV
2020-08-27,기아,쏘렌토 하이브리드,2021,SUV
2020-08-28,기아,쏘렌토 하이브리드,2021,SUV
2020-08-28,기아,쏘렌토 하이브리드,2021,SUV
2020-08-28,기아,쏘렌토 하이브리드,2021,SUV
2020-08-28,기아,쏘렌토 하이브리드,2021,SUV
2020-08-27,기아,니로 EV,2019,SUV
2020-08-27,르노코리아,QM6,2020,SUV
2020-08-27,기아,쏘렌토 하이브리드,2021,SUV
2020-08-27,르노코리아,XM3,2020,SUV
2020-08-27,기아,쏘렌토,2015,SUV
2020-08-26,르노코리아,QM6,2017,SUV
2020-08-27,현대자동차,투싼(TUCSON),2016,SUV
2020-08-26,르노코리아,XM3,2020,SUV
2020-08-27,BMW,BMW X5 xDrive30d,2018,SUV
2020-08-26,현대자동차,코나 하이브리드(KONA HYBRID),2020,SUV
2020-08-25,현대자동차,투싼(TUCSON),2016,SUV
2020-08-25,르노코리아,QM6,2020,SUV
2020-08-21,기아,쏘렌토,2021,SUV
2020-08-21,KG 모빌리티,티볼리,2021,SUV
2020-08-26,현대자동차,싼타페(SANTAFE),2019,SUV
2020-08-25,현대자동차,싼타페(SANTAFE),2015,SUV
2020-08-25,KG 모빌리티,렉스턴스포츠 칸,2019,SUV
2020-08-24,기아,니로 EV,2019,SUV
2020-08-20,KG 모빌리티,렉스턴스포츠,2021,SUV
2020-08-24,기아,니로 EV,2019,SUV
2020-08-24,르노코리아,QM6,2018,SUV
2020-08-25,르노코리아,XM3,2020,SUV
2020-08-19,르노코리아,QM6,2020,SUV
2020-08-25,기아,카렌스,2015,MPV/미니밴
2020-08-24,르노코리아,QM6,2018,SUV
2020-08-24,현대자동차,투싼(TUCSON),2016,SUV
2020-08-24,현대자동차,그랜드스타렉스(GRAND STAREX),2009,MPV/미니밴
2020-08-24,르노코리아,QM6,2018,SUV
2020-08-24,기아,니로 EV,2019,SUV
2020-08-25,현대자동차,투싼(TUCSON),2016,SUV
2020-08-24,르노코리아,QM3,2016,SUV
2020-08-24,기아,카니발,2010,MPV/미니밴
2020-08-21,르노코리아,QM6,2017,SUV
2020-08-21,르노코리아,QM6,2020,SUV
2020-08-21,기아,니로 EV,2019,SUV
2020-08-21,기아,니로 EV,2019,SUV
2020-08-21,기아,니로 EV,2019,SUV
2020-08-21,르노코리아,QM6,2017,SUV
2020-08-24,르노코리아,QM6,2020,SUV
2020-08-21,르노코리아,QM6,2020,SUV
2020-08-21,기아,스포티지,2016,SUV
2020-08-21,르노코리아,XM3,2020,SUV
2020-08-21,르노코리아,QM6,2017,SUV
2020-08-21,르노코리아,QM6,2020,SUV
2020-08-21,르노코리아,QM6,2020,SUV
2020-08-21,르노코리아,QM6,2018,SUV
2020-08-21,기아,카렌스,2014,MPV/미니밴
2020-08-21,기아,니로 EV,2019,SUV
2020-08-21,기아,니로 EV,2019,SUV
2020-08-21,르노코리아,QM6,2020,SUV
2020-08-21,르노코리아,QM6,2017,SUV
2020-08-21,기아,스포티지,2013,SUV
2020-08-24,기아,카렌스,2016,MPV/미니밴
2020-08-21,르노코리아,QM6,2017,SUV
2020-08-21,르노코리아,QM6,2017,SUV
2020-08-24,KG 모빌리티,티볼리,2016,SUV
2020-08-20,기아,니로 EV,2019,SUV
2020-08-20,르노코리아,QM6,2017,SUV
2020-08-14,기아,쏘렌토,2019,SUV
2020-08-14,기아,그랜드 카니발,2013,MPV/미니밴
2020-08-21,기아,니로 EV,2019,SUV
2020-08-20,르노코리아,QM6,2017,SUV
2020-08-20,기아,니로 EV,2019,SUV
2020-08-20,기아,니로 EV,2019,SUV
2020-08-20,르노코리아,QM6,2017,SUV
2020-08-20,르노코리아,QM6,2019,SUV
2020-08-20,기아,니로 EV,2019,SUV
2020-08-14,KG 모빌리티,티볼리,2015,SUV
2020-08-20,르노코리아,QM6,2019,SUV
2020-08-21,기아,니로 EV,2019,SUV
2020-08-20,르노코리아,QM6,2018,SUV
2020-08-20,르노코리아,QM6,2017,SUV
2020-08-20,기아,카니발,2011,MPV/미니밴
2020-08-20,기아,그랜드 카니발,2011,MPV/미니밴
2020-08-20,기아,그랜드 카니발,2012,MPV/미니밴
2020-08-13,현대자동차,투싼(TUCSON),2016,SUV
2020-08-20,르노코리아,QM6,2017,SUV
2020-08-13,기아,그랜드 카니발,2010,MPV/미니밴
2020-08-13,르노코리아,XM3,2020,SUV
2020-08-20,르노코리아,QM6,2017,SUV
2020-08-20,기아,그랜드 카니발,2014,MPV/미니밴
2020-08-20,르노코리아,QM6,2017,SUV
2020-08-20,르노코리아,QM6,2017,SUV
2020-08-20,르노코리아,QM6,2017,SUV
2020-08-20,르노코리아,QM6,2018,SUV
2020-08-19,르노코리아,QM6,2017,SUV
2020-08-19,KG 모빌리티,렉스턴,2013,SUV
2020-08-19,르노코리아,XM3,2020,SUV
2020-08-19,르노코리아,QM6,2017,SUV
2020-08-19,르노코리아,QM6,2017,SUV
2020-08-19,르노코리아,QM6,2017,SUV
2020-08-19,르노코리아,QM6,2017,SUV
2020-08-19,르노코리아,QM6,2020,SUV
2020-08-20,르노코리아,QM6,2017,SUV
2020-08-19,르노코리아,QM6,2017,SUV
2020-08-19,르노코리아,QM6,2017,SUV
2020-08-19,르노코리아,QM6,2017,SUV
2020-08-12,르노코리아,QM3,2014,SUV
2020-08-20,르노코리아,QM6,2017,SUV
2020-08-20,기아,카니발,2017,MPV/미니밴
2020-08-20,르노코리아,QM6,2017,SUV
2020-08-19,르노코리아,QM6,2018,SUV
2020-08-19,르노코리아,QM6,2019,SUV
2020-08-24,르노코리아,QM6,2020,SUV
2020-08-19,르노코리아,QM6,2017,SUV
2020-08-20,르노코리아,QM6,2017,SUV
2020-08-19,르노코리아,QM6,2020,SUV
2020-08-18,르노코리아,QM6,2020,SUV
2020-08-20,르노코리아,QM6,2020,SUV
2020-08-19,르노코리아,QM6,2017,SUV
2020-08-18,르노코리아,QM6,2017,SUV
2020-08-18,르노코리아,QM6,2017,SUV
2020-08-19,르노코리아,QM6,2019,SUV
2020-08-18,기아,카렌스,2015,MPV/미니밴
2020-08-19,르노코리아,QM6,2018,SUV
2020-08-19,현대자동차,코나 하이브리드(KONA HYBRID),2020,SUV
2020-08-18,르노코리아,QM6,2017,SUV
2020-08-19,르노코리아,QM6,2019,SUV
2020-08-11,KG 모빌리티,티볼리,2021,SUV
2020-08-18,르노코리아,QM6,2017,SUV
2020-08-18,르노코리아,QM6,2017,SUV
2020-08-18,르노코리아,QM6,2017,SUV
2020-08-19,현대자동차,투싼(TUCSON),2016,SUV
2020-08-19,기아,카렌스,2018,MPV/미니밴
2020-08-18,르노코리아,QM6,2017,SUV
2020-08-18,르노코리아,QM6,2017,SUV
2020-08-18,현대자동차,코나 하이브리드(KONA HYBRID),2020,SUV
2020-08-19,르노코리아,XM3,2020,SUV
2020-08-18,르노코리아,QM6,2019,SUV
2020-08-19,르노코리아,QM6,2018,SUV
2020-08-18,르노코리아,QM6,2017,SUV
2020-08-14,르노코리아,QM6,2017,SUV
2020-08-20,르노코리아,QM6,2020,SUV
2020-08-18,르노코리아,QM6,2020,SUV
2020-08-18,르노코리아,QM6,2017,SUV
2020-08-18,르노코리아,QM6,2017,SUV
2020-08-10,르노코리아,QM6,2017,SUV
2020-08-14,르노코리아,QM6,2020,SUV
2020-08-18,르노코리아,QM6,2020,SUV
2020-08-20,르노코리아,XM3,2020,SUV
2020-08-18,르노코리아,QM6,2018,SUV
2020-08-14,르노코리아,QM6,2017,SUV
2020-08-19,르노코리아,QM6,2020,SUV
2020-08-19,기아,카니발,2019,MPV/미니밴
2020-08-14,르노코리아,QM6,2017,SUV
2020-08-18,르노코리아,QM6,2020,SUV
2020-08-14,르노코리아,QM6,2017,SUV
2020-08-14,기아,카니발,2016,MPV/미니밴
2020-08-14,르노코리아,QM6,2017,SUV
2020-08-14,르노코리아,QM6,2017,SUV
2020-08-14,르노코리아,QM6,2017,SUV
2020-08-14,르노코리아,QM6,2017,SUV
2020-08-14,르노코리아,QM6,2017,SUV
2020-08-14,르노코리아,QM6,2019,SUV
2020-08-10,르노코리아,QM6,2017,SUV
2020-08-14,르노코리아,QM6,2018,SUV
2020-08-18,르노코리아,QM6,2020,SUV
2020-08-24,현대자동차,싼타페(SANTAFE),2017,SUV
2020-08-14,르노코리아,QM6,2017,SUV
2020-08-14,르노코리아,QM6,2017,SUV
2020-08-14,르노코리아,QM6,2017,SUV
2020-08-14,르노코리아,QM6,2017,SUV
2020-08-18,르노코리아,QM6,2017,SUV
2020-08-13,르노코리아,QM6,2017,SUV
2020-08-13,르노코리아,QM6,2019,SUV
2020-08-13,르노코리아,QM6,2017,SUV
2020-08-13,르노코리아,QM6,2018,SUV
2020-08-13,르노코리아,QM6,2017,SUV
2020-08-13,르노코리아,QM6,2017,SUV
2020-08-13,르노코리아,QM6,2017,SUV
2020-08-13,르노코리아,QM6,2017,SUV
2020-08-13,르노코리아,QM6,2017,SUV
2020-08-13,르노코리아,QM6,2018,SUV
2020-08-13,르노코리아,QM6,2017,SUV
2020-08-13,르노코리아,QM6,2017,SUV
2020-08-13,르노코리아,QM6,2017,SUV
2020-08-13,르노코리아,QM6,2017,SUV
2020-08-07,기아,카니발,2015,MPV/미니밴
2020-08-13,르노코리아,QM6,2017,SUV
2020-08-13,르노코리아,QM6,2018,SUV
2020-08-13,르노코리아,QM6,2017,SUV
2020-08-11,르노코리아,QM6,2017,SUV
2020-08-11,르노코리아,QM6,2018,SUV
2020-08-13,메르세데스 벤츠,Mercedes-Benz GLE 450 4MATIC,2020,SUV
2020-08-11,르노코리아,QM6,2017,SUV
2020-08-11,기아,카렌스,2014,MPV/미니밴
2020-08-13,기아,카렌스,2016,MPV/미니밴
2020-08-11,르노코리아,QM6,2017,SUV
2020-08-11,기아,카렌스,2016,MPV/미니밴
2020-08-13,기아,카렌스,2014,MPV/미니밴
2020-08-11,기아,카렌스,2014,MPV/미니밴
2020-08-12,기아,카렌스,2014,MPV/미니밴
2020-08-11,르노코리아,QM6,2018,SUV
2020-08-13,기아,쏘렌토,2021,SUV
2020-08-06,기아,카니발,2017,MPV/미니밴
2020-08-13,르노코리아,QM6,2017,SUV
2020-08-12,르노코리아,QM6,2017,SUV
2020-08-11,르노코리아,QM6,2018,SUV
2020-08-13,기아,카렌스,2014,MPV/미니밴
2020-08-10,르노코리아,QM6,2017,SUV
2020-08-10,르노코리아,QM6,2017,SUV
2020-08-10,르노코리아,QM6,2017,SUV
2020-08-10,기아,카렌스,2014,MPV/미니밴
2020-08-11,르노코리아,QM6,2020,SUV
2020-08-11,르노코리아,XM3,2020,SUV
2020-08-10,르노코리아,QM6,2019,SUV
2020-08-10,르노코리아,QM6,2017,SUV
2020-08-10,포드,Explorer 2.3,2020,SUV
2020-08-11,르노코리아,XM3,2020,SUV
2020-08-10,르노코리아,QM6,2020,SUV
2020-08-10,르노코리아,QM6,2020,SUV
2020-08-10,르노코리아,QM6,2017,SUV
2020-08-10,르노코리아,QM6,2020,SUV
2020-08-10,기아,카렌스,2014,MPV/미니밴
2020-08-13,기아,쏘렌토,2019,SUV
2020-08-10,르노코리아,QM6,2019,SUV
2020-08-10,르노코리아,QM6,2017,SUV
2020-08-10,르노코리아,QM6,2018,SUV
2020-08-11,르노코리아,QM6,2018,SUV
2020-08-07,르노코리아,QM6,2017,SUV
2020-08-07,르노코리아,QM6,2018,SUV
2020-08-07,르노코리아,QM6,2017,SUV
2020-08-07,르노코리아,QM6,2017,SUV
2020-08-07,르노코리아,QM6,2020,SUV
2020-08-07,르노코리아,QM6,2017,SUV
2020-08-07,르노코리아,QM6,2017,SUV
2020-08-07,르노코리아,QM6,2020,SUV
2020-08-07,르노코리아,QM6,2020,SUV
2020-08-07,르노코리아,QM6,2020,SUV
2020-08-07,르노코리아,QM6,2017,SUV
2020-08-07,르노코리아,QM6,2020,SUV
2020-08-07,르노코리아,QM6,2017,SUV
2020-08-07,르노코리아,QM6,2020,SUV
2020-08-07,르노코리아,QM6,2018,SUV
2020-08-07,르노코리아,QM6,2017,SUV
2020-08-07,르노코리아,QM6,2017,SUV
2020-08-07,르노코리아,QM6,2020,SUV
2020-08-07,르노코리아,QM6,2017,SUV
2020-08-07,르노코리아,QM6,2020,SUV
2020-08-07,르노코리아,QM6,2018,SUV
2020-08-07,르노코리아,QM6,2017,SUV
2020-08-07,르노코리아,QM6,2017,SUV
2020-08-07,르노코리아,QM6,2017,SUV
2020-08-10,현대자동차,투싼(TUCSON),2016,SUV
2020-08-07,르노코리아,QM6,2020,SUV
2020-08-07,르노코리아,QM6,2020,SUV
2020-08-07,르노코리아,QM6,2020,SUV
2020-08-07,르노코리아,QM6,2017,SUV
2020-08-07,르노코리아,QM6,2017,SUV
2020-08-04,현대자동차,투싼(TUCSON),2017,SUV
2020-08-06,르노코리아,QM3,2015,SUV
2020-08-06,르노코리아,QM6,2017,SUV
2020-08-03,기아,니로 하이브리드,2018,SUV
2020-08-06,르노코리아,QM6,2017,SUV
2020-08-07,르노코리아,QM6,2017,SUV
2020-08-06,KG 모빌리티,렉스턴스포츠 칸,2020,SUV
2020-08-06,현대자동차,코나 일렉트릭 (KONA ELECTRIC),2019,SUV
2020-08-03,현대자동차,그랜드 스타렉스(GRAND STAREX),2021,MPV/미니밴
2020-08-06,르노코리아,QM6,2017,SUV
2020-08-03,기아,니로 하이브리드,2018,SUV
2020-08-06,르노코리아,QM6,2017,SUV
2020-08-06,르노코리아,QM6,2017,SUV
2020-08-07,현대자동차,싼타페(SANTAFE),2020,SUV
2020-08-06,르노코리아,CAPTUR,2020,SUV
2020-08-06,르노코리아,CAPTUR,2020,SUV
2020-08-05,르노코리아,XM3,2020,SUV
2020-08-04,KG 모빌리티,G4 렉스턴,2020,SUV
2020-08-05,르노코리아,QM6,2018,SUV
2020-07-31,기아,스포티지,2007,SUV
2020-08-05,KG 모빌리티,렉스턴,2014,SUV
2020-08-04,르노코리아,QM6,2020,SUV
2020-08-04,현대자동차,투싼(TUCSON),2016,SUV
2020-08-06,현대자동차,코나 일렉트릭 (KONA ELECTRIC),2019,SUV
2020-08-04,현대자동차,코나 일렉트릭 (KONA ELECTRIC),2020,SUV
2020-08-04,르노코리아,QM6,2020,SUV
2020-07-31,르노코리아,XM3,2020,SUV
2020-08-03,르노코리아,QM6,2017,SUV
2020-08-04,르노코리아,QM6,2020,SUV
2020-08-03,르노코리아,QM6,2020,SUV
2020-08-03,르노코리아,QM6,2020,SUV
2020-08-03,르노코리아,QM6,2017,SUV
2020-08-05,르노코리아,QM6,2017,SUV
2020-07-31,기아,쏘렌토,2015,SUV
2020-07-31,르노코리아,QM6,2020,SUV
2020-07-29,현대자동차,싼타페(SANTAFE),2020,SUV
2020-07-31,현대자동차,GV80,2020,SUV
2020-07-31,르노코리아,QM6,2020,SUV
2020-07-29,기아,그랜드 카니발,2010,MPV/미니밴
2020-07-30,기아,모하비,2020,SUV
2020-07-31,현대자동차,코나 하이브리드(KONA HYBRID),2020,SUV
2020-08-04,현대자동차,코나 하이브리드(KONA HYBRID),2020,SUV
2020-07-30,현대자동차,GV80,2020,SUV
2020-07-30,현대자동차,코나 하이브리드(KONA HYBRID),2020,SUV
2020-07-30,기아,모하비,2020,SUV
2020-07-27,르노코리아,QM6,2017,SUV
2020-07-29,르노코리아,QM6,2020,SUV
2020-07-29,현대자동차,싼타페(SANTAFE),2020,SUV
2020-07-29,르노코리아,QM6,2020,SUV
2020-07-29,현대자동차,GV80,2020,SUV
2020-07-30,현대자동차,투싼(TUCSON),2016,SUV
2020-07-28,르노코리아,QM6,2019,SUV
2020-07-29,르노코리아,QM6,2020,SUV
2020-07-30,르노코리아,QM6,2020,SUV
2020-07-28,현대자동차,GV80,2020,SUV
2020-07-29,KG 모빌리티,G4 렉스턴,2018,SUV
2020-07-29,기아,스포티지,2020,SUV
2020-07-29,르노코리아,QM6,2020,SUV
2020-07-24,메르세데스 벤츠,ML350 BlueTEC 4Matic,2014,SUV
2020-07-24,포드,Explorer 2.3 AWD,2019,SUV
2020-07-27,기아,스포티지,2016,SUV
2020-07-24,기아,스포티지,2012,SUV
2020-07-27,KG 모빌리티,G4 렉스턴,2018,SUV
2020-07-28,르노코리아,QM6,2020,SUV
2020-07-27,현대자동차,GV80,2020,SUV
2020-07-27,메르세데스 벤츠,Mercedes-Benz GLE 450 4MATIC,2020,SUV
2020-07-23,기아,모하비,2018,SUV
2020-07-27,현대자동차,투싼(TUCSON),2016,SUV
2020-07-29,르노코리아,CAPTUR,2020,SUV
2020-07-29,현대자동차,투싼(TUCSON),2016,SUV
2020-07-29,현대자동차,GV80,2020,SUV
2020-07-22,르노코리아,XM3,2020,SUV
2020-07-24,르노코리아,QM6,2020,SUV
2020-07-24,르노코리아,QM6,2020,SUV
2020-07-22,르노코리아,QM6,2017,SUV
2020-07-22,현대자동차,싼타페(SANTAFE),2019,SUV
2020-07-23,현대자동차,GV80,2020,SUV
2020-07-23,현대자동차,GV80,2020,SUV
2020-07-23,현대자동차,싼타페(SANTAFE),2015,SUV
2020-07-23,르노코리아,XM3,2020,SUV
2020-07-23,현대자동차,투싼(TUCSON),2016,SUV
2020-07-23,현대자동차,투싼(TUCSON),2016,SUV
2020-07-23,KG 모빌리티,티볼리 에어,2019,SUV
2020-07-24,현대자동차,GV80,2020,SUV
2020-07-23,르노코리아,QM6,2020,SUV
2020-07-23,현대자동차,GV80,2020,SUV
2020-07-23,르노코리아,XM3,2020,SUV
2020-07-22,르노코리아,XM3,2020,SUV
2020-07-22,르노코리아,XM3,2020,SUV
2020-07-22,현대자동차,GV80,2020,SUV
2020-07-20,르노코리아,QM6,2020,SUV
2020-07-20,KG 모빌리티,렉스턴스포츠 칸,2020,SUV
2020-07-23,현대자동차,GV80,2020,SUV
2020-07-21,기아,스포티지,2019,SUV
2020-07-23,르노코리아,CAPTUR,2020,SUV
2020-07-21,현대자동차,싼타페(SANTAFE),2015,SUV
2020-07-17,기아,쏘렌토,2021,SUV
2020-07-22,현대자동차,GV80,2020,SUV
2020-07-20,현대자동차,GV80,2020,SUV
2020-07-17,기아,니로 하이브리드,2020,SUV
2020-07-20,현대자동차,GV80,2020,SUV
2020-07-21,기아,쏘렌토,2012,SUV
2020-07-17,기아,스포티지,2016,SUV
2020-07-20,현대자동차,GV80,2020,SUV
2020-07-20,현대자동차,GV80,2020,SUV
2020-07-20,KG 모빌리티,렉스턴스포츠 칸,2020,SUV
2020-07-17,현대자동차,GV80,2020,SUV
2020-07-20,현대자동차,투싼(TUCSON),2016,SUV
2020-07-17,현대자동차,투싼(TUCSON),2016,SUV
2020-07-16,BMW,ML350,2014,SUV
2020-07-17,기아,니로 하이브리드,2020,SUV
2020-07-17,르노코리아,XM3,2020,SUV
2020-07-17,르노코리아,QM6,2020,SUV
2020-07-15,KG 모빌리티,렉스턴스포츠 칸,2020,SUV
2020-07-21,르노코리아,QM6,2020,SUV
2020-07-17,르노코리아,XM3,2020,SUV
2020-07-15,KG 모빌리티,G4 렉스턴,2019,SUV
2020-07-15,기아,카니발 아웃도어,2017,MPV/미니밴
2020-07-15,현대자동차,팰리세이드(PALISADE),2020,SUV
2020-07-16,르노코리아,QM6,2020,SUV
2020-07-16,현대자동차,투싼(TUCSON),2016,SUV
2020-07-16,르노코리아,XM3,2020,SUV
2020-07-13,현대자동차,싼타페,2002,SUV
2020-07-13,르노코리아,XM3,2020,SUV
2020-07-15,기아,카니발 아웃도어,2016,MPV/미니밴
2020-07-13,현대자동차,코나 일렉트릭 (KONA ELECTRIC),2019,SUV
2020-07-15,현대자동차,GV80,2020,SUV
2020-07-16,르노코리아,XM3,2020,SUV
2020-07-14,현대자동차,투싼(TUCSON),2016,SUV
2020-07-14,르노코리아,XM3,2020,SUV
2020-07-15,현대자동차,GV80,2020,SUV
2020-07-14,르노코리아,XM3,2020,SUV
2020-07-14,현대자동차,싼타페(SANTAFE),2013,SUV
2020-07-10,르노코리아,XM3,2020,SUV
2020-07-13,현대자동차,투싼(TUCSON),2016,SUV
2020-07-14,르노코리아,XM3,2020,SUV
2020-07-13,기아,스포티지,2018,SUV
2020-07-13,KG 모빌리티,렉스턴스포츠,2020,SUV
2020-07-13,르노코리아,XM3,2020,SUV
2020-07-14,르노코리아,QM3,2017,SUV
2020-07-13,기아,카니발,2019,MPV/미니밴
2020-07-14,기아,쏘렌토,2012,SUV
2020-07-10,르노코리아,XM3,2020,SUV
2020-07-13,르노코리아,XM3,2020,SUV
2020-07-14,기아,쏘렌토,2011,SUV
2020-07-10,KG 모빌리티,티볼리,2016,SUV
2020-07-09,르노코리아,XM3,2020,SUV
2020-07-14,르노코리아,XM3,2020,SUV
2020-07-08,르노코리아,XM3,2020,SUV
2020-07-06,기아,그랜드 카니발,2009,MPV/미니밴
2020-07-09,르노코리아,XM3,2020,SUV
2020-07-09,르노코리아,XM3,2020,SUV
2020-07-08,르노코리아,XM3,2020,SUV
2020-07-08,르노코리아,XM3,2020,SUV
2020-07-09,르노코리아,XM3,2020,SUV
2020-07-07,르노코리아,XM3,2020,SUV
2020-07-07,르노코리아,XM3,2020,SUV
2020-07-09,현대자동차,투싼(TUCSON),2016,SUV
2020-07-08,르노코리아,XM3,2020,SUV
2020-07-09,르노코리아,XM3,2020,SUV
2020-07-07,기아,쏘렌토,2021,SUV
2020-07-08,르노코리아,XM3,2020,SUV
2020-07-06,르노코리아,XM3,2020,SUV
2020-07-03,BMW,BMW X5 3.0si,2007,SUV
2020-07-06,현대자동차,투싼(TUCSON),2016,SUV
2020-07-06,르노코리아,XM3,2020,SUV
2020-07-06,르노코리아,XM3,2020,SUV
2020-07-07,르노코리아,XM3,2020,SUV
2020-07-06,르노코리아,CAPTUR,2020,SUV
2020-07-08,르노코리아,XM3,2020,SUV
2020-07-02,기아,카니발,2008,MPV/미니밴
2020-07-07,르노코리아,XM3,2020,SUV
2020-07-03,르노코리아,XM3,2020,SUV
2020-07-06,현대자동차,싼타페(SANTAFE),2016,SUV
2020-07-03,기아,쏘렌토,2021,SUV
2020-07-03,기아,쏘렌토,2015,SUV
2020-07-03,기아,쏘렌토 하이브리드,2021,SUV
2020-07-07,르노코리아,XM3,2020,SUV
2020-07-03,기아,쏘렌토 하이브리드,2021,SUV
2020-07-03,르노코리아,XM3,2020,SUV
2020-07-06,르노코리아,CAPTUR,2020,SUV
2020-06-30,현대자동차,싼타페(SANTAFE),2019,SUV
2020-07-06,르노코리아,XM3,2020,SUV
2020-06-30,기아,쏘렌토,2021,SUV
2020-07-02,르노코리아,XM3,2020,SUV
2020-07-02,현대자동차,코나 일렉트릭 (KONA ELECTRIC),2019,SUV
2020-07-06,현대자동차,투싼(TUCSON),2016,SUV
2020-06-30,르노코리아,XM3,2020,SUV
2020-07-03,르노코리아,XM3,2020,SUV
2020-06-30,르노코리아,XM3,2020,SUV
2020-06-29,현대자동차,싼타페(SANTAFE),2019,SUV
2020-07-02,기아,카니발,2016,MPV/미니밴
2020-07-02,KG 모빌리티,티볼리,2018,SUV
2020-07-02,르노코리아,XM3,2020,SUV
2020-07-02,기아,스포티지,2007,SUV
2020-07-02,기아,그랜드 카니발,2013,MPV/미니밴
2020-07-02,르노코리아,XM3,2020,SUV
2020-07-02,현대자동차,투싼(TUCSON),2016,SUV
2020-07-02,르노코리아,XM3,2020,SUV
2020-06-26,기아,쏘렌토,2017,SUV
2020-06-29,르노코리아,XM3,2020,SUV
2020-06-29,르노코리아,XM3,2020,SUV
2020-07-02,KG 모빌리티,티볼리,2018,SUV
2020-06-26,르노코리아,XM3,2020,SUV
2020-07-02,현대자동차,GV80,2020,SUV
2020-06-30,르노코리아,CAPTUR,2020,SUV
2020-06-29,르노코리아,CAPTUR,2020,SUV
2020-06-26,르노코리아,XM3,2020,SUV
2020-06-26,기아,쏘렌토,2016,SUV
2020-06-25,현대자동차,코나 일렉트릭 (KONA ELECTRIC),2019,SUV
2020-06-29,기아,쏘렌토,2021,SUV
2020-06-25,현대자동차,투싼(TUCSON),2016,SUV
2020-06-26,르노코리아,XM3,2020,SUV
2020-06-30,현대자동차,투싼(TUCSON),2016,SUV
2020-06-24,KG 모빌리티,렉스턴스포츠,2020,SUV
2020-06-26,르노코리아,XM3,2020,SUV
2020-06-26,현대자동차,투싼(TUCSON),2016,SUV
2020-06-24,르노코리아,XM3,2020,SUV
2020-06-24,기아,쏘렌토,2010,SUV
2020-06-24,르노코리아,XM3,2020,SUV
2020-06-25,르노코리아,XM3,2020,SUV
2020-06-25,르노코리아,XM3,2020,SUV
2020-06-30,현대자동차,싼타페(SANTAFE),2015,SUV
2020-06-25,르노코리아,XM3,2020,SUV
2020-06-26,르노코리아,XM3,2020,SUV
2020-06-25,르노코리아,XM3,2020,SUV
2020-06-25,르노코리아,XM3,2020,SUV
2020-06-25,르노코리아,XM3,2020,SUV
2020-06-23,르노코리아,XM3,2020,SUV
2020-06-25,르노코리아,XM3,2020,SUV
2020-06-29,현대자동차,투싼(TUCSON),2016,SUV
2020-06-26,르노코리아,XM3,2020,SUV
2020-06-24,르노코리아,XM3,2020,SUV
2020-06-22,기아,쏘렌토,2019,SUV
2020-06-25,르노코리아,XM3,2020,SUV
2020-06-22,르노코리아,XM3,2020,SUV
2020-06-26,르노코리아,XM3,2020,SUV
2020-06-24,현대자동차,투싼(TUCSON),2016,SUV
2020-06-22,기아,쏘렌토,2019,SUV
2020-06-23,르노코리아,XM3,2020,SUV
2020-06-23,르노코리아,CAPTUR,2020,SUV
2020-06-24,KG 모빌리티,티볼리,2019,SUV
2020-06-23,르노코리아,XM3,2020,SUV
2020-06-23,르노코리아,CAPTUR,2020,SUV
2020-06-25,르노코리아,CAPTUR,2020,SUV
2020-06-23,르노코리아,XM3,2020,SUV
2020-06-23,르노코리아,XM3,2020,SUV
2020-06-23,르노코리아,CAPTUR,2020,SUV
2020-06-23,기아,카니발,2020,MPV/미니밴
2020-06-23,르노코리아,XM3,2020,SUV
2020-06-23,르노코리아,XM3,2020,SUV
2020-06-25,르노코리아,XM3,2020,SUV
2020-06-23,르노코리아,XM3,2020,SUV
2020-06-23,현대자동차,투싼(TUCSON),2016,SUV
2020-06-25,현대자동차,투싼(TUCSON),2016,SUV
2020-06-19,기아,스포티지,2011,SUV
2020-06-22,르노코리아,XM3,2020,SUV
2020-06-22,르노코리아,XM3,2020,SUV
2020-06-23,르노코리아,XM3,2020,SUV
2020-06-24,기아,쏘렌토,2011,SUV
2020-06-22,르노코리아,XM3,2020,SUV
2020-06-22,BMW,BMW X5 xDrive40d,2014,SUV
2020-06-24,현대자동차,투싼(TUCSON),2016,SUV
2020-06-24,르노코리아,XM3,2020,SUV
2020-06-23,현대자동차,투싼(TUCSON),2016,SUV
2020-06-19,현대자동차,투싼(TUCSON),2016,SUV
2020-06-19,KG 모빌리티,티볼리,2020,SUV
2020-06-23,현대자동차,투싼(TUCSON),2016,SUV
2020-06-19,르노코리아,XM3,2020,SUV
2020-06-19,현대자동차,코나 일렉트릭 (KONA ELECTRIC),2019,SUV
2020-06-19,현대자동차,코나 일렉트릭 (KONA ELECTRIC),2019,SUV
2020-06-19,르노코리아,XM3,2020,SUV
2020-06-22,르노코리아,XM3,2020,SUV
2020-06-23,르노코리아,XM3,2020,SUV
2020-06-19,르노코리아,XM3,2020,SUV
2020-06-19,르노코리아,CAPTUR,2020,SUV
2020-06-19,현대자동차,투싼(TUCSON),2017,SUV
2020-06-18,KG 모빌리티,티볼리,2015,SUV
2020-06-18,기아,쏘렌토,2020,SUV
2020-06-18,현대자동차,투싼(TUCSON),2016,SUV
2020-06-18,기아,카니발,2019,MPV/미니밴
2020-06-16,르노코리아,XM3,2020,SUV
2020-06-16,기아,쏘렌토,2021,SUV
2020-06-23,르노코리아,XM3,2020,SUV
2020-06-19,현대자동차,투싼(TUCSON),2016,SUV
2020-06-18,르노코리아,XM3,2020,SUV
2020-06-17,르노코리아,QM6,2020,SUV
2020-06-17,르노코리아,XM3,2020,SUV
2020-06-17,르노코리아,XM3,2020,SUV
2020-06-16,기아,카렌스,2007,MPV/미니밴
2020-06-15,르노코리아,XM3,2020,SUV
2020-06-17,르노코리아,CAPTUR,2020,SUV
2020-06-17,르노코리아,XM3,2020,SUV
2020-06-17,르노코리아,XM3,2020,SUV
2020-06-16,BMW,BMW X5 xDrive30d M Sport Package,2020,SUV
2020-06-18,르노코리아,XM3,2020,SUV
2020-06-15,BMW,BMW X5 xDrive30d,2018,SUV
2020-06-18,르노코리아,CAPTUR,2020,SUV
2020-06-17,르노코리아,XM3,2020,SUV
2020-06-17,르노코리아,QM6,2020,SUV
2020-06-17,르노코리아,XM3,2020,SUV
2020-06-15,르노코리아,XM3,2020,SUV
2020-06-16,르노코리아,XM3,2020,SUV
2020-06-16,르노코리아,XM3,2020,SUV
2020-06-16,르노코리아,XM3,2020,SUV
2020-06-16,르노코리아,XM3,2020,SUV
2020-06-17,르노코리아,XM3,2020,SUV
2020-06-15,르노코리아,XM3,2020,SUV
2020-06-16,기아,쏘렌토,2021,SUV
2020-06-15,르노코리아,XM3,2020,SUV
2020-06-17,르노코리아,XM3,2020,SUV
2020-06-17,르노코리아,XM3,2020,SUV
2020-06-15,르노코리아,XM3,2020,SUV
2020-06-15,르노코리아,XM3,2020,SUV
2020-06-16,르노코리아,XM3,2020,SUV
2020-06-15,르노코리아,XM3,2020,SUV
2020-06-15,르노코리아,XM3,2020,SUV
2020-06-12,현대자동차,싼타페(SANTAFE),2015,SUV
2020-06-15,르노코리아,CAPTUR,2020,SUV
2020-06-12,KG 모빌리티,티볼리,2020,SUV
2020-06-15,르노코리아,XM3,2020,SUV
2020-06-15,르노코리아,XM3,2020,SUV
2020-06-15,르노코리아,XM3,2020,SUV
2020-06-15,KG 모빌리티,렉스턴,2013,SUV
2020-06-12,현대자동차,싼타페(SANTAFE),2019,SUV
2020-06-15,르노코리아,XM3,2020,SUV
2020-06-15,기아,스포티지,2017,SUV
2020-06-12,르노코리아,XM3,2020,SUV
2020-06-12,르노코리아,XM3,2020,SUV
2020-06-16,르노코리아,XM3,2020,SUV
2020-06-12,르노코리아,XM3,2020,SUV
2020-06-15,르노코리아,XM3,2020,SUV
2020-06-15,르노코리아,XM3,2020,SUV
2020-06-16,기아,쏘렌토,2015,SUV
2020-06-16,기아,쏘렌토,2021,SUV
2020-06-15,르노코리아,XM3,2020,SUV
2020-06-11,르노코리아,XM3,2020,SUV
2020-06-11,기아,쏘렌토,2015,SUV
2020-06-11,기아,쏘렌토,2021,SUV
2020-06-10,르노코리아,XM3,2020,SUV
2020-06-11,기아,니로 하이브리드,2018,SUV
2020-06-10,르노코리아,XM3,2020,SUV
2020-06-10,르노코리아,XM3,2020,SUV
2020-06-10,르노코리아,XM3,2020,SUV
2020-06-08,르노코리아,XM3,2020,SUV
2020-06-12,르노코리아,XM3,2020,SUV
2020-06-10,르노코리아,XM3,2020,SUV
2020-06-08,현대자동차,GV80,2020,SUV
2020-06-10,르노코리아,XM3,2020,SUV
2020-06-10,르노코리아,XM3,2020,SUV
2020-06-10,기아,니로 하이브리드,2017,SUV
2020-06-08,기아,그랜드 카니발,2008,MPV/미니밴
2020-06-10,르노코리아,XM3,2020,SUV
2020-06-10,르노코리아,XM3,2020,SUV
2020-06-12,기아,쏘렌토,2021,SUV
2020-06-10,기아,쏘렌토,2021,SUV
2020-06-11,기아,쏘렌토,2021,SUV
2020-06-15,기아,쏘렌토,2021,SUV
2020-06-09,르노코리아,XM3,2020,SUV
2020-06-09,르노코리아,XM3,2020,SUV
2020-06-09,르노코리아,XM3,2020,SUV
2020-06-09,기아,스포티지,2019,SUV
2020-06-10,기아,쏘렌토,2021,SUV
2020-06-09,르노코리아,XM3,2020,SUV
2020-06-10,르노코리아,CAPTUR,2020,SUV
2020-06-10,기아,쏘렌토,2021,SUV
2020-06-09,르노코리아,XM3,2020,SUV
2020-06-11,기아,쏘렌토,2021,SUV
2020-06-09,기아,쏘렌토,2021,SUV
2020-06-10,현대자동차,싼타페(SANTAFE),2019,SUV
2020-06-09,기아,쏘렌토,2021,SUV
2020-06-09,기아,쏘렌토,2021,SUV
2020-06-10,르노코리아,XM3,2020,SUV
2020-06-08,현대자동차,투싼(TUCSON),2015,SUV
2020-06-05,현대자동차,GV80,2020,SUV
2020-06-08,르노코리아,XM3,2020,SUV
2020-06-08,르노코리아,XM3,2020,SUV
2020-06-08,KG 모빌리티,티볼리,2020,SUV
2020-06-09,르노코리아,XM3,2020,SUV
2020-06-10,르노코리아,XM3,2020,SUV
2020-06-05,기아,쏘렌토,2020,SUV
2020-06-05,현대자동차,코나 일렉트릭 (KONA ELECTRIC),2019,SUV
2020-06-10,현대자동차,코나 일렉트릭 (KONA ELECTRIC),2019,SUV
2020-06-05,기아,니로 하이브리드,2020,SUV
2020-06-04,기아,카니발,2020,MPV/미니밴
2020-06-04,르노코리아,XM3,2020,SUV
2020-06-04,기아,니로 하이브리드,2018,SUV
2020-06-04,기아,모하비,2017,SUV
2020-06-05,현대자동차,투싼(TUCSON),2016,SUV
2020-06-02,르노코리아,QM6,2017,SUV
2020-06-04,현대자동차,투싼(TUCSON),2016,SUV
2020-06-02,현대자동차,싼타페(SANTAFE),2016,SUV
2020-06-02,현대자동차,투싼(TUCSON),2011,SUV
2020-06-02,기아,스포티지,2016,SUV
2020-06-01,KG 모빌리티,티볼리,2019,SUV
2020-06-02,현대자동차,투싼(TUCSON),2016,SUV
2020-06-01,기아,모하비,2015,SUV
2020-06-02,현대자동차,싼타페(SANTAFE),2020,SUV
2020-06-01,르노코리아,XM3,2020,SUV
2020-06-01,르노코리아,XM3,2020,SUV
2020-06-01,현대자동차,GV80,2020,SUV
2020-06-01,르노코리아,XM3,2020,SUV
2020-06-03,현대자동차,그랜드스타렉스(GRAND STAREX),2008,MPV/미니밴
2020-06-03,르노코리아,XM3,2020,SUV
2020-05-29,기아,모하비,2010,SUV
2020-06-03,현대자동차,투싼(TUCSON),2017,SUV
2020-05-29,기아,니로 하이브리드,2018,SUV
2020-05-29,르노코리아,XM3,2020,SUV
2020-06-03,기아,쏘렌토,2010,SUV
2020-05-28,BMW,BMW X5 xDrive30d,2018,SUV
2020-05-29,기아,니로 하이브리드,2017,SUV
2020-05-28,르노코리아,XM3,2020,SUV
2020-05-28,기아,니로 하이브리드,2020,SUV
2020-05-28,르노코리아,XM3,2020,SUV
2020-05-28,르노코리아,XM3,2020,SUV
2020-05-28,르노코리아,XM3,2020,SUV
2020-05-29,르노코리아,XM3,2020,SUV
2020-05-29,현대자동차,코나 일렉트릭 (KONA ELECTRIC),2019,SUV
2020-05-28,르노코리아,XM3,2020,SUV
2020-05-28,르노코리아,XM3,2020,SUV
2020-06-02,르노코리아,XM3,2020,SUV
2020-05-29,르노코리아,XM3,2020,SUV
2020-05-28,르노코리아,XM3,2020,SUV
2020-05-29,르노코리아,XM3,2020,SUV
2020-05-28,르노코리아,XM3,2020,SUV
2020-05-29,르노코리아,XM3,2020,SUV
2020-05-27,르노코리아,XM3,2020,SUV
2020-05-27,기아,그랜드 카니발,2009,MPV/미니밴
2020-05-27,르노코리아,XM3,2020,SUV
2020-05-27,기아,쏘렌토,2017,SUV
2020-05-27,르노코리아,XM3,2020,SUV
2020-05-26,현대자동차,싼타페(SANTAFE),2008,SUV
2020-05-25,기아,쏘렌토,2010,SUV
2020-05-26,르노코리아,XM3,2020,SUV
2020-05-26,르노코리아,XM3,2020,SUV
2020-05-26,르노코리아,XM3,2020,SUV
2020-05-27,르노코리아,XM3,2020,SUV
2020-05-25,르노코리아,XM3,2020,SUV
2020-05-25,르노코리아,XM3,2020,SUV
2020-05-25,현대자동차,투싼(TUCSON),2018,SUV
2020-05-26,현대자동차,투싼(TUCSON),2015,SUV
2020-05-22,현대자동차,투싼(TUCSON),2019,SUV
2020-05-22,현대자동차,싼타페(SANTAFE),2014,SUV
2020-05-22,현대자동차,투싼(TUCSON),2010,SUV
2020-05-21,기아,니로 EV,2019,SUV
2020-05-22,현대자동차,코나(KONA),2018,SUV
2020-05-20,현대자동차,코나 일렉트릭 (KONA ELECTRIC),2019,SUV
2020-05-21,KG 모빌리티,렉스턴,2013,SUV
2020-05-21,현대자동차,투싼(TUCSON),2010,SUV
2020-05-21,현대자동차,투싼(TUCSON),2016,SUV
2020-05-21,기아,카니발,2015,MPV/미니밴
2020-05-19,기아,그랜드 카니발,2012,MPV/미니밴
2020-05-19,BMW,BMW X5 xDrive30d M Sport Package,2020,SUV
2020-05-18,KG 모빌리티,렉스턴스포츠,2019,SUV
2020-05-18,기아,모하비,2020,SUV
2020-05-18,현대자동차,투싼(TUCSON),2016,SUV
2020-05-19,현대자동차,투싼(TUCSON),2018,SUV
2020-05-20,르노코리아,XM3,2020,SUV
2020-05-18,기아,니로 하이브리드,2018,SUV
2020-05-18,현대자동차,투싼(TUCSON),2011,SUV
2020-05-18,기아,니로 하이브리드,2018,SUV
2020-05-19,기아,니로 하이브리드,2017,SUV
2020-05-18,기아,니로 하이브리드,2018,SUV
2020-05-15,혼다코리아,CR-V 4WD,2016,SUV
2020-05-18,기아,카니발,2016,MPV/미니밴
2020-05-18,기아,쏘렌토,2010,SUV
2020-05-18,기아,니로 하이브리드,2017,SUV
2020-05-15,기아,니로 하이브리드,2020,SUV
2020-05-15,현대자동차,투싼(TUCSON),2016,SUV
2020-05-14,현대자동차,투싼(TUCSON),2007,SUV
2020-05-18,현대자동차,싼타페(SANTAFE),2013,SUV
2020-05-14,기아,쏘렌토,2018,SUV
2020-05-15,현대자동차,투싼(TUCSON),2011,SUV
2020-05-13,현대자동차,투싼(TUCSON),2011,SUV
2020-05-13,KG 모빌리티,렉스턴,2013,SUV
2020-05-13,BMW,BMW X5 xDrive30d,2018,SUV
2020-05-12,현대자동차,코나 일렉트릭 (KONA ELECTRIC),2018,SUV
2020-05-11,현대자동차,투싼(TUCSON),2016,SUV
2020-05-12,기아,모하비,2020,SUV
2020-05-12,기아,카니발,2019,MPV/미니밴
2020-05-12,르노코리아,QM6,2020,SUV
2020-05-12,볼보,볼보 XC90D5 AWD,2019,SUV
2020-05-11,현대자동차,투싼(TUCSON),2011,SUV
2020-05-13,현대자동차,싼타페(SANTAFE),2020,SUV
2020-05-13,현대자동차,투싼(TUCSON),2016,SUV
2020-05-12,현대자동차,코나 일렉트릭 (KONA ELECTRIC),2019,SUV
2020-05-11,현대자동차,GV80,2020,SUV
2020-05-11,기아,스포티지,2016,SUV
2020-05-12,현대자동차,투싼(TUCSON),2016,SUV
2020-05-11,현대자동차,코나 일렉트릭 (KONA ELECTRIC),2019,SUV
2020-05-11,기아,모하비,2020,SUV
2020-05-11,현대자동차,투싼(TUCSON),2016,SUV
2020-05-11,현대자동차,투싼(TUCSON),2016,SUV
2020-05-07,현대자동차,싼타페(SANTAFE),2010,SUV
2020-05-08,현대자동차,투싼(TUCSON),2016,SUV
2020-05-08,기아,스포티지,2016,SUV
2020-05-07,KG 모빌리티,티볼리 에어,2017,SUV
2020-05-06,기아,모하비,2011,SUV
2020-05-07,현대자동차,싼타페(SANTAFE),2020,SUV
2020-05-07,현대자동차,코나 일렉트릭 (KONA ELECTRIC),2019,SUV
2020-05-07,현대자동차,코나 일렉트릭 (KONA ELECTRIC),2019,SUV
2020-05-08,현대자동차,싼타페(SANTAFE),2016,SUV
2020-05-11,기아,쏘렌토,2008,SUV
2020-05-06,현대자동차,투싼(TUCSON),2016,SUV
2020-05-06,기아,카니발,2019,MPV/미니밴
2020-05-04,현대자동차,투싼(TUCSON),2018,SUV
2020-05-06,BMW,BMW X5 xDrive30d,2018,SUV
2020-05-04,기아,그랜드 카니발,2013,MPV/미니밴
2020-05-06,기아,니로 하이브리드,2018,SUV
2020-05-04,현대자동차,투싼(TUCSON),2006,SUV
2020-05-06,현대자동차,투싼(TUCSON),2016,SUV
2020-05-06,르노코리아,XM3,2020,SUV
2020-05-04,현대자동차,투싼(TUCSON),2016,SUV
2020-05-04,현대자동차,투싼(TUCSON),2016,SUV
2020-05-04,현대자동차,GV80,2020,SUV
2020-05-06,기아,쏘렌토,2016,SUV
2020-05-04,르노코리아,XM3,2020,SUV
2020-05-04,기아,쏘렌토,2015,SUV
2020-04-29,KG 모빌리티,렉스턴스포츠 칸,2019,SUV
2020-05-04,기아,쏘렌토,2016,SUV
2020-04-29,기아,쏘렌토,2021,SUV
2020-05-04,현대자동차,싼타페(SANTAFE),2019,SUV
2020-04-29,현대자동차,투싼(TUCSON),2016,SUV
2020-04-27,KG 모빌리티,G4 렉스턴,2018,SUV
2020-04-27,기아,쏘렌토,2020,SUV
2020-04-28,기아,쏘렌토,2016,SUV
2020-04-27,현대자동차,코나 일렉트릭 (KONA ELECTRIC),2019,SUV
2020-04-28,현대자동차,투싼(TUCSON),2011,SUV
2020-04-24,현대자동차,팰리세이드(PALISADE),2019,SUV
2020-04-27,기아,쏘렌토,2016,SUV
2020-04-24,현대자동차,투싼(TUCSON),2016,SUV
2020-04-22,현대자동차,싼타페(SANTAFE),2019,SUV
2020-04-23,르노코리아,XM3,2020,SUV
2020-04-22,현대자동차,싼타페(SANTAFE),2013,SUV
2020-04-22,기아,쏘렌토,2021,SUV
2020-04-22,기아,쏘렌토 하이브리드,2021,SUV
2020-04-21,기아,쏘렌토,2021,SUV
2020-04-21,기아,쏘렌토,2021,SUV
2020-04-21,기아,스포티지,2016,SUV
2020-04-21,기아,모하비,2019,SUV
2020-04-20,현대자동차,싼타페(SANTAFE),2013,SUV
2020-04-17,KG 모빌리티,G4 렉스턴,2018,SUV
2020-04-20,기아,쏘렌토,2017,SUV
2020-04-22,기아,스포티지,2016,SUV
2020-04-20,현대자동차,싼타페(SANTAFE),2015,SUV
2020-04-17,현대자동차,투싼(TUCSON),2016,SUV
2020-04-16,현대자동차,싼타페(SANTAFE),2013,SUV
2020-04-16,현대자동차,싼타페(SANTAFE),2018,SUV
2020-04-16,현대자동차,싼타페(SANTAFE),2016,SUV
2020-04-17,현대자동차,싼타페(SANTAFE),2015,SUV
2020-04-17,기아,니로 하이브리드,2018,SUV
2020-04-17,현대자동차,싼타페(SANTAFE),2016,SUV
2020-04-14,기아,스포티지,2016,SUV
2020-04-14,기아,카니발,2019,MPV/미니밴
2020-04-16,기아,니로 하이브리드,2017,SUV
2020-04-10,기아,스포티지,2016,SUV
2020-04-13,기아,쏘렌토,2016,SUV
2020-04-10,기아,쏘렌토,2018,SUV
2020-04-10,기아,스포티지,2016,SUV
2020-04-08,기아,모하비,2017,SUV
2020-04-07,기아,모하비,2019,SUV
2020-04-06,현대자동차,팰리세이드(PALISADE),2020,SUV
2020-04-06,현대자동차,싼타페(SANTAFE),2015,SUV
2020-04-02,현대자동차,투싼(TUCSON),2016,SUV
2020-04-02,현대자동차,GV80,2020,SUV
2020-04-02,현대자동차,코나 일렉트릭 (KONA ELECTRIC),2019,SUV
2020-04-02,르노코리아,QM3,2015,SUV
2020-03-31,현대자동차,팰리세이드(PALISADE),2020,SUV
2020-03-30,현대자동차,그랜드 스타렉스(GRAND STAREX),2019,MPV/미니밴
2020-03-30,기아,쏘렌토,2018,SUV
2020-03-30,현대자동차,싼타페(SANTAFE),2013,SUV
2020-03-30,현대자동차,싼타페(SANTAFE),2014,SUV
2020-03-30,르노코리아,QM6,2020,SUV
2020-04-01,현대자동차,싼타페(SANTAFE),2020,SUV
2020-03-30,기아,스포티지,2016,SUV
2020-03-27,현대자동차,팰리세이드(PALISADE),2019,SUV
2020-03-26,포드,Explorer 2.3 AWD,2017,SUV
2020-03-27,기아,모하비,2018,SUV
2020-03-27,기아,쏘렌토,2020,SUV
2020-03-25,현대자동차,싼타페(SANTAFE),2019,SUV
2020-03-25,현대자동차,싼타페(SANTAFE),2015,SUV
2020-03-24,기아,카니발,2020,MPV/미니밴
2020-03-24,현대자동차,팰리세이드(PALISADE),2020,SUV
2020-03-25,재규어랜드로버,재규어 E-PACE D180,2019,SUV
2020-03-23,BMW,BMW X5 xDrive30d,2018,SUV
2020-03-18,기아,스포티지,2014,SUV
2020-03-18,현대자동차,싼타페(SANTAFE),2020,SUV
2020-03-17,기아,카니발,2019,MPV/미니밴
2020-03-17,기아,쏘렌토,2020,SUV
2020-03-16,기아,니로 EV,2019,SUV
2020-03-16,현대자동차,싼타페(SANTAFE),2020,SUV
2020-03-16,KG 모빌리티,G4 렉스턴,2019,SUV
2020-03-16,르노코리아,QM6,2019,SUV
2020-03-18,현대자동차,투싼(TUCSON),2016,SUV
2020-03-16,현대자동차,투싼(TUCSON),2016,SUV
2020-03-16,현대자동차,싼타페(SANTAFE),2013,SUV
2020-03-13,기아,카니발,2016,MPV/미니밴
2020-03-12,기아,카니발,2008,MPV/미니밴
2020-03-11,현대자동차,팰리세이드(PALISADE),2019,SUV
2020-03-11,혼다코리아,ODYSSEY,2019,MPV/미니밴
2020-03-10,현대자동차,투싼(TUCSON),2016,SUV
2020-03-09,기아,쏘렌토,2016,SUV
2020-03-11,기아,니로 하이브리드,2018,SUV
2020-03-06,기아,쏘렌토,2015,SUV
2020-03-05,메르세데스 벤츠,GLC350 e 4Matic,2019,SUV
2020-03-05,현대자동차,코나 일렉트릭 (KONA ELECTRIC),2019,SUV
2020-03-05,현대자동차,그랜드 스타렉스(GRAND STAREX),2016,MPV/미니밴
2020-03-04,KG 모빌리티,티볼리,2020,SUV
2020-03-05,KG 모빌리티,티볼리,2017,SUV
2020-03-03,현대자동차,팰리세이드(PALISADE),2020,SUV
2020-03-02,현대자동차,투싼(TUCSON),2016,SUV
2020-03-04,현대자동차,투싼(TUCSON),2010,SUV
2020-03-02,기아,니로 하이브리드,2018,SUV
2020-02-28,기아,스포티지,2016,SUV
2020-03-02,현대자동차,싼타페(SANTAFE),2014,SUV
2020-02-28,KG 모빌리티,티볼리,2020,SUV
2020-02-27,르노코리아,QM3,2018,SUV
2020-02-28,현대자동차,싼타페(SANTAFE),2015,SUV
2020-02-25,KG 모빌리티,렉스턴스포츠,2018,SUV
2020-02-27,기아,모하비,2020,SUV
2020-02-24,기아,쏘렌토,2015,SUV
2020-02-24,기아,쏘렌토,2019,SUV
2020-02-26,KG 모빌리티,G4 렉스턴,2019,SUV
2020-02-26,기아,카니발,2016,MPV/미니밴
2020-02-24,KG 모빌리티,렉스턴스포츠,2019,SUV
2020-02-21,현대자동차,싼타페(SANTAFE),2020,SUV
2020-02-20,현대자동차,투싼(TUCSON),2017,SUV
2020-02-20,메르세데스 벤츠,GLC350 e 4Matic,2019,SUV
2020-02-20,기아,쏘렌토,2015,SUV
2020-02-18,현대자동차,팰리세이드(PALISADE),2019,SUV
2020-02-19,현대자동차,그랜드 스타렉스(GRAND STAREX),2010,MPV/미니밴
2020-02-17,현대자동차,투싼(TUCSON),2020,SUV
2020-02-18,기아,그랜드 카니발,2012,MPV/미니밴
2020-02-17,BMW,BMW X5 xDrive30d,2017,SUV
2020-02-17,기아,모하비,2012,SUV
2020-02-14,기아,쏘렌토,2019,SUV
2020-02-14,기아,모하비,2011,SUV
2020-02-17,기아,쏘렌토,2016,SUV
2020-02-18,현대자동차,투싼(TUCSON),2019,SUV
2020-02-14,기아,모하비,2017,SUV
2020-02-13,현대자동차,투싼(TUCSON),2016,SUV
2020-02-12,기아,쏘렌토,2011,SUV
2020-02-11,현대자동차,그랜드 스타렉스(GRAND STAREX),2013,MPV/미니밴
2020-02-11,메르세데스 벤츠,GLK220 CDI 4Matic,2010,SUV
2020-02-12,현대자동차,싼타페(SANTAFE),2020,SUV
2020-02-11,현대자동차,코나 일렉트릭 (KONA ELECTRIC),2019,SUV
2020-02-10,KG 모빌리티,렉스턴스포츠,2020,SUV
2020-02-10,기아,쏘렌토,2020,SUV
2020-02-10,기아,쏘렌토,2017,SUV
2020-02-10,메르세데스 벤츠,ML350 BlueTEC 4Matic,2014,SUV
2020-02-07,기아,모하비,2020,SUV
2020-02-07,현대자동차,팰리세이드(PALISADE),2020,SUV
2020-02-11,기아,쏘렌토,2020,SUV
2020-02-07,기아,그랜드 카니발,2012,MPV/미니밴
2020-02-06,기아,모하비,2018,SUV
2020-02-05,기아,스포티지,2019,SUV
2020-02-04,현대자동차,투싼(TUCSON),2010,SUV
2020-02-04,르노코리아,QM6,2019,SUV
2020-02-05,현대자동차,팰리세이드(PALISADE),2020,SUV
2020-02-03,기아,스포티지,2016,SUV
2020-02-04,현대자동차,싼타페(SANTAFE),2019,SUV
2020-02-03,기아,쏘렌토,2015,SUV
2020-02-03,현대자동차,싼타페(SANTAFE),2011,SUV
2020-02-03,KG 모빌리티,렉스턴스포츠 칸,2019,SUV
2020-01-31,르노코리아,QM5,2014,SUV
2020-02-03,현대자동차,투싼(TUCSON),2019,SUV
2020-01-30,현대자동차,코나 일렉트릭 (KONA ELECTRIC),2019,SUV
2020-02-03,현대자동차,싼타페(SANTAFE),2016,SUV
2020-01-29,르노코리아,QM6,2017,SUV
2020-01-31,기아,니로 하이브리드,2018,SUV
2020-01-29,기아,카렌스,2007,MPV/미니밴
2020-01-31,KG 모빌리티,G4 렉스턴,2019,SUV
2020-01-28,기아,쏘렌토,2013,SUV
2020-01-28,기아,카니발,2016,MPV/미니밴
2020-01-28,현대자동차,팰리세이드(PALISADE),2019,SUV
2020-01-22,현대자동차,싼타페(SANTAFE),2019,SUV
2020-01-21,기아,쏘렌토,2015,SUV
2020-01-20,현대자동차,팰리세이드(PALISADE),2019,SUV
2020-01-23,기아,쏘렌토,2015,SUV
2020-01-21,르노코리아,QM6,2020,SUV
2020-01-17,기아,쏘렌토,2016,SUV
2020-01-20,기아,카니발,2018,MPV/미니밴
2020-01-20,기아,쏘렌토,2015,SUV
2020-01-20,KG 모빌리티,티볼리,2016,SUV
2020-01-17,기아,모하비,2020,SUV
2020-01-17,기아,쏘렌토,2015,SUV
2020-01-17,현대자동차,싼타페(SANTAFE),2019,SUV
2020-01-17,현대자동차,싼타페(SANTAFE),2015,SUV
2020-01-17,기아,쏘렌토,2020,SUV
2020-01-16,현대자동차,싼타페(SANTAFE),2013,SUV
2020-01-15,현대자동차,투싼(TUCSON),2016,SUV
2020-01-16,기아,모하비,2018,SUV
2020-01-16,기아,쏘렌토,2018,SUV
2020-01-17,기아,카니발,2019,MPV/미니밴
2020-01-14,KG 모빌리티,렉스턴,2011,SUV
2020-01-14,기아,카니발,2019,MPV/미니밴
2020-01-14,기아,카니발,2008,MPV/미니밴
2020-01-13,현대자동차,투싼(TUCSON),2016,SUV
2020-01-13,기아,쏘렌토,2015,SUV
2020-01-13,기아,쏘렌토,2020,SUV
2020-01-13,르노코리아,QM3,2018,SUV
2020-01-15,현대자동차,투싼(TUCSON),2016,SUV
2020-01-13,기아,쏘렌토,2015,SUV
2020-01-10,기아,쏘렌토,2015,SUV
2020-01-09,기아,쏘렌토,2016,SUV
2020-01-10,현대자동차,싼타페(SANTAFE),2010,SUV
2020-01-09,기아,모하비,2018,SUV
2020-01-08,기아,쏘렌토,2015,SUV
2020-01-08,기아,모하비,2017,SUV
2020-01-09,KG 모빌리티,G4 렉스턴,2018,SUV
2020-01-06,기아,쏘렌토,2015,SUV
2020-01-03,기아,쏘렌토,2015,SUV
2020-01-07,현대자동차,싼타페(SANTAFE),2008,SUV
2020-01-02,현대자동차,싼타페(SANTAFE),2020,SUV
2020-01-02,기아,쏘렌토,2018,SUV
2020-01-02,기아,카니발,2019,MPV/미니밴
2020-11-02,현대자동차,싼타페(SANTAFE),2015,SUV
2020-11-02,현대자동차,싼타페(SANTAFE),2015,SUV
2021-12-31,현대자동차,싼타페(SANTAFE),2013,SUV
2021-12-31,르노코리아,QM6,2018,SUV
2021-12-31,현대자동차,투싼(TUCSON),2016,SUV
2021-12-30,재규어랜드로버,재규어 F-PACE 20d,2017,SUV
2021-12-30,현대자동차,싼타페(SANTAFE),2015,SUV
2021-12-30,현대자동차,싼타페(SANTAFE),2014,SUV
2021-12-30,기아,쏘렌토,2016,SUV
2021-12-30,현대자동차,싼타페(SANTAFE),2014,SUV
2021-12-30,재규어랜드로버,재규어 F-PACE 20d,2017,SUV
2021-12-29,기아,쏘렌토,2021,SUV
2021-12-29,기아,쏘렌토,2018,SUV
2021-12-29,기아,쏘렌토,2021,SUV
2021-12-29,현대자동차,싼타페(SANTAFE),2014,SUV
2021-12-29,메르세데스 벤츠,Mercedes-Benz EQA250,2022,SUV
2021-12-28,기아,쏘렌토 하이브리드,2021,SUV
2021-12-28,현대자동차,싼타페(SANTAFE),2014,SUV
2021-12-28,현대자동차,싼타페(SANTAFE),2014,SUV
2021-12-28,현대자동차,싼타페(SANTAFE),2015,SUV
2021-12-27,기아,스포티지,2019,SUV
2021-12-28,현대자동차,싼타페(SANTAFE),2015,SUV
2021-12-28,현대자동차,팰리세이드(PALISADE),2021,SUV
2021-12-27,르노코리아,QM6,2017,SUV
2021-12-27,현대자동차,싼타페(SANTAFE),2014,SUV
2021-12-27,르노코리아,QM6,2022,SUV
2021-12-27,현대자동차,싼타페 하이브리드(SANTAFE HYBRID),2022,SUV
2021-12-27,현대자동차,싼타페(SANTAFE),2014,SUV
2021-12-24,현대자동차,싼타페(SANTAFE),2014,SUV
2021-12-23,기아,스포티지,2016,SUV
2021-12-23,현대자동차,싼타페(SANTAFE),2016,SUV
2021-12-23,기아,카니발,2015,MPV/미니밴
2021-12-23,현대자동차,싼타페(SANTAFE),2014,SUV
2021-12-22,현대자동차,싼타페(SANTAFE),2013,SUV
2021-12-23,기아,카니발,2015,MPV/미니밴
2021-12-22,현대자동차,싼타페(SANTAFE),2014,SUV
2021-12-22,현대자동차,싼타페(SANTAFE),2014,SUV
2021-12-22,현대자동차,싼타페(SANTAFE),2014,SUV
2021-12-21,현대자동차,싼타페(SANTAFE),2021,SUV
2021-12-21,현대자동차,스타리아 (STARIA),2022,MPV/미니밴
2021-12-21,현대자동차,싼타페(SANTAFE),2021,SUV
2021-12-20,기아,스포티지,2016,SUV
2021-12-20,기아,쏘렌토,2021,SUV
2021-12-20,기아,쏘렌토,2018,SUV
2021-12-20,기아,니로 하이브리드,2017,SUV
2021-12-20,현대자동차,코나 하이브리드(KONA HYBRID),2020,SUV
2021-12-20,혼다코리아,ODYSSEY,2019,MPV/미니밴
2021-12-17,현대자동차,싼타페(SANTAFE),2015,SUV
2021-12-16,재규어랜드로버,재규어 F-PACE 20d,2018,SUV
2021-12-17,르노코리아,QM6,2017,SUV
2021-12-16,기아,니로 하이브리드,2018,SUV
2021-12-16,혼다코리아,ODYSSEY,2021,MPV/미니밴
2021-12-16,현대자동차,싼타페(SANTAFE),2014,SUV
2021-12-15,현대자동차,싼타페(SANTAFE),2013,SUV
2021-12-15,기아,카니발,2021,MPV/미니밴
2021-12-15,현대자동차,싼타페(SANTAFE),2014,SUV
2021-12-14,기아,니로 하이브리드,2020,SUV
2021-12-15,기아,카니발,2016,MPV/미니밴
2021-12-15,메르세데스 벤츠,GLC350 e 4Matic,2019,SUV
2021-12-15,현대자동차,싼타페(SANTAFE),2014,SUV
2021-12-14,메르세데스 벤츠,GLC350 e 4Matic,2019,SUV
2021-12-14,혼다코리아,ODYSSEY,2019,MPV/미니밴
2021-12-14,기아,쏘렌토,2021,SUV
2021-12-13,재규어랜드로버,재규어 E-PACE P250,2018,SUV
2021-12-13,현대자동차,싼타페(SANTAFE),2015,SUV
2021-12-13,현대자동차,싼타페(SANTAFE),2015,SUV
2021-12-13,르노코리아,XM3,2020,SUV
2021-12-13,현대자동차,싼타페(SANTAFE),2015,SUV
2021-12-10,기아,쏘렌토,2021,SUV
2021-12-10,기아,쏘렌토,2021,SUV
2021-12-10,현대자동차,투싼(TUCSON),2017,SUV
2021-12-10,현대자동차,투싼(TUCSON),2017,SUV
2021-12-10,현대자동차,싼타페(SANTAFE),2013,SUV
2021-12-09,현대자동차,싼타페(SANTAFE),2014,SUV
2021-12-10,현대자동차,싼타페(SANTAFE),2021,SUV
2021-12-10,기아,쏘렌토,2021,SUV
2021-12-09,현대자동차,팰리세이드(PALISADE),2022,SUV
2021-12-09,포드,Explorer 2.3 AWD,2016,SUV
2021-12-09,KG 모빌리티,렉스턴스포츠,2021,SUV
2021-12-09,기아,쏘렌토,2021,SUV
2021-12-09,현대자동차,싼타페(SANTAFE),2013,SUV
2021-12-08,현대자동차,싼타페(SANTAFE),2015,SUV
2021-12-08,현대자동차,싼타페(SANTAFE),2014,SUV
2021-12-08,현대자동차,싼타페(SANTAFE),2014,SUV
2021-12-08,현대자동차,싼타페(SANTAFE),2013,SUV
2021-12-08,현대자동차,GV80,2021,SUV
2021-12-08,현대자동차,GV80,2021,SUV
2021-12-07,혼다코리아,CR-V 4WD,2017,SUV
2021-12-07,기아,쏘렌토,2021,SUV
2021-12-07,현대자동차,GV80,2020,SUV
2021-12-06,현대자동차,싼타페(SANTAFE),2020,SUV
2021-12-06,기아,쏘렌토 하이브리드,2021,SUV
2021-12-06,현대자동차,싼타페(SANTAFE),2014,SUV
2021-12-06,현대자동차,싼타페(SANTAFE),2010,SUV
2021-12-03,기아,니로 EV,2022,SUV
2021-12-06,기아,쏘렌토 하이브리드,2021,SUV
2021-12-06,기아,카니발,2021,MPV/미니밴
2021-12-06,기아,쏘렌토,2021,SUV
2021-12-03,현대자동차,싼타페(SANTAFE),2014,SUV
2021-12-06,기아,니로 하이브리드,2018,SUV
2021-12-03,기아,쏘렌토,2022,SUV
2021-12-03,포드,Explorer 2.3 AWD,2016,SUV
2021-12-03,기아,쏘렌토,2021,SUV
2021-12-03,현대자동차,팰리세이드(PALISADE),2020,SUV
2021-12-03,기아,카니발,2021,MPV/미니밴
2021-12-02,현대자동차,팰리세이드(PALISADE),2022,SUV
2021-12-02,현대자동차,싼타페(SANTAFE),2015,SUV
2021-12-02,기아,카니발,2022,MPV/미니밴
2021-12-02,기아,카니발,2022,MPV/미니밴
2021-12-01,기아,쏘렌토,2016,SUV
2021-11-30,기아,쏘렌토,2021,SUV
2021-12-01,현대자동차,싼타페(SANTAFE),2015,SUV
2021-11-30,현대자동차,싼타페(SANTAFE),2015,SUV
2021-11-30,기아,스포티지,2018,SUV
2021-11-29,현대자동차,투싼(TUCSON),2016,SUV
2021-11-29,현대자동차,투싼(TUCSON),2016,SUV
2021-11-29,기아,쏘렌토,2015,SUV
2021-11-29,르노코리아,XM3,2020,SUV
2021-12-01,기아,쏘렌토,2021,SUV
2021-12-01,기아,니로 하이브리드,2020,SUV
2021-11-30,기아,쏘렌토,2021,SUV
2021-11-29,현대자동차,싼타페(SANTAFE),2014,SUV
2021-11-29,기아,니로 하이브리드,2020,SUV
2021-11-29,현대자동차,싼타페(SANTAFE),2015,SUV
2021-11-30,기아,쏘렌토,2022,SUV
2021-11-30,기아,쏘렌토,2021,SUV
2021-11-29,현대자동차,싼타페(SANTAFE),2014,SUV
2021-11-26,현대자동차,싼타페(SANTAFE),2016,SUV
2021-11-25,KG 모빌리티,렉스턴스포츠,2019,SUV
2021-11-26,현대자동차,팰리세이드(PALISADE),2019,SUV
2021-11-25,기아,카니발,2017,MPV/미니밴
2021-11-24,르노코리아,QM5,2015,SUV
2021-11-25,현대자동차,싼타페(SANTAFE),2015,SUV
2021-11-24,기아,스포티지,2018,SUV
2021-11-25,기아,스포티지,2018,SUV
2021-11-23,현대자동차,스타리아 라운지 (STARIA LOUNGE),2022,MPV/미니밴
2021-11-23,포드,Explorer 2.3 AWD,2016,SUV
2021-11-23,기아,쏘렌토,2021,SUV
2021-11-23,현대자동차,투싼(TUCSON),2018,SUV
2021-11-23,기아,니로 하이브리드,2020,SUV
2021-11-23,기아,쏘렌토,2015,SUV
2021-11-22,현대자동차,투싼(TUCSON),2016,SUV
2021-11-22,르노코리아,QM6,2017,SUV
2021-11-22,르노코리아,QM3,2014,SUV
2021-11-19,기아,쏘렌토,2015,SUV
2021-11-19,기아,카니발,2015,MPV/미니밴
2021-11-19,현대자동차,팰리세이드(PALISADE),2022,SUV
2021-11-19,기아,스포티지,2019,SUV
2021-11-19,기아,니로 하이브리드,2020,SUV
2021-11-18,기아,쏘렌토,2018,SUV
2021-11-17,기아,니로 하이브리드,2020,SUV
2021-11-17,르노코리아,XM3,2020,SUV
2021-11-17,기아,니로 하이브리드,2020,SUV
2021-11-16,르노코리아,XM3,2020,SUV
2021-11-18,기아,쏘렌토,2019,SUV
2021-11-16,기아,니로 하이브리드,2020,SUV
2021-11-17,기아,니로 하이브리드,2020,SUV
2021-11-16,기아,니로 하이브리드,2020,SUV
2021-11-16,기아,니로 EV,2019,SUV
2021-11-16,르노코리아,QM6,2017,SUV
2021-11-16,기아,쏘렌토 하이브리드,2022,SUV
2021-11-16,현대자동차,GV70,2021,SUV
2021-11-16,기아,스포티지,2015,SUV
2021-11-15,르노코리아,QM3,2019,SUV
2021-11-12,현대자동차,투싼(TUCSON),2017,SUV
2021-11-12,기아,니로 하이브리드,2020,SUV
2021-11-12,KG 모빌리티,티볼리,2015,SUV
2021-11-12,기아,쏘렌토,2016,SUV
2021-11-12,기아,카니발,2017,MPV/미니밴
2021-11-12,현대자동차,투싼(TUCSON),2016,SUV
2021-11-11,메르세데스 벤츠,GLK220 CDI 4Matic,2015,SUV
2021-11-10,르노코리아,XM3,2020,SUV
2021-11-11,기아,스포티지,2018,SUV
2021-11-11,기아,스포티지,2018,SUV
2021-11-11,현대자동차,팰리세이드(PALISADE),2021,SUV
2021-11-11,현대자동차,팰리세이드(PALISADE),2021,SUV
2021-11-11,르노코리아,XM3,2020,SUV
2021-11-09,기아,모하비,2015,SUV
2021-11-09,기아,카니발,2021,MPV/미니밴
2021-11-09,현대자동차,싼타페(SANTAFE),2015,SUV
2021-11-09,현대자동차,GV80,2021,SUV
2021-11-09,현대자동차,GV80,2021,SUV
2021-11-09,KG 모빌리티,렉스턴,2021,SUV
2021-11-09,기아,니로 EV,2019,SUV
2021-11-09,기아,니로 EV,2019,SUV
2021-11-08,기아,카니발,2018,MPV/미니밴
2021-11-08,기아,스포티지,2007,SUV
2021-11-08,현대자동차,팰리세이드(PALISADE),2020,SUV
2021-11-08,르노코리아,QM6,2020,SUV
2021-11-05,기아,니로 하이브리드,2017,SUV
2021-11-05,현대자동차,투싼(TUCSON),2019,SUV
2021-11-04,기아,니로 하이브리드,2020,SUV
2021-11-04,현대자동차,팰리세이드(PALISADE),2021,SUV
2021-11-03,기아,카니발,2016,MPV/미니밴
2021-11-03,볼보,볼보 XC90T8 AWD,2021,SUV
2021-11-03,기아,카니발,2018,MPV/미니밴
2021-11-02,포드,Explorer 2.3,2020,SUV
2021-11-03,KG 모빌리티,렉스턴스포츠,2021,SUV
2021-11-01,기아,스포티지,2016,SUV
2021-11-01,기아,쏘렌토,2018,SUV
2021-10-29,기아,니로 EV,2019,SUV
2021-10-29,기아,카니발,2015,MPV/미니밴
2021-10-29,메르세데스 벤츠,GLC350 e 4Matic,2019,SUV
2021-10-29,기아,스포티지,2016,SUV
2021-10-28,기아,카니발,2020,MPV/미니밴
2021-10-28,현대자동차,투싼(TUCSON),2017,SUV
2021-10-28,기아,쏘렌토 하이브리드,2021,SUV
2021-10-28,기아,쏘렌토 하이브리드,2021,SUV
2021-10-28,기아,쏘렌토 하이브리드,2021,SUV
2021-10-28,기아,카니발,2015,MPV/미니밴
2021-10-28,기아,카니발,2015,MPV/미니밴
2021-10-28,기아,쏘렌토,2021,SUV
2021-10-27,기아,카니발,2020,MPV/미니밴
2021-10-27,기아,카니발,2020,MPV/미니밴
2021-10-27,기아,쏘렌토,2021,SUV
2021-10-26,기아,니로 하이브리드,2020,SUV
2021-10-27,현대자동차,스타리아 (STARIA),2022,MPV/미니밴
2021-10-27,르노코리아,QM6,2020,SUV
2021-10-26,르노코리아,QM3,2014,SUV
2021-10-26,기아,니로 하이브리드,2020,SUV
2021-10-26,기아,니로 하이브리드,2017,SUV
2021-10-26,기아,쏘렌토,2021,SUV
2021-10-26,현대자동차,그랜드 스타렉스(GRAND STAREX),2017,MPV/미니밴
2021-10-25,기아,니로 하이브리드,2020,SUV
2021-10-25,기아,니로 하이브리드,2020,SUV
2021-10-25,기아,니로 하이브리드,2020,SUV
2021-10-25,기아,니로 하이브리드,2020,SUV
2021-10-26,현대자동차,스타리아 (STARIA),2022,MPV/미니밴
2021-10-25,현대자동차,싼타페(SANTAFE),2014,SUV
2021-10-25,재규어랜드로버,재규어 F-PACE 20d,2018,SUV
2021-10-25,기아,쏘렌토,2016,SUV
2021-10-25,기아,스포티지,2019,SUV
2021-10-22,현대자동차,싼타페(SANTAFE),2021,SUV
2021-10-21,현대자동차,싼타페(SANTAFE),2019,SUV
2021-10-22,현대자동차,싼타페(SANTAFE),2021,SUV
2021-10-21,혼다코리아,ODYSSEY,2019,MPV/미니밴
2021-10-20,현대자동차,싼타페(SANTAFE),2021,SUV
2021-10-20,현대자동차,팰리세이드(PALISADE),2022,SUV
2021-10-19,기아,쏘렌토,2016,SUV
2021-10-20,기아,카니발,2021,MPV/미니밴
2021-10-19,기아,카니발,2017,MPV/미니밴
2021-10-19,르노코리아,XM3,2020,SUV
2021-10-19,기아,니로 하이브리드,2020,SUV
2021-10-19,기아,니로 하이브리드,2020,SUV
2021-10-18,기아,카니발,2019,MPV/미니밴
2021-10-18,기아,쏘렌토,2021,SUV
2021-10-18,기아,니로 하이브리드,2020,SUV
2021-10-18,기아,니로 하이브리드,2020,SUV
2021-10-18,포드,Explorer 2.3 AWD,2016,SUV
2021-10-18,현대자동차,팰리세이드(PALISADE),2022,SUV
2021-10-18,르노코리아,XM3,2020,SUV
2021-10-19,기아,니로 하이브리드,2020,SUV
2021-10-15,현대자동차,GV80,2021,SUV
2021-10-15,기아,니로 하이브리드,2020,SUV
2021-10-14,기아,니로 하이브리드,2020,SUV
2021-10-14,KG 모빌리티,렉스턴스포츠,2018,SUV
2021-10-14,현대자동차,팰리세이드(PALISADE),2021,SUV
2021-10-13,르노코리아,XM3,2021,SUV
2021-10-14,현대자동차,싼타페(SANTAFE),2021,SUV
2021-10-13,기아,니로 EV,2019,SUV
2021-10-13,기아,카니발,2017,MPV/미니밴
2021-10-12,기아,니로 하이브리드,2020,SUV
2021-10-13,KG 모빌리티,티볼리,2015,SUV
2021-10-13,르노코리아,QM6,2019,SUV
2021-10-13,메르세데스 벤츠,GLK220 CDI 4Matic,2011,SUV
2021-10-14,기아,니로 하이브리드,2020,SUV
2021-10-14,르노코리아,QM6,2017,SUV
2021-10-13,현대자동차,투싼(TUCSON),2018,SUV
2021-10-13,현대자동차,GV70,2021,SUV
2021-10-13,혼다코리아,ODYSSEY,2021,MPV/미니밴
2021-10-12,기아,쏘렌토 하이브리드,2021,SUV
2021-10-12,현대자동차,싼타페(SANTAFE),2019,SUV
2021-10-12,기아,니로 PHEV,2020,SUV
2021-10-12,기아,니로 하이브리드,2020,SUV
2021-10-12,포드,Explorer 2.3 AWD,2016,SUV
2021-10-08,기아,카니발,2013,MPV/미니밴
2021-10-08,기아,니로 PHEV,2020,SUV
2021-10-08,기아,니로 하이브리드,2020,SUV
2021-10-08,기아,쏘렌토,2021,SUV
2021-10-07,기아,쏘렌토 하이브리드,2021,SUV
2021-10-08,기아,니로 하이브리드,2020,SUV
2021-10-08,기아,카니발,2016,MPV/미니밴
2021-10-08,르노코리아,QM6,2018,SUV
2021-10-08,기아,니로 하이브리드,2020,SUV
2021-10-07,기아,쏘렌토,2015,SUV
2021-10-07,기아,니로 하이브리드,2018,SUV
2021-10-07,기아,쏘렌토,2021,SUV
2021-10-08,기아,그랜드 카니발,2013,MPV/미니밴
2021-10-07,현대자동차,투싼(TUCSON),2018,SUV
2021-10-07,기아,니로 하이브리드,2020,SUV
2021-10-07,현대자동차,투싼(TUCSON),2017,SUV
2021-10-07,기아,쏘렌토,2021,SUV
2021-10-06,재규어랜드로버,재규어 F-PACE 20d,2017,SUV
2021-10-07,KG 모빌리티,렉스턴스포츠,2018,SUV
2021-10-06,현대자동차,싼타페(SANTAFE),2013,SUV
2021-10-05,기아,니로 하이브리드,2020,SUV
2021-10-05,기아,스포티지,2016,SUV
2021-10-05,기아,니로 하이브리드,2020,SUV
2021-10-05,현대자동차,투싼(TUCSON),2021,SUV
2021-10-05,혼다코리아,ODYSSEY,2019,MPV/미니밴
2021-10-06,BMW,BMW X5 xDrive30d,2015,SUV
2021-10-06,기아,쏘렌토,2021,SUV
2021-10-06,르노코리아,XM3,2020,SUV
2021-10-05,현대자동차,팰리세이드(PALISADE),2019,SUV
2021-10-06,현대자동차,코나 일렉트릭 (KONA ELECTRIC),2019,SUV
2021-10-06,현대자동차,코나 일렉트릭 (KONA ELECTRIC),2019,SUV
2021-10-05,현대자동차,투싼 하이브리드(TUCSON HYBRID),2021,SUV
2021-10-05,현대자동차,팰리세이드(PALISADE),2022,SUV
2021-10-01,르노코리아,QM3,2014,SUV
2021-09-30,KG 모빌리티,렉스턴스포츠 칸,2020,SUV
2021-09-30,KG 모빌리티,렉스턴스포츠 칸,2021,SUV
2021-10-01,현대자동차,코나 하이브리드(KONA HYBRID),2020,SUV
2021-09-30,혼다코리아,ODYSSEY,2020,MPV/미니밴
2021-10-01,현대자동차,팰리세이드(PALISADE),2020,SUV
2021-09-30,르노코리아,XM3,2020,SUV
2021-09-30,현대자동차,팰리세이드(PALISADE),2021,SUV
2021-09-30,혼다코리아,ODYSSEY,2020,MPV/미니밴
2021-09-30,르노코리아,QM6,2018,SUV
2021-09-30,현대자동차,팰리세이드(PALISADE),2022,SUV
2021-09-30,기아,니로 하이브리드,2020,SUV
2021-09-30,기아,니로 하이브리드,2020,SUV
2021-09-29,BMW,BMW X5 xDrive30d,2018,SUV
2021-09-29,기아,쏘렌토 하이브리드,2021,SUV
2021-09-29,기아,니로 EV,2019,SUV
2021-09-28,기아,스포티지,2018,SUV
2021-09-29,기아,니로 하이브리드,2020,SUV
2021-09-29,르노코리아,QM6,2017,SUV
2021-09-28,기아,니로 하이브리드,2020,SUV
2021-09-28,기아,모하비,2021,SUV
2021-09-27,기아,카니발,2016,MPV/미니밴
2021-09-27,현대자동차,싼타페 하이브리드(SANTAFE HYBRID),2022,SUV
2021-09-28,기아,니로 하이브리드,2020,SUV
2021-09-29,혼다코리아,ODYSSEY,2019,MPV/미니밴
2021-09-28,기아,니로 PHEV,2020,SUV
2021-09-28,기아,쏘렌토,2016,SUV
2021-09-28,기아,쏘렌토,2021,SUV
2021-09-28,현대자동차,싼타페(SANTAFE),2021,SUV
2021-09-28,현대자동차,투싼 하이브리드(TUCSON HYBRID),2021,SUV
2021-09-27,르노코리아,QM6,2021,SUV
2021-09-27,기아,쏘렌토 하이브리드,2021,SUV
2021-09-27,현대자동차,GV80,2021,SUV
2021-09-27,혼다코리아,ODYSSEY,2020,MPV/미니밴
2021-09-27,혼다코리아,ODYSSEY,2019,MPV/미니밴
2021-09-27,르노코리아,QM6,2017,SUV
2021-09-27,현대자동차,싼타페(SANTAFE),2016,SUV
2021-09-27,기아,쏘렌토,2015,SUV
2021-09-23,기아,스포티지,2016,SUV
2021-09-27,혼다코리아,ODYSSEY,2020,MPV/미니밴
2021-09-27,혼다코리아,ODYSSEY,2021,MPV/미니밴
2021-09-24,KG 모빌리티,렉스턴,2021,SUV
2021-09-24,기아,쏘렌토,2021,SUV
2021-09-23,메르세데스 벤츠,GLC350 e 4Matic,2018,SUV
2021-09-23,기아,니로 하이브리드,2020,SUV
2021-09-23,르노코리아,QM3,2014,SUV
2021-09-23,현대자동차,투싼(TUCSON),2021,SUV
2021-09-23,르노코리아,QM6,2017,SUV
2021-09-23,KG 모빌리티,렉스턴스포츠,2019,SUV
2021-09-17,기아,쏘렌토 하이브리드,2021,SUV
2021-09-17,기아,니로 하이브리드,2020,SUV
2021-09-17,기아,카니발,2016,MPV/미니밴
2021-09-16,현대자동차,투싼(TUCSON),2016,SUV
2021-09-16,기아,모하비,2018,SUV
2021-09-17,기아,카니발,2017,MPV/미니밴
2021-09-17,르노코리아,QM3,2014,SUV
2021-09-16,르노코리아,QM3,2014,SUV
2021-09-16,르노코리아,QM6,2017,SUV
2021-09-16,기아,니로 하이브리드,2020,SUV
2021-09-16,KG 모빌리티,렉스턴스포츠,2018,SUV
2021-09-15,기아,니로 하이브리드,2018,SUV
2021-09-15,기아,니로 하이브리드,2018,SUV
2021-09-15,기아,니로 하이브리드,2018,SUV
2021-09-15,르노코리아,QM6,2017,SUV
2021-09-15,기아,쏘렌토 하이브리드,2021,SUV
2021-09-15,기아,쏘렌토 하이브리드,2021,SUV
2021-09-15,기아,니로 EV,2019,SUV
2021-09-15,기아,니로 EV,2019,SUV
2021-09-15,기아,니로 EV,2019,SUV
2021-09-15,기아,니로 EV,2019,SUV
2021-09-15,르노코리아,QM6,2017,SUV
2021-09-14,기아,쏘렌토,2016,SUV
2021-09-14,기아,니로 EV,2019,SUV
2021-09-14,르노코리아,QM6,2017,SUV
2021-09-14,기아,스포티지,2019,SUV
2021-09-14,르노코리아,QM6,2020,SUV
2021-09-14,기아,니로 하이브리드,2020,SUV
2021-09-14,현대자동차,싼타페(SANTAFE),2021,SUV
2021-09-13,재규어랜드로버,재규어 F-PACE 20d,2017,SUV
2021-09-14,기아,스포티지,2016,SUV
2021-09-14,기아,니로 하이브리드,2020,SUV
2021-09-14,기아,니로 EV,2022,SUV
2021-09-14,기아,니로 하이브리드,2020,SUV
2021-09-14,현대자동차,싼타페(SANTAFE),2021,SUV
2021-09-13,르노코리아,QM3,2015,SUV
2021-09-13,기아,니로 하이브리드,2020,SUV
2021-09-14,르노코리아,QM3,2014,SUV
2021-09-13,기아,쏘렌토,2015,SUV
2021-09-13,르노코리아,QM3,2014,SUV
2021-09-13,기아,니로 PHEV,2020,SUV
2021-09-10,기아,니로 하이브리드,2020,SUV
2021-09-10,기아,니로 하이브리드,2020,SUV
2021-09-10,기아,니로 하이브리드,2020,SUV
2021-09-10,기아,쏘렌토,2010,SUV
2021-09-10,르노코리아,QM6,2021,SUV
2021-09-09,메르세데스 벤츠,GLC350 e 4Matic,2019,SUV
2021-09-09,기아,니로 하이브리드,2020,SUV
2021-09-09,기아,니로 하이브리드,2020,SUV
2021-09-09,르노코리아,QM6,2018,SUV
2021-09-09,메르세데스 벤츠,GLC350 e 4Matic,2019,SUV
2021-09-07,기아,쏘렌토,2002,SUV
2021-09-07,기아,니로 하이브리드,2020,SUV
2021-09-07,기아,스포티지,2019,SUV
2021-09-07,르노코리아,QM6,2017,SUV
2021-09-07,현대자동차,싼타페(SANTAFE),2021,SUV
2021-09-07,현대자동차,싼타페(SANTAFE),2021,SUV
2021-09-06,KG 모빌리티,렉스턴스포츠,2019,SUV
2021-09-06,기아,쏘렌토,2021,SUV
2021-09-07,현대자동차,투싼 하이브리드(TUCSON HYBRID),2021,SUV
2021-09-07,기아,스포티지,2016,SUV
2021-09-07,기아,니로 EV,2022,SUV
2021-09-07,메르세데스 벤츠,Mercedes-Benz GLB250 4MATIC,2021,SUV
2021-09-06,기아,니로 하이브리드,2020,SUV
2021-09-06,기아,니로 하이브리드,2020,SUV
2021-09-06,기아,니로 하이브리드,2020,SUV
2021-09-06,기아,니로 하이브리드,2020,SUV
2021-09-06,기아,니로 하이브리드,2020,SUV
2021-09-06,기아,니로 하이브리드,2020,SUV
2021-09-06,기아,니로 하이브리드,2020,SUV
2021-09-06,기아,카렌스,2010,MPV/미니밴
2021-09-03,기아,니로 하이브리드,2020,SUV
2021-09-06,기아,카니발,2015,MPV/미니밴
2021-09-06,르노코리아,QM6,2017,SUV
2021-09-06,기아,니로 하이브리드,2020,SUV
2021-09-06,기아,쏘렌토 하이브리드,2021,SUV
2021-09-03,기아,쏘렌토,2018,SUV
2021-09-03,현대자동차,팰리세이드(PALISADE),2022,SUV
2021-09-03,기아,니로 하이브리드,2020,SUV
2021-09-03,르노코리아,QM6,2017,SUV
2021-09-02,기아,니로 하이브리드,2020,SUV
2021-09-02,현대자동차,싼타페(SANTAFE),2021,SUV
2021-09-02,기아,니로 하이브리드,2020,SUV
2021-09-02,기아,카니발,2021,MPV/미니밴
2021-09-02,기아,쏘렌토,2019,SUV
2021-09-02,기아,카렌스,2016,MPV/미니밴
2021-09-01,재규어랜드로버,재규어 F-PACE 20d,2017,SUV
2021-09-02,기아,니로 하이브리드,2020,SUV
2021-09-02,르노코리아,QM6,2019,SUV
2021-09-01,기아,쏘렌토,2022,SUV
2021-09-01,기아,쏘렌토 하이브리드,2021,SUV
2021-08-31,현대자동차,코나 일렉트릭 (KONA ELECTRIC),2019,SUV
2021-08-31,현대자동차,코나 일렉트릭 (KONA ELECTRIC),2020,SUV
2021-09-01,현대자동차,팰리세이드(PALISADE),2021,SUV
2021-09-01,기아,니로 하이브리드,2020,SUV
2021-09-01,기아,니로 하이브리드,2020,SUV
2021-09-01,기아,니로 하이브리드,2020,SUV
2021-09-01,기아,니로 하이브리드,2020,SUV
2021-09-06,현대자동차,투싼(TUCSON),2017,SUV
2021-09-01,기아,니로 하이브리드,2020,SUV
2021-08-31,기아,니로 하이브리드,2020,SUV
2021-09-01,현대자동차,싼타페(SANTAFE),2021,SUV
2021-09-01,르노코리아,QM3,2014,SUV
2021-08-31,기아,쏘렌토 하이브리드,2021,SUV
2021-08-31,기아,쏘렌토,2021,SUV
2021-08-31,현대자동차,싼타페(SANTAFE),2013,SUV
2021-08-30,현대자동차,투싼(TUCSON),2021,SUV
2021-08-30,기아,카니발,2016,MPV/미니밴
2021-08-30,기아,니로 하이브리드,2020,SUV
2021-08-30,기아,니로 하이브리드,2020,SUV
2021-08-30,기아,니로 하이브리드,2020,SUV
2021-08-30,르노코리아,QM6,2017,SUV
2021-08-30,르노코리아,QM3,2014,SUV
2021-08-30,현대자동차,투싼 하이브리드(TUCSON HYBRID),2021,SUV
2021-08-30,기아,니로 하이브리드,2020,SUV
2021-08-30,르노코리아,QM6,2020,SUV
2021-08-27,기아,니로 하이브리드,2020,SUV
2021-08-27,기아,니로 하이브리드,2020,SUV
2021-08-26,르노코리아,QM3,2016,SUV
2021-08-27,KG 모빌리티,렉스턴스포츠 칸,2019,SUV
2021-08-27,르노코리아,QM3,2014,SUV
2021-08-27,기아,쏘렌토 하이브리드,2021,SUV
2021-08-26,기아,니로 하이브리드,2020,SUV
2021-08-26,기아,니로 하이브리드,2020,SUV
2021-08-26,기아,니로 하이브리드,2020,SUV
2021-08-26,기아,스포티지,2018,SUV
2021-08-26,기아,니로 하이브리드,2020,SUV
2021-08-26,기아,니로 하이브리드,2020,SUV
2021-08-26,현대자동차,투싼(TUCSON),2016,SUV
2021-08-26,기아,니로 하이브리드,2020,SUV
2021-08-26,현대자동차,투싼(TUCSON),2016,SUV
2021-08-26,르노코리아,QM3,2014,SUV
2021-08-25,현대자동차,싼타페 하이브리드(SANTAFE HYBRID),2022,SUV
2021-08-26,기아,니로 하이브리드,2020,SUV
2021-08-26,기아,쏘렌토,2022,SUV
2021-08-26,기아,니로 하이브리드,2020,SUV
2021-08-27,기아,니로 하이브리드,2020,SUV
2021-08-26,기아,니로 하이브리드,2020,SUV
2021-08-25,현대자동차,싼타페(SANTAFE),2021,SUV
2021-08-25,혼다코리아,ODYSSEY,2020,MPV/미니밴
2021-08-25,기아,쏘렌토 하이브리드,2021,SUV
2021-08-25,현대자동차,GV70,2021,SUV
2021-08-24,르노코리아,XM3,2020,SUV
2021-08-24,기아,니로 하이브리드,2020,SUV
2021-08-25,기아,그랜드 카니발,2014,MPV/미니밴
2021-08-25,기아,카니발,2018,MPV/미니밴
2021-08-25,르노코리아,QM6,2021,SUV
2021-08-25,르노코리아,QM6,2021,SUV
2021-08-24,기아,니로 하이브리드,2020,SUV
2021-08-24,현대자동차,투싼(TUCSON),2011,SUV
2021-08-24,기아,니로 하이브리드,2020,SUV
2021-08-23,현대자동차,싼타페(SANTAFE),2015,SUV
2021-08-24,르노코리아,QM3,2014,SUV
2021-08-24,기아,니로 하이브리드,2020,SUV
2021-08-24,르노코리아,QM3,2014,SUV
2021-08-23,기아,니로 하이브리드,2017,SUV
2021-08-23,기아,쏘렌토 하이브리드,2021,SUV
2021-08-23,르노코리아,QM3,2015,SUV
2021-08-23,기아,니로 EV,2019,SUV
2021-08-23,기아,니로 하이브리드,2018,SUV
2021-08-23,기아,쏘렌토,2017,SUV
2021-08-23,기아,니로 하이브리드,2020,SUV
2021-08-23,현대자동차,투싼(TUCSON),2016,SUV
2021-08-23,기아,쏘렌토,2021,SUV
2021-08-23,기아,쏘렌토,2021,SUV
2021-08-23,기아,쏘렌토,2021,SUV
2021-08-23,르노코리아,QM6,2017,SUV
2021-08-23,기아,쏘렌토 하이브리드,2021,SUV
2021-08-23,현대자동차,싼타페(SANTAFE),2021,SUV
2021-08-23,기아,쏘렌토 하이브리드,2021,SUV
2021-08-20,르노코리아,QM3,2015,SUV
2021-08-20,르노코리아,QM3,2014,SUV
2021-08-20,르노코리아,QM3,2014,SUV
2021-08-20,르노코리아,QM3,2014,SUV
2021-08-20,르노코리아,QM3,2015,SUV
2021-08-19,기아,스포티지,2016,SUV
2021-08-20,르노코리아,QM6,2017,SUV
2021-08-20,현대자동차,싼타페(SANTAFE),2021,SUV
2021-08-20,기아,스포티지,2018,SUV
2021-08-20,기아,카니발,2016,MPV/미니밴
2021-08-19,르노코리아,QM3,2014,SUV
2021-08-19,현대자동차,코나 일렉트릭 (KONA ELECTRIC),2019,SUV
2021-08-19,기아,쏘렌토,2021,SUV
2021-08-19,기아,니로 하이브리드,2020,SUV
2021-08-18,재규어랜드로버,재규어 F-PACE 20d,2018,SUV
2021-08-19,기아,쏘렌토 하이브리드,2021,SUV
2021-08-19,르노코리아,QM3,2014,SUV
2021-08-17,혼다코리아,CR-V 4WD,2008,SUV
2021-08-19,기아,니로 EV,2019,SUV
2021-08-18,르노코리아,QM3,2014,SUV
2021-08-18,현대자동차,싼타페(SANTAFE),2014,SUV
2021-08-18,기아,카니발,2021,MPV/미니밴
2021-08-19,기아,스포티지,2016,SUV
2021-08-18,기아,쏘렌토,2015,SUV
2021-08-18,르노코리아,QM6,2017,SUV
2021-08-15,현대자동차,싼타페(SANTAFE),2021,SUV
2021-08-15,르노코리아,QM6,2017,SUV
2021-08-15,르노코리아,QM3,2014,SUV
2021-08-17,현대자동차,싼타페(SANTAFE),2021,SUV
2021-08-17,기아,스포티지,2016,SUV
2021-08-14,기아,니로 하이브리드,2020,SUV
2021-08-14,현대자동차,싼타페(SANTAFE),2021,SUV
2021-08-18,르노코리아,QM3,2014,SUV
2021-08-18,르노코리아,QM6,2017,SUV
2021-08-19,기아,니로 하이브리드,2020,SUV
2021-08-13,기아,니로 하이브리드,2020,SUV
2021-08-18,기아,니로 하이브리드,2020,SUV
2021-08-18,기아,니로 하이브리드,2020,SUV
2021-08-17,현대자동차,투싼 하이브리드(TUCSON HYBRID),2021,SUV
2021-08-17,기아,니로 하이브리드,2020,SUV
2021-08-17,르노코리아,QM6,2017,SUV
2021-08-17,르노코리아,QM6,2017,SUV
2021-08-13,르노코리아,QM3,2015,SUV
2021-08-13,기아,쏘렌토 하이브리드,2021,SUV
2021-08-12,기아,쏘렌토 하이브리드,2021,SUV
2021-08-13,르노코리아,QM3,2014,SUV
2021-08-13,르노코리아,QM6,2017,SUV
2021-08-13,기아,쏘렌토,2021,SUV
2021-08-12,르노코리아,QM3,2014,SUV
2021-08-11,르노코리아,QM6,2017,SUV
2021-08-11,기아,쏘렌토,2021,SUV
2021-08-12,기아,쏘렌토,2021,SUV
2021-08-12,기아,쏘렌토,2021,SUV
2021-08-11,르노코리아,QM3,2014,SUV
2021-08-11,BMW,BMW X5 xDrive40i,2021,SUV
2021-08-11,기아,쏘렌토 하이브리드,2021,SUV
2021-08-11,현대자동차,투싼(TUCSON),2016,SUV
2021-08-11,BMW,BMW X5 xDrive30d,2017,SUV
2021-08-10,KG 모빌리티,렉스턴스포츠,2019,SUV
2021-08-10,기아,쏘렌토,2021,SUV
2021-08-09,현대자동차,싼타페(SANTAFE),2016,SUV
2021-08-10,기아,쏘렌토 하이브리드,2021,SUV
2021-08-10,기아,쏘렌토 하이브리드,2021,SUV
2021-08-09,르노코리아,QM6,2017,SUV
2021-08-09,현대자동차,코나 일렉트릭 (KONA ELECTRIC),2021,SUV
2021-08-11,르노코리아,XM3,2020,SUV
2021-08-11,현대자동차,투싼(TUCSON),2017,SUV
2021-08-11,BMW,BMW X5 xDrive45e iPerformance,2020,SUV
2021-08-10,르노코리아,QM6,2017,SUV
2021-08-10,르노코리아,QM6,2017,SUV
2021-08-10,르노코리아,QM6,2017,SUV
2021-08-10,르노코리아,QM6,2017,SUV
2021-08-10,르노코리아,QM6,2017,SUV
2021-08-10,르노코리아,QM6,2017,SUV
2021-08-09,르노코리아,QM3,2014,SUV
2021-08-09,현대자동차,싼타페(SANTAFE),2021,SUV
2021-08-09,기아,쏘렌토 하이브리드,2021,SUV
2021-08-09,르노코리아,QM6,2017,SUV
2021-08-09,르노코리아,QM6,2017,SUV
2021-08-09,르노코리아,QM6,2017,SUV
2021-08-09,르노코리아,QM6,2017,SUV
2021-08-09,르노코리아,QM6,2020,SUV
2021-08-09,르노코리아,QM6,2020,SUV
2021-08-09,르노코리아,QM6,2020,SUV
2021-08-09,르노코리아,QM6,2020,SUV
2021-08-09,르노코리아,QM3,2014,SUV
2021-08-06,현대자동차,싼타페(SANTAFE),2021,SUV
2021-08-09,르노코리아,QM6,2017,SUV
2021-08-09,기아,쏘렌토 하이브리드,2021,SUV
2021-08-09,기아,그랜드 카니발,2008,MPV/미니밴
2021-08-06,포드,Explorer 3.0 PHEV,2020,SUV
2021-08-05,현대자동차,투싼 하이브리드(TUCSON HYBRID),2021,SUV
2021-08-04,KG 모빌리티,렉스턴스포츠 칸,2021,SUV
2021-08-05,기아,쏘렌토 하이브리드,2021,SUV
2021-08-04,기아,스포티지,2016,SUV
2021-08-05,토요타,토요타 RAV4,2021,SUV
2021-08-05,토요타,토요타 RAV4,2021,SUV
2021-08-04,르노코리아,QM6,2017,SUV
2021-08-04,르노코리아,QM6,2017,SUV
2021-08-04,르노코리아,QM6,2017,SUV
2021-08-04,KG 모빌리티,렉스턴스포츠 칸,2019,SUV
2021-08-04,르노코리아,QM6,2017,SUV
2021-08-03,르노코리아,XM3,2020,SUV
2021-08-04,르노코리아,QM6,2017,SUV
2021-08-04,르노코리아,QM6,2017,SUV
2021-08-03,르노코리아,QM6,2017,SUV
2021-08-03,현대자동차,싼타페(SANTAFE),2012,SUV
2021-08-02,기아,쏘렌토,2021,SUV
2021-08-02,현대자동차,싼타페(SANTAFE),2021,SUV
2021-08-02,르노코리아,QM6,2017,SUV
2021-08-02,르노코리아,QM6,2017,SUV
2021-08-02,르노코리아,QM6,2017,SUV
2021-08-02,르노코리아,QM6,2017,SUV
2021-08-02,기아,쏘렌토 하이브리드,2021,SUV
2021-08-02,르노코리아,QM3,2014,SUV
2021-08-02,르노코리아,QM3,2014,SUV
2021-08-02,르노코리아,QM3,2017,SUV
2021-08-02,기아,쏘렌토,2016,SUV
2021-08-02,기아,쏘렌토 하이브리드,2021,SUV
2021-08-02,르노코리아,QM6,2018,SUV
2021-08-02,르노코리아,QM6,2017,SUV
2021-08-02,르노코리아,QM6,2017,SUV
2021-08-02,르노코리아,QM3,2014,SUV
2021-08-02,르노코리아,QM6,2017,SUV
2021-08-02,기아,니로 EV,2019,SUV
2021-07-30,르노코리아,QM3,2014,SUV
2021-07-30,르노코리아,QM6,2017,SUV
2021-07-30,KG 모빌리티,렉스턴,2021,SUV
2021-07-30,르노코리아,QM3,2014,SUV
2021-07-29,현대자동차,싼타페(SANTAFE),2021,SUV
2021-07-30,볼보,볼보 XC90T8 AWD,2021,SUV
2021-07-29,르노코리아,XM3,2020,SUV
2021-07-30,르노코리아,QM3,2014,SUV
2021-07-30,르노코리아,QM3,2014,SUV
2021-07-30,기아,니로 EV,2019,SUV
2021-07-30,르노코리아,QM3,2016,SUV
2021-07-30,르노코리아,QM6,2017,SUV
2021-07-30,르노코리아,QM6,2017,SUV
2021-07-30,KG 모빌리티,렉스턴스포츠 칸,2019,SUV
2021-07-30,르노코리아,QM6,2017,SUV
2021-07-29,현대자동차,싼타페(SANTAFE),2021,SUV
2021-07-28,기아,쏘렌토,2021,SUV
2021-07-28,현대자동차,GV80,2021,SUV
2021-07-28,기아,쏘렌토 하이브리드,2021,SUV
2021-07-27,기아,니로 EV,2019,SUV
2021-07-28,BMW,BMW X5 xDrive30d,2017,SUV
2021-07-28,메르세데스 벤츠,Mercedes-Benz GLE450 4MATIC,2021,SUV
2021-07-28,르노코리아,QM6,2017,SUV
2021-07-27,기아,카니발,2017,MPV/미니밴
2021-07-27,기아,카니발,2021,MPV/미니밴
2021-07-26,르노코리아,QM3,2014,SUV
2021-07-26,현대자동차,투싼(TUCSON),2016,SUV
2021-07-26,BMW,BMW X5 xDrive40d,2018,SUV
2021-07-26,메르세데스 벤츠,Mercedes-Benz GLE450 4MATIC,2021,SUV
2021-07-26,기아,쏘렌토 하이브리드,2021,SUV
2021-07-26,기아,카니발,2021,MPV/미니밴
2021-07-23,기아,카니발,2021,MPV/미니밴
2021-07-23,르노코리아,QM6,2020,SUV
2021-07-23,기아,카니발,2021,MPV/미니밴
2021-07-23,기아,스포티지,2019,SUV
2021-07-23,기아,스포티지,2019,SUV
2021-07-23,현대자동차,싼타페(SANTAFE),2021,SUV
2021-07-22,르노코리아,XM3,2020,SUV
2021-07-23,현대자동차,싼타페(SANTAFE),2021,SUV
2021-07-23,현대자동차,싼타페(SANTAFE),2021,SUV
2021-07-23,현대자동차,싼타페(SANTAFE),2021,SUV
2021-07-23,현대자동차,코나 일렉트릭 (KONA ELECTRIC),2020,SUV
2021-07-22,르노코리아,XM3,2020,SUV
2021-07-22,기아,카니발,2020,MPV/미니밴
2021-07-21,현대자동차,투싼 하이브리드(TUCSON HYBRID),2021,SUV
2021-07-21,르노코리아,QM6,2020,SUV
2021-07-21,르노코리아,QM6,2020,SUV
2021-07-21,르노코리아,QM6,2020,SUV
2021-07-21,르노코리아,QM6,2020,SUV
2021-07-21,르노코리아,QM6,2020,SUV
2021-07-21,르노코리아,QM6,2020,SUV
2021-07-21,기아,쏘렌토,2016,SUV
2021-07-20,르노코리아,QM3,2015,SUV
2021-07-21,르노코리아,CAPTUR,2021,SUV
2021-07-21,르노코리아,CAPTUR,2021,SUV
2021-07-21,르노코리아,CAPTUR,2021,SUV
2021-07-21,르노코리아,CAPTUR,2021,SUV
2021-07-21,르노코리아,CAPTUR,2021,SUV
2021-07-20,현대자동차,싼타페(SANTAFE),2021,SUV
2021-07-21,기아,쏘렌토 하이브리드,2021,SUV
2021-07-21,기아,쏘렌토 하이브리드,2021,SUV
2021-07-20,기아,쏘렌토,2015,SUV
2021-07-19,현대자동차,투싼 하이브리드(TUCSON HYBRID),2021,SUV
2021-07-19,현대자동차,투싼 하이브리드(TUCSON HYBRID),2021,SUV
2021-07-19,토요타,토요타 RAV4 2WD,2015,SUV
2021-07-19,기아,니로 하이브리드,2018,SUV
2021-07-19,현대자동차,투싼(TUCSON),2014,SUV
2021-07-19,르노코리아,QM6,2017,SUV
2021-07-16,기아,카니발,2021,MPV/미니밴
2021-07-16,메르세데스 벤츠,Mercedes-Benz GLB250 4MATIC,2020,SUV
2021-07-16,기아,카니발,2019,MPV/미니밴
2021-07-16,기아,카니발,2019,MPV/미니밴
2021-07-16,기아,카니발,2019,MPV/미니밴
2021-07-16,기아,카니발,2019,MPV/미니밴
2021-07-16,기아,카니발,2019,MPV/미니밴
2021-07-16,기아,쏘렌토 하이브리드,2021,SUV
2021-07-16,기아,쏘렌토 하이브리드,2021,SUV
2021-07-16,기아,쏘렌토 하이브리드,2021,SUV
2021-07-16,기아,쏘렌토 하이브리드,2021,SUV
2021-07-16,기아,쏘렌토 하이브리드,2021,SUV
2021-07-16,기아,카니발,2021,MPV/미니밴
2021-07-16,현대자동차,투싼(TUCSON),2016,SUV
2021-07-16,기아,카니발,2021,MPV/미니밴
2021-07-15,기아,쏘렌토 하이브리드,2021,SUV
2021-07-15,르노코리아,QM6,2017,SUV
2021-07-14,기아,쏘렌토,2019,SUV
2021-07-14,르노코리아,XM3,2020,SUV
2021-07-15,현대자동차,싼타페(SANTAFE),2021,SUV
2021-07-14,현대자동차,싼타페(SANTAFE),2021,SUV
2021-07-15,르노코리아,QM6,2019,SUV
2021-07-15,KG 모빌리티,렉스턴스포츠 칸,2021,SUV
2021-07-14,기아,카니발,2021,MPV/미니밴
2021-07-14,기아,쏘렌토,2021,SUV
2021-07-13,현대자동차,코나 하이브리드(KONA HYBRID),2020,SUV
2021-07-14,현대자동차,싼타페(SANTAFE),2021,SUV
2021-07-14,기아,쏘렌토 하이브리드,2021,SUV
2021-07-13,르노코리아,QM3,2017,SUV
2021-07-13,기아,스포티지,2016,SUV
2021-07-13,기아,카니발,2021,MPV/미니밴
2021-07-13,기아,쏘렌토 하이브리드,2021,SUV
2021-07-13,기아,카니발,2021,MPV/미니밴
2021-07-13,기아,카니발,2019,MPV/미니밴
2021-07-13,현대자동차,싼타페(SANTAFE),2021,SUV
2021-07-13,기아,스포티지,2022,SUV
2021-07-13,기아,쏘렌토 하이브리드,2021,SUV
2021-07-13,기아,쏘렌토 하이브리드,2021,SUV
2021-07-13,기아,카니발,2021,MPV/미니밴
2021-07-13,KG 모빌리티,렉스턴,2021,SUV
2021-07-12,기아,쏘렌토 하이브리드,2021,SUV
2021-07-12,기아,카니발,2021,MPV/미니밴
2021-07-12,KG 모빌리티,G4 렉스턴,2019,SUV
2021-07-12,기아,쏘렌토 하이브리드,2021,SUV
2021-07-12,기아,쏘렌토 하이브리드,2021,SUV
2021-07-12,기아,카니발,2021,MPV/미니밴
2021-07-12,KG 모빌리티,티볼리,2016,SUV
2021-07-12,기아,카니발,2021,MPV/미니밴
2021-07-12,현대자동차,GV80,2020,SUV
2021-07-09,기아,쏘렌토 하이브리드,2021,SUV
2021-07-09,KG 모빌리티,렉스턴,2021,SUV
2021-07-09,기아,카니발,2021,MPV/미니밴
2021-07-09,현대자동차,싼타페(SANTAFE),2021,SUV
2021-07-09,현대자동차,싼타페(SANTAFE),2021,SUV
2021-07-08,기아,쏘렌토,2011,SUV
2021-07-09,르노코리아,QM6,2019,SUV
2021-07-08,현대자동차,코나 일렉트릭 (KONA ELECTRIC),2019,SUV
2021-07-08,현대자동차,코나 일렉트릭 (KONA ELECTRIC),2019,SUV
2021-07-09,기아,카니발,2021,MPV/미니밴
2021-07-09,기아,카니발,2021,MPV/미니밴
2021-07-08,기아,카니발,2021,MPV/미니밴
2021-07-08,기아,카니발,2021,MPV/미니밴
2021-07-08,현대자동차,GV70,2021,SUV
2021-07-08,기아,카니발,2021,MPV/미니밴
2021-07-08,기아,쏘렌토 하이브리드,2021,SUV
2021-07-08,기아,카니발,2021,MPV/미니밴
2021-07-08,기아,카니발,2021,MPV/미니밴
2021-07-08,기아,카니발,2021,MPV/미니밴
2021-07-08,기아,카니발,2021,MPV/미니밴
2021-07-08,기아,카니발,2021,MPV/미니밴
2021-07-08,기아,카니발,2021,MPV/미니밴
2021-07-08,르노코리아,QM6,2017,SUV
2021-07-08,현대자동차,싼타페(SANTAFE),2021,SUV
2021-07-08,기아,쏘렌토 하이브리드,2021,SUV
2021-07-08,기아,카니발,2021,MPV/미니밴
2021-07-07,기아,카니발,2021,MPV/미니밴
2021-07-07,기아,카니발,2021,MPV/미니밴
2021-07-07,현대자동차,GV70,2021,SUV
2021-07-07,기아,카니발,2021,MPV/미니밴
2021-07-07,현대자동차,GV70,2021,SUV
2021-07-07,현대자동차,GV70,2021,SUV
2021-07-07,현대자동차,싼타페(SANTAFE),2021,SUV
2021-07-07,기아,카니발,2021,MPV/미니밴
2021-07-07,현대자동차,싼타페(SANTAFE),2021,SUV
2021-07-07,기아,카니발,2021,MPV/미니밴
2021-07-07,기아,카니발,2021,MPV/미니밴
2021-07-07,기아,카니발,2021,MPV/미니밴
2021-07-08,기아,쏘렌토 하이브리드,2021,SUV
2021-07-07,기아,카니발,2021,MPV/미니밴
2021-07-08,현대자동차,싼타페(SANTAFE),2021,SUV
2021-07-07,BMW,BMW X5 xDrive30d,2018,SUV
2021-07-07,기아,쏘렌토,2021,SUV
2021-07-07,기아,모하비,2014,SUV
2021-07-07,기아,카니발,2021,MPV/미니밴
2021-07-06,BMW,BMW X5 xDrive30d,2017,SUV
2021-07-06,기아,카니발,2021,MPV/미니밴
2021-07-05,기아,스포티지,2011,SUV
2021-07-05,기아,니로 EV,2019,SUV
2021-07-06,기아,니로 EV,2019,SUV
2021-07-06,기아,카니발,2021,MPV/미니밴
2021-07-06,르노코리아,QM6,2017,SUV
2021-07-06,르노코리아,QM6,2020,SUV
2021-07-05,기아,쏘렌토 하이브리드,2021,SUV
2021-07-05,현대자동차,싼타페(SANTAFE),2021,SUV
2021-07-05,기아,카니발,2021,MPV/미니밴
2021-07-05,기아,카니발,2021,MPV/미니밴
2021-07-05,기아,카니발,2021,MPV/미니밴
2021-07-05,현대자동차,싼타페(SANTAFE),2021,SUV
2021-07-05,기아,카니발,2021,MPV/미니밴
2021-07-05,기아,쏘렌토,2018,SUV
2021-07-05,현대자동차,싼타페(SANTAFE),2013,SUV
2021-07-05,기아,카니발,2021,MPV/미니밴
2021-07-05,기아,니로 EV,2019,SUV
2021-07-05,기아,카니발,2021,MPV/미니밴
2021-07-01,기아,카니발,2021,MPV/미니밴
2021-07-01,BMW,BMW X5 xDrive30d,2018,SUV
2021-07-01,KG 모빌리티,티볼리,2016,SUV
2021-07-01,KG 모빌리티,렉스턴,2021,SUV
2021-07-01,르노코리아,QM6,2019,SUV
2021-06-30,현대자동차,GV80,2020,SUV
2021-06-30,르노코리아,QM6,2020,SUV
2021-06-30,현대자동차,싼타페(SANTAFE),2021,SUV
2021-06-30,기아,카니발,2019,MPV/미니밴
2021-06-29,기아,니로 EV,2019,SUV
2021-06-30,BMW,BMW X5 xDrive30d M Sport Package,2020,SUV
2021-06-30,BMW,BMW X5 xDrive40d,2018,SUV
2021-06-29,현대자동차,싼타페(SANTAFE),2014,SUV
2021-06-29,KG 모빌리티,렉스턴,2021,SUV
2021-06-29,기아,카니발,2021,MPV/미니밴
2021-06-29,현대자동차,투싼(TUCSON),2016,SUV
2021-06-28,기아,쏘렌토 하이브리드,2021,SUV
2021-06-28,현대자동차,싼타페(SANTAFE),2021,SUV
2021-06-28,기아,카니발,2016,MPV/미니밴
2021-06-28,현대자동차,싼타페(SANTAFE),2021,SUV
2021-06-25,기아,쏘렌토,2007,SUV
2021-06-28,기아,쏘렌토,2021,SUV
2021-06-28,현대자동차,GV80,2020,SUV
2021-06-25,기아,카니발,2019,MPV/미니밴
2021-06-25,현대자동차,싼타페(SANTAFE),2013,SUV
2021-06-25,기아,쏘렌토,2021,SUV
2021-06-25,현대자동차,싼타페(SANTAFE),2021,SUV
2021-06-25,기아,스포티지,2016,SUV
2021-06-25,기아,스포티지,2016,SUV
2021-06-25,기아,스포티지,2016,SUV
2021-06-24,현대자동차,싼타페(SANTAFE),2003,SUV
2021-06-23,르노코리아,QM6,2017,SUV
2021-06-22,혼다코리아,CR-V 4WD,2008,SUV
2021-06-22,기아,니로 하이브리드,2020,SUV
2021-06-22,현대자동차,싼타페(SANTAFE),2021,SUV
2021-06-21,BMW,BMW X5 xDrive45e iPerformance,2021,SUV
2021-06-21,기아,쏘렌토,2021,SUV
2021-06-21,현대자동차,싼타페(SANTAFE),2021,SUV
2021-06-21,르노코리아,QM6,2018,SUV
2021-06-21,현대자동차,GV80,2020,SUV
2021-06-18,기아,니로 하이브리드,2020,SUV
2021-06-18,현대자동차,싼타페(SANTAFE),2021,SUV
2021-06-18,기아,쏘렌토,2021,SUV
2021-06-18,르노코리아,QM6,2017,SUV
2021-06-18,기아,쏘렌토,2015,SUV
2021-06-17,메르세데스 벤츠,Mercedes-Benz GLE450 4MATIC,2021,SUV
2021-06-17,볼보,볼보 XC90T6 AWD,2020,SUV
2021-06-16,기아,모하비,2020,SUV
2021-06-16,현대자동차,싼타페(SANTAFE),2021,SUV
2021-06-16,포드,Explorer 2.3 AWD,2018,SUV
2021-06-15,르노코리아,QM6,2017,SUV
2021-06-14,KG 모빌리티,티볼리,2019,SUV
2021-06-15,메르세데스 벤츠,Mercedes-Benz GLE450 4MATIC,2021,SUV
2021-06-15,현대자동차,팰리세이드(PALISADE),2021,SUV
2021-06-15,르노코리아,QM3,2015,SUV
2021-06-14,혼다코리아,CR-V 2WD,2007,SUV
2021-06-15,현대자동차,팰리세이드(PALISADE),2020,SUV
2021-06-14,기아,쏘렌토,2021,SUV
2021-06-14,현대자동차,싼타페(SANTAFE),2021,SUV
2021-06-14,기아,쏘렌토,2021,SUV
2021-06-11,현대자동차,코나 일렉트릭 (KONA ELECTRIC),2019,SUV
2021-06-10,BMW,BMW X5 xDrive30d M Sport Package,2020,SUV
2021-06-11,현대자동차,투싼(TUCSON),2007,SUV
2021-06-09,기아,카니발,2016,MPV/미니밴
2021-06-10,BMW,BMW X5 xDrive30d M Sport Package,2020,SUV
2021-06-10,BMW,BMW X5 xDrive30d M Sport Package,2020,SUV
2021-06-10,BMW,BMW X5 xDrive30d M Sport Package,2020,SUV
2021-06-10,BMW,BMW X5 xDrive30d M Sport Package,2020,SUV
2021-06-10,기아,카니발,2019,MPV/미니밴
2021-06-10,르노코리아,QM6,2018,SUV
2021-06-10,현대자동차,투싼(TUCSON),2020,SUV
2021-06-10,현대자동차,투싼(TUCSON),2018,SUV
2021-06-09,포드,Explorer 2.3,2020,SUV
2021-06-09,혼다코리아,CR-V 4WD,2011,SUV
2021-06-10,기아,쏘렌토,2021,SUV
2021-06-09,현대자동차,팰리세이드(PALISADE),2021,SUV
2021-06-09,기아,카니발,2021,MPV/미니밴
2021-06-09,KG 모빌리티,렉스턴스포츠 칸,2020,SUV
2021-06-08,기아,니로 EV,2019,SUV
2021-06-09,르노코리아,XM3,2020,SUV
2021-06-08,현대자동차,싼타페(SANTAFE),2013,SUV
2021-06-09,기아,쏘렌토 하이브리드,2021,SUV
2021-06-09,기아,쏘렌토 하이브리드,2021,SUV
2021-06-09,기아,쏘렌토,2021,SUV
2021-06-08,기아,카니발,2021,MPV/미니밴
2021-06-08,기아,니로 EV,2019,SUV
2021-06-08,현대자동차,싼타페(SANTAFE),2016,SUV
2021-06-07,현대자동차,싼타페(SANTAFE),2021,SUV
2021-06-07,현대자동차,싼타페(SANTAFE),2021,SUV
2021-06-09,KG 모빌리티,렉스턴,2021,SUV
2021-06-09,KG 모빌리티,렉스턴,2021,SUV
2021-06-07,현대자동차,싼타페(SANTAFE),2021,SUV
2021-06-07,르노코리아,XM3,2020,SUV
2021-06-07,르노코리아,QM6,2017,SUV
2021-06-07,기아,쏘렌토,2021,SUV
2021-06-07,기아,니로 하이브리드,2017,SUV
2021-06-07,현대자동차,투싼(TUCSON),2016,SUV
2021-06-07,르노코리아,QM6,2018,SUV
2021-06-08,현대자동차,투싼(TUCSON),2017,SUV
2021-06-04,기아,스포티지,2016,SUV
2021-06-07,현대자동차,싼타페(SANTAFE),2010,SUV
2021-06-07,현대자동차,싼타페(SANTAFE),2021,SUV
2021-06-07,기아,카니발,2021,MPV/미니밴
2021-06-07,기아,카니발,2021,MPV/미니밴
2021-06-07,기아,카니발,2021,MPV/미니밴
2021-06-07,기아,카니발,2021,MPV/미니밴
2021-06-07,기아,카니발,2021,MPV/미니밴
2021-06-07,기아,카니발,2021,MPV/미니밴
2021-06-07,기아,카니발,2021,MPV/미니밴
2021-06-04,기아,스포티지,2016,SUV
2021-06-04,기아,쏘렌토,2021,SUV
2021-06-04,현대자동차,싼타페(SANTAFE),2021,SUV
2021-06-04,메르세데스 벤츠,GLK220 CDI 4Matic,2012,SUV
2021-06-04,메르세데스 벤츠,GLK220 CDI 4Matic,2012,SUV
2021-06-04,기아,스포티지,2016,SUV
2021-06-02,현대자동차,싼타페(SANTAFE),2021,SUV
2021-06-03,메르세데스 벤츠,Mercedes-Benz GLE450 4MATIC,2021,SUV
2021-06-03,메르세데스 벤츠,Mercedes-Benz GLE450 4MATIC,2021,SUV
2021-06-03,KG 모빌리티,렉스턴,2021,SUV
2021-06-03,기아,니로 하이브리드,2020,SUV
2021-06-02,BMW,BMW X5 xDrive30d,2016,SUV
2021-06-02,현대자동차,싼타페(SANTAFE),2021,SUV
2021-06-01,현대자동차,싼타페(SANTAFE),2021,SUV
2021-06-01,현대자동차,싼타페(SANTAFE),2021,SUV
2021-06-01,르노코리아,QM6,2017,SUV
2021-05-31,KG 모빌리티,렉스턴,2021,SUV
2021-05-31,기아,쏘렌토,2021,SUV
2021-06-01,기아,모하비,2018,SUV
2021-05-31,기아,쏘렌토,2014,SUV
2021-05-31,르노코리아,QM6,2018,SUV
2021-05-28,기아,카니발,2018,MPV/미니밴
2021-06-01,KG 모빌리티,렉스턴,2021,SUV
2021-05-31,현대자동차,투싼(TUCSON),2017,SUV
2021-05-31,KG 모빌리티,렉스턴,2021,SUV
2021-05-28,현대자동차,싼타페(SANTAFE),2021,SUV
2021-05-28,현대자동차,싼타페(SANTAFE),2021,SUV
2021-05-27,기아,쏘렌토,2019,SUV
2021-05-28,기아,스포티지,2016,SUV
2021-05-28,기아,스포티지,2016,SUV
2021-05-26,기아,니로 하이브리드,2020,SUV
2021-05-26,메르세데스 벤츠,Mercedes-Benz GLE450 4MATIC,2021,SUV
2021-05-27,기아,스포티지,2012,SUV
2021-05-27,기아,카니발,2021,MPV/미니밴
2021-05-26,기아,쏘렌토 하이브리드,2021,SUV
2021-05-26,BMW,BMW X5 xDrive30d,2017,SUV
2021-05-26,현대자동차,팰리세이드(PALISADE),2022,SUV
2021-05-25,현대자동차,팰리세이드(PALISADE),2021,SUV
2021-05-25,현대자동차,싼타페(SANTAFE),2021,SUV
2021-05-25,현대자동차,싼타페(SANTAFE),2021,SUV
2021-05-24,기아,니로 EV,2019,SUV
2021-05-25,현대자동차,싼타페(SANTAFE),2021,SUV
2021-05-25,기아,스포티지,2016,SUV
2021-05-24,기아,카니발,2008,MPV/미니밴
2021-05-25,기아,카니발,2021,MPV/미니밴
2021-05-24,현대자동차,싼타페(SANTAFE),2021,SUV
2021-05-25,현대자동차,투싼(TUCSON),2016,SUV
2021-05-24,현대자동차,싼타페(SANTAFE),2021,SUV
2021-05-24,KG 모빌리티,렉스턴,2016,SUV
2021-05-24,현대자동차,팰리세이드(PALISADE),2022,SUV
2021-05-25,KG 모빌리티,렉스턴스포츠,2021,SUV
2021-05-24,메르세데스 벤츠,Mercedes-Benz GLE450 4MATIC,2021,SUV
2021-05-21,기아,쏘렌토,2007,SUV
2021-05-21,르노코리아,QM5,2015,SUV
2021-05-24,현대자동차,싼타페(SANTAFE),2021,SUV
2021-05-21,기아,스포티지,2016,SUV
2021-05-20,기아,쏘렌토,2021,SUV
2021-05-20,기아,쏘렌토,2016,SUV
2021-05-18,르노코리아,QM6,2018,SUV
2021-05-20,현대자동차,스타렉스(STAREX),2006,MPV/미니밴
2021-05-17,르노코리아,QM6,2017,SUV
2021-05-18,현대자동차,싼타페(SANTAFE),2021,SUV
2021-05-17,현대자동차,싼타페(SANTAFE),2021,SUV
2021-05-17,기아,쏘렌토,2021,SUV
2021-05-14,기아,쏘렌토,2021,SUV
2021-05-14,기아,카니발,2021,MPV/미니밴
2021-05-14,현대자동차,싼타페(SANTAFE),2021,SUV
2021-05-17,BMW,BMW X5 xDrive30d,2017,SUV
2021-05-14,현대자동차,싼타페(SANTAFE),2021,SUV
2021-05-14,현대자동차,싼타페(SANTAFE),2021,SUV
2021-05-14,현대자동차,싼타페(SANTAFE),2020,SUV
2021-05-13,현대자동차,투싼(TUCSON),2017,SUV
2021-05-13,현대자동차,투싼(TUCSON),2017,SUV
2021-05-13,현대자동차,싼타페(SANTAFE),2021,SUV
2021-05-13,현대자동차,싼타페(SANTAFE),2021,SUV
2021-05-12,기아,카니발,2021,MPV/미니밴
2021-05-12,기아,카니발,2021,MPV/미니밴
2021-05-12,기아,스포티지,2016,SUV
2021-05-12,현대자동차,투싼(TUCSON),2016,SUV
2021-05-12,현대자동차,싼타페(SANTAFE),2014,SUV
2021-05-11,현대자동차,투싼(TUCSON),2021,SUV
2021-05-10,KG 모빌리티,티볼리,2019,SUV
2021-05-10,기아,스포티지,2016,SUV
2021-05-10,현대자동차,싼타페(SANTAFE),2021,SUV
2021-05-11,기아,니로 하이브리드,2020,SUV
2021-05-10,현대자동차,싼타페(SANTAFE),2021,SUV
2021-05-10,현대자동차,싼타페(SANTAFE),2021,SUV
2021-05-10,현대자동차,투싼(TUCSON),2016,SUV
2021-05-10,현대자동차,싼타페(SANTAFE),2021,SUV
2021-05-10,현대자동차,싼타페(SANTAFE),2021,SUV
2021-05-10,현대자동차,싼타페(SANTAFE),2021,SUV
2021-05-07,기아,카니발,2016,MPV/미니밴
2021-05-07,기아,카니발,2016,MPV/미니밴
2021-05-07,현대자동차,싼타페(SANTAFE),2021,SUV
2021-05-11,현대자동차,투싼(TUCSON),2021,SUV
2021-05-06,현대자동차,싼타페(SANTAFE),2021,SUV
2021-05-06,현대자동차,싼타페(SANTAFE),2021,SUV
2021-05-04,현대자동차,싼타페(SANTAFE),2021,SUV
2021-05-04,기아,카렌스,2014,MPV/미니밴
2021-05-04,현대자동차,싼타페(SANTAFE),2021,SUV
2021-05-03,현대자동차,싼타페(SANTAFE),2021,SUV
2021-05-03,현대자동차,싼타페(SANTAFE),2021,SUV
2021-05-04,현대자동차,GV80,2020,SUV
2021-05-03,현대자동차,싼타페(SANTAFE),2021,SUV
2021-05-03,현대자동차,싼타페(SANTAFE),2021,SUV
2021-05-03,현대자동차,투싼(TUCSON),2016,SUV
2021-05-03,기아,카니발,2021,MPV/미니밴
2021-05-03,현대자동차,싼타페(SANTAFE),2021,SUV
2021-05-03,기아,카니발,2021,MPV/미니밴
2021-05-03,기아,쏘렌토,2021,SUV
2021-05-03,현대자동차,싼타페(SANTAFE),2013,SUV
2021-05-04,현대자동차,투싼(TUCSON),2016,SUV
2021-05-03,기아,카니발,2021,MPV/미니밴
2021-05-03,기아,카니발,2021,MPV/미니밴
2021-05-03,현대자동차,투싼(TUCSON),2016,SUV
2021-05-03,기아,쏘렌토,2018,SUV
2021-04-30,기아,카니발,2021,MPV/미니밴
2021-04-30,기아,쏘렌토,2021,SUV
2021-04-30,기아,카니발,2021,MPV/미니밴
2021-04-30,기아,카니발,2021,MPV/미니밴
2021-04-30,기아,카니발,2021,MPV/미니밴
2021-04-30,기아,카니발,2021,MPV/미니밴
2021-04-30,기아,카니발,2021,MPV/미니밴
2021-04-30,현대자동차,투싼(TUCSON),2012,SUV
2021-04-30,기아,쏘렌토,2021,SUV
2021-04-29,현대자동차,싼타페(SANTAFE),2021,SUV
2021-04-28,현대자동차,투싼(TUCSON),2017,SUV
2021-04-29,기아,쏘렌토,2021,SUV
2021-04-29,기아,쏘렌토 하이브리드,2021,SUV
2021-04-28,기아,니로 EV,2019,SUV
2021-04-29,기아,스포티지,2016,SUV
2021-04-28,기아,카니발,2021,MPV/미니밴
2021-04-28,기아,카니발,2021,MPV/미니밴
2021-04-28,현대자동차,투싼(TUCSON),2018,SUV
2021-04-28,현대자동차,싼타페(SANTAFE),2021,SUV
2021-04-28,기아,쏘렌토,2021,SUV
2021-04-28,기아,쏘렌토,2021,SUV
2021-04-28,현대자동차,싼타페(SANTAFE),2021,SUV
2021-04-28,현대자동차,싼타페(SANTAFE),2021,SUV
2021-04-28,기아,카니발,2021,MPV/미니밴
2021-04-28,현대자동차,싼타페(SANTAFE),2021,SUV
2021-04-28,기아,쏘렌토,2021,SUV
2021-04-27,현대자동차,싼타페(SANTAFE),2021,SUV
2021-04-27,기아,쏘렌토,2021,SUV
2021-04-27,기아,카니발,2021,MPV/미니밴
2021-04-27,기아,카니발,2021,MPV/미니밴
2021-04-27,기아,쏘렌토 하이브리드,2021,SUV
2021-04-27,현대자동차,싼타페(SANTAFE),2021,SUV
2021-04-27,현대자동차,싼타페(SANTAFE),2021,SUV
2021-04-27,현대자동차,싼타페(SANTAFE),2021,SUV
2021-04-27,현대자동차,싼타페(SANTAFE),2021,SUV
2021-04-26,기아,쏘렌토,2021,SUV
2021-04-27,현대자동차,싼타페(SANTAFE),2021,SUV
2021-04-27,현대자동차,싼타페(SANTAFE),2021,SUV
2021-04-27,기아,카니발,2021,MPV/미니밴
2021-04-27,기아,카니발,2021,MPV/미니밴
2021-04-27,기아,카니발,2021,MPV/미니밴
2021-04-27,기아,카니발,2021,MPV/미니밴
2021-04-27,현대자동차,싼타페(SANTAFE),2021,SUV
2021-04-27,기아,카니발,2021,MPV/미니밴
2021-04-27,기아,카니발,2021,MPV/미니밴
2021-04-27,현대자동차,싼타페(SANTAFE),2021,SUV
2021-04-27,현대자동차,싼타페(SANTAFE),2021,SUV
2021-04-27,현대자동차,싼타페(SANTAFE),2021,SUV
2021-04-27,기아,카니발,2021,MPV/미니밴
2021-04-27,기아,카니발,2021,MPV/미니밴
2021-04-27,기아,카니발,2021,MPV/미니밴
2021-04-26,현대자동차,싼타페(SANTAFE),2021,SUV
2021-04-26,현대자동차,싼타페(SANTAFE),2021,SUV
2021-04-26,기아,쏘렌토,2021,SUV
2021-04-26,기아,카니발,2021,MPV/미니밴
2021-04-27,르노코리아,XM3,2020,SUV
2021-04-26,르노코리아,XM3,2020,SUV
2021-04-26,르노코리아,XM3,2020,SUV
2021-04-26,르노코리아,XM3,2020,SUV
2021-04-26,르노코리아,XM3,2020,SUV
2021-04-26,르노코리아,XM3,2020,SUV
2021-04-26,르노코리아,XM3,2020,SUV
2021-04-26,르노코리아,XM3,2020,SUV
2021-04-26,르노코리아,XM3,2020,SUV
2021-04-26,기아,카니발,2021,MPV/미니밴
2021-04-26,현대자동차,싼타페(SANTAFE),2021,SUV
2021-04-26,르노코리아,QM6,2020,SUV
2021-04-26,기아,쏘렌토,2021,SUV
2021-04-23,KG 모빌리티,렉스턴스포츠,2020,SUV
2021-04-23,현대자동차,싼타페(SANTAFE),2021,SUV
2021-04-23,현대자동차,싼타페(SANTAFE),2021,SUV
2021-04-23,현대자동차,싼타페(SANTAFE),2021,SUV
2021-04-23,현대자동차,싼타페(SANTAFE),2021,SUV
2021-04-23,메르세데스 벤츠,Mercedes-Benz GLB250 4MATIC,2021,SUV
2021-04-23,현대자동차,싼타페(SANTAFE),2021,SUV
2021-04-23,르노코리아,XM3,2021,SUV
2021-04-23,르노코리아,XM3,2020,SUV
2021-04-23,현대자동차,싼타페(SANTAFE),2016,SUV
2021-04-22,현대자동차,싼타페(SANTAFE),2013,SUV
2021-04-22,현대자동차,싼타페(SANTAFE),2021,SUV
2021-04-21,현대자동차,GV70,2021,SUV
2021-04-21,기아,카니발,2021,MPV/미니밴
2021-04-21,기아,카니발,2021,MPV/미니밴
2021-04-21,현대자동차,싼타페(SANTAFE),2013,SUV
2021-04-22,기아,카니발,2016,MPV/미니밴
2021-04-21,기아,카니발,2021,MPV/미니밴
2021-04-22,기아,카니발,2008,MPV/미니밴
2021-04-20,현대자동차,팰리세이드(PALISADE),2021,SUV
2021-04-21,현대자동차,팰리세이드(PALISADE),2021,SUV
2021-04-21,현대자동차,팰리세이드(PALISADE),2021,SUV
2021-04-21,현대자동차,팰리세이드(PALISADE),2021,SUV
2021-04-21,현대자동차,팰리세이드(PALISADE),2021,SUV
2021-04-20,현대자동차,싼타페(SANTAFE),2021,SUV
2021-04-20,기아,카니발,2021,MPV/미니밴
2021-04-20,현대자동차,싼타페(SANTAFE),2021,SUV
2021-04-19,기아,카렌스,2013,MPV/미니밴
2021-04-19,현대자동차,코나(KONA),2018,SUV
2021-04-20,현대자동차,싼타페(SANTAFE),2021,SUV
2021-04-20,재규어랜드로버,재규어 F-PACE 20d,2017,SUV
2021-04-20,현대자동차,싼타페(SANTAFE),2021,SUV
2021-04-20,현대자동차,싼타페(SANTAFE),2021,SUV
2021-04-20,현대자동차,싼타페(SANTAFE),2021,SUV
2021-04-19,현대자동차,투싼(TUCSON),2017,SUV
2021-04-19,현대자동차,싼타페(SANTAFE),2008,SUV
2021-04-19,현대자동차,팰리세이드(PALISADE),2021,SUV
2021-04-19,현대자동차,싼타페(SANTAFE),2021,SUV
2021-04-19,현대자동차,싼타페(SANTAFE),2021,SUV
2021-04-19,현대자동차,싼타페(SANTAFE),2021,SUV
2021-04-19,현대자동차,코나(KONA),2020,SUV
2021-04-19,현대자동차,그랜드 스타렉스(GRAND STAREX),2019,MPV/미니밴
2021-04-19,현대자동차,팰리세이드(PALISADE),2021,SUV
2021-04-16,현대자동차,팰리세이드(PALISADE),2021,SUV
2021-04-19,기아,쏘렌토,2021,SUV
2021-04-19,현대자동차,싼타페(SANTAFE),2021,SUV
2021-04-19,기아,카니발,2021,MPV/미니밴
2021-04-19,기아,카니발,2015,MPV/미니밴
2021-04-19,현대자동차,팰리세이드(PALISADE),2021,SUV
2021-04-19,기아,쏘렌토,2021,SUV
2021-04-20,현대자동차,팰리세이드(PALISADE),2021,SUV
2021-04-16,기아,카니발,2021,MPV/미니밴
2021-04-19,현대자동차,싼타페(SANTAFE),2021,SUV
2021-04-16,포드,Explorer 2.3 AWD,2016,SUV
2021-04-19,현대자동차,싼타페(SANTAFE),2021,SUV
2021-04-16,현대자동차,싼타페(SANTAFE),2021,SUV
2021-04-16,현대자동차,싼타페(SANTAFE),2021,SUV
2021-04-16,현대자동차,싼타페(SANTAFE),2021,SUV
2021-04-15,기아,카니발,2017,MPV/미니밴
2021-04-16,기아,카니발,2021,MPV/미니밴
2021-04-16,현대자동차,싼타페(SANTAFE),2021,SUV
2021-04-19,현대자동차,투싼(TUCSON),2016,SUV
2021-04-16,현대자동차,싼타페(SANTAFE),2021,SUV
2021-04-19,기아,쏘렌토 하이브리드,2021,SUV
2021-04-19,기아,니로 하이브리드,2020,SUV
2021-04-15,기아,카니발,2021,MPV/미니밴
2021-04-15,현대자동차,싼타페(SANTAFE),2021,SUV
2021-04-15,기아,카니발,2021,MPV/미니밴
2021-04-15,현대자동차,싼타페(SANTAFE),2021,SUV
2021-04-15,기아,쏘렌토 하이브리드,2021,SUV
2021-04-16,기아,쏘렌토 하이브리드,2021,SUV
2021-04-16,기아,쏘렌토 하이브리드,2021,SUV
2021-04-16,기아,쏘렌토 하이브리드,2021,SUV
2021-04-15,현대자동차,투싼(TUCSON),2016,SUV
2021-04-15,현대자동차,팰리세이드(PALISADE),2020,SUV
2021-04-15,기아,카니발,2021,MPV/미니밴
2021-04-15,기아,쏘렌토 하이브리드,2021,SUV
2021-04-15,현대자동차,싼타페(SANTAFE),2021,SUV
2021-04-15,기아,카니발,2021,MPV/미니밴
2021-04-15,현대자동차,투싼(TUCSON),2016,SUV
2021-04-14,현대자동차,싼타페(SANTAFE),2021,SUV
2021-04-14,현대자동차,싼타페(SANTAFE),2021,SUV
2021-04-14,현대자동차,투싼(TUCSON),2018,SUV
2021-04-14,현대자동차,팰리세이드(PALISADE),2021,SUV
2021-04-14,기아,카니발,2021,MPV/미니밴
2021-04-14,기아,카니발,2021,MPV/미니밴
2021-04-14,현대자동차,싼타페(SANTAFE),2021,SUV
2021-04-14,현대자동차,싼타페(SANTAFE),2021,SUV
2021-04-14,현대자동차,싼타페(SANTAFE),2021,SUV
2021-04-14,현대자동차,싼타페(SANTAFE),2021,SUV
2021-04-14,현대자동차,싼타페(SANTAFE),2021,SUV
2021-04-14,기아,카니발,2021,MPV/미니밴
2021-04-14,기아,카니발,2021,MPV/미니밴
2021-04-13,기아,카니발,2021,MPV/미니밴
2021-04-14,현대자동차,싼타페(SANTAFE),2021,SUV
2021-04-14,기아,카니발,2021,MPV/미니밴
2021-04-14,기아,카니발,2021,MPV/미니밴
2021-04-14,기아,카니발,2021,MPV/미니밴
2021-04-13,현대자동차,싼타페(SANTAFE),2021,SUV
2021-04-13,KG 모빌리티,렉스턴,2021,SUV
2021-04-13,현대자동차,싼타페(SANTAFE),2021,SUV
2021-04-13,현대자동차,투싼(TUCSON),2021,SUV
2021-04-13,BMW,BMW X5 xDrive30d,2021,SUV
2021-04-13,르노코리아,XM3,2020,SUV
2021-04-13,현대자동차,팰리세이드(PALISADE),2020,SUV
2021-04-12,현대자동차,투싼(TUCSON),2019,SUV
2021-04-12,현대자동차,팰리세이드(PALISADE),2021,SUV
2021-04-12,기아,카니발,2021,MPV/미니밴
2021-04-12,현대자동차,싼타페(SANTAFE),2021,SUV
2021-04-12,현대자동차,싼타페(SANTAFE),2021,SUV
2021-04-12,현대자동차,팰리세이드(PALISADE),2021,SUV
2021-04-12,기아,카니발,2021,MPV/미니밴
2021-04-12,현대자동차,팰리세이드(PALISADE),2021,SUV
2021-04-12,현대자동차,싼타페(SANTAFE),2021,SUV
2021-04-12,현대자동차,팰리세이드(PALISADE),2021,SUV
2021-04-12,현대자동차,싼타페(SANTAFE),2021,SUV
2021-04-12,기아,카니발,2021,MPV/미니밴
2021-04-12,기아,카니발,2021,MPV/미니밴
2021-04-12,현대자동차,싼타페(SANTAFE),2021,SUV
2021-04-12,현대자동차,싼타페(SANTAFE),2021,SUV
2021-04-12,현대자동차,싼타페(SANTAFE),2021,SUV
2021-04-09,현대자동차,싼타페(SANTAFE),2021,SUV
2021-04-12,현대자동차,싼타페(SANTAFE),2021,SUV
2021-04-12,현대자동차,싼타페(SANTAFE),2021,SUV
2021-04-12,메르세데스 벤츠,Mercedes-Benz GLB250 4MATIC,2021,SUV
2021-04-09,현대자동차,팰리세이드(PALISADE),2021,SUV
2021-04-09,현대자동차,싼타페(SANTAFE),2021,SUV
2021-04-09,KG 모빌리티,렉스턴,2021,SUV
2021-04-09,현대자동차,싼타페(SANTAFE),2021,SUV
2021-04-09,현대자동차,싼타페(SANTAFE),2021,SUV
2021-04-09,현대자동차,싼타페(SANTAFE),2021,SUV
2021-04-09,현대자동차,싼타페(SANTAFE),2021,SUV
2021-04-08,기아,쏘렌토 GLS,2004,SUV
2021-04-09,현대자동차,싼타페(SANTAFE),2021,SUV
2021-04-09,기아,카니발,2021,MPV/미니밴
2021-04-09,기아,카니발,2021,MPV/미니밴
2021-04-09,현대자동차,싼타페(SANTAFE),2021,SUV
2021-04-09,현대자동차,싼타페(SANTAFE),2021,SUV
2021-04-09,현대자동차,싼타페(SANTAFE),2021,SUV
2021-04-09,현대자동차,팰리세이드(PALISADE),2021,SUV
2021-04-09,현대자동차,팰리세이드(PALISADE),2021,SUV
2021-04-09,현대자동차,팰리세이드(PALISADE),2021,SUV
2021-04-09,현대자동차,팰리세이드(PALISADE),2021,SUV
2021-04-09,기아,카니발,2021,MPV/미니밴
2021-04-09,기아,카니발,2021,MPV/미니밴
2021-04-09,현대자동차,싼타페(SANTAFE),2021,SUV
2021-04-09,기아,카니발,2021,MPV/미니밴
2021-04-09,현대자동차,싼타페(SANTAFE),2021,SUV
2021-04-09,현대자동차,싼타페(SANTAFE),2021,SUV
2021-04-09,현대자동차,싼타페(SANTAFE),2021,SUV
2021-04-09,현대자동차,싼타페(SANTAFE),2021,SUV
2021-04-09,기아,카니발,2021,MPV/미니밴
2021-04-09,기아,카니발,2021,MPV/미니밴
2021-04-09,기아,카니발,2021,MPV/미니밴
2021-04-09,현대자동차,싼타페(SANTAFE),2021,SUV
2021-04-09,기아,카니발,2021,MPV/미니밴
2021-04-09,기아,카니발,2021,MPV/미니밴
2021-04-09,현대자동차,싼타페(SANTAFE),2021,SUV
2021-04-09,기아,쏘렌토,2021,SUV
2021-04-09,현대자동차,싼타페(SANTAFE),2021,SUV
2021-04-09,현대자동차,팰리세이드(PALISADE),2019,SUV
2021-04-07,기아,모하비,2015,SUV
2021-04-09,현대자동차,싼타페(SANTAFE),2021,SUV
2021-04-09,현대자동차,싼타페(SANTAFE),2021,SUV
2021-04-09,현대자동차,싼타페(SANTAFE),2021,SUV
2021-04-09,현대자동차,싼타페(SANTAFE),2021,SUV
2021-04-09,기아,카니발,2021,MPV/미니밴
2021-04-09,기아,카니발,2021,MPV/미니밴
2021-04-09,현대자동차,싼타페(SANTAFE),2021,SUV
2021-04-09,기아,카니발,2021,MPV/미니밴
2021-04-08,현대자동차,싼타페(SANTAFE),2021,SUV
2021-04-08,기아,모하비,2015,SUV
2021-04-08,현대자동차,싼타페(SANTAFE),2021,SUV
2021-04-08,기아,카니발,2021,MPV/미니밴
2021-04-08,기아,카니발,2021,MPV/미니밴
2021-04-08,기아,카니발,2021,MPV/미니밴
2021-04-08,기아,카니발,2021,MPV/미니밴
2021-04-08,기아,쏘렌토,2021,SUV
2021-04-08,현대자동차,싼타페(SANTAFE),2021,SUV
2021-04-06,현대자동차,싼타페(SANTAFE),2021,SUV
2021-04-06,기아,카니발,2021,MPV/미니밴
2021-04-06,현대자동차,싼타페(SANTAFE),2021,SUV
2021-04-08,현대자동차,싼타페(SANTAFE),2021,SUV
2021-04-06,현대자동차,팰리세이드(PALISADE),2021,SUV
2021-04-06,기아,카니발,2021,MPV/미니밴
2021-04-07,현대자동차,팰리세이드(PALISADE),2021,SUV
2021-04-07,현대자동차,싼타페(SANTAFE),2021,SUV
2021-04-07,현대자동차,싼타페(SANTAFE),2021,SUV
2021-04-07,기아,카니발,2021,MPV/미니밴
2021-04-05,기아,쏘렌토,2021,SUV
2021-04-05,현대자동차,GV70,2021,SUV
2021-04-07,현대자동차,싼타페(SANTAFE),2021,SUV
2021-04-08,KG 모빌리티,렉스턴,2021,SUV
2021-04-04,KG 모빌리티,렉스턴,2021,SUV
2021-04-04,현대자동차,싼타페(SANTAFE),2021,SUV
2021-04-04,기아,쏘렌토,2021,SUV
2021-04-04,현대자동차,싼타페(SANTAFE),2021,SUV
2021-04-04,현대자동차,싼타페(SANTAFE),2021,SUV
2021-04-04,현대자동차,팰리세이드(PALISADE),2021,SUV
2021-04-04,기아,쏘렌토 하이브리드,2021,SUV
2021-04-06,현대자동차,팰리세이드(PALISADE),2021,SUV
2021-04-06,기아,쏘렌토,2021,SUV
2021-04-06,현대자동차,싼타페(SANTAFE),2021,SUV
2021-04-03,기아,쏘렌토,2021,SUV
2021-04-03,현대자동차,싼타페(SANTAFE),2021,SUV
2021-04-03,기아,카니발,2021,MPV/미니밴
2021-04-03,KG 모빌리티,렉스턴,2021,SUV
2021-04-03,르노코리아,XM3,2020,SUV
2021-04-03,현대자동차,싼타페(SANTAFE),2021,SUV
2021-04-03,KG 모빌리티,렉스턴,2021,SUV
2021-04-03,현대자동차,싼타페(SANTAFE),2021,SUV
2021-04-03,현대자동차,투싼(TUCSON),2019,SUV
2021-04-03,현대자동차,싼타페(SANTAFE),2021,SUV
2021-04-05,현대자동차,싼타페(SANTAFE),2021,SUV
2021-04-05,메르세데스 벤츠,Mercedes-Benz GLB250 4MATIC,2021,SUV
2021-04-05,기아,쏘렌토,2021,SUV
2021-04-05,현대자동차,싼타페(SANTAFE),2021,SUV
2021-04-05,기아,카니발,2021,MPV/미니밴
2021-04-05,현대자동차,싼타페(SANTAFE),2021,SUV
2021-04-05,현대자동차,싼타페(SANTAFE),2021,SUV
2021-04-05,현대자동차,투싼(TUCSON),2016,SUV
2021-04-05,현대자동차,싼타페(SANTAFE),2021,SUV
2021-04-05,KG 모빌리티,렉스턴,2021,SUV
2021-04-05,기아,스포티지,2017,SUV
2021-04-05,기아,쏘렌토,2021,SUV
2021-04-05,현대자동차,싼타페(SANTAFE),2021,SUV
2021-04-05,현대자동차,싼타페(SANTAFE),2021,SUV
2021-04-05,현대자동차,싼타페(SANTAFE),2021,SUV
2021-04-02,현대자동차,싼타페(SANTAFE),2021,SUV
2021-04-02,KG 모빌리티,렉스턴,2021,SUV
2021-04-02,현대자동차,싼타페(SANTAFE),2021,SUV
2021-04-05,현대자동차,팰리세이드(PALISADE),2021,SUV
2021-04-05,기아,카니발,2021,MPV/미니밴
2021-04-02,KG 모빌리티,렉스턴,2021,SUV
2021-04-05,현대자동차,팰리세이드(PALISADE),2021,SUV
2021-04-02,기아,쏘렌토,2021,SUV
2021-04-02,기아,쏘렌토,2021,SUV
2021-04-02,현대자동차,싼타페(SANTAFE),2021,SUV
2021-04-02,현대자동차,싼타페(SANTAFE),2021,SUV
2021-04-02,현대자동차,싼타페(SANTAFE),2021,SUV
2021-04-02,기아,쏘렌토,2021,SUV
2021-04-02,현대자동차,싼타페(SANTAFE),2021,SUV
2021-04-02,KG 모빌리티,렉스턴,2021,SUV
2021-04-02,현대자동차,싼타페(SANTAFE),2021,SUV
2021-04-02,기아,쏘렌토,2021,SUV
2021-04-02,현대자동차,싼타페(SANTAFE),2021,SUV
2021-04-02,기아,쏘렌토,2021,SUV
2021-04-02,기아,쏘렌토,2021,SUV
2021-04-02,기아,쏘렌토,2021,SUV
2021-04-02,기아,쏘렌토,2021,SUV
2021-04-02,기아,쏘렌토,2021,SUV
2021-04-02,현대자동차,싼타페(SANTAFE),2021,SUV
2021-04-02,KG 모빌리티,렉스턴,2021,SUV
2021-04-02,현대자동차,싼타페(SANTAFE),2021,SUV
2021-04-02,기아,쏘렌토,2021,SUV
2021-04-02,KG 모빌리티,렉스턴,2021,SUV
2021-04-02,현대자동차,싼타페(SANTAFE),2021,SUV
2021-04-02,기아,카니발,2021,MPV/미니밴
2021-04-02,현대자동차,팰리세이드(PALISADE),2021,SUV
2021-04-02,기아,쏘렌토,2020,SUV
2021-04-02,현대자동차,싼타페(SANTAFE),2021,SUV
2021-04-02,현대자동차,싼타페(SANTAFE),2021,SUV
2021-04-01,현대자동차,싼타페(SANTAFE),2021,SUV
2021-04-01,기아,쏘렌토,2021,SUV
2021-04-01,현대자동차,싼타페(SANTAFE),2021,SUV
2021-04-01,현대자동차,싼타페(SANTAFE),2021,SUV
2021-04-01,기아,쏘렌토,2021,SUV
2021-04-01,현대자동차,싼타페(SANTAFE),2021,SUV
2021-04-01,기아,카니발,2021,MPV/미니밴
2021-04-01,현대자동차,싼타페(SANTAFE),2021,SUV
2021-04-01,현대자동차,싼타페(SANTAFE),2021,SUV
2021-04-01,현대자동차,싼타페(SANTAFE),2021,SUV
2021-04-01,현대자동차,싼타페(SANTAFE),2021,SUV
2021-04-01,현대자동차,싼타페(SANTAFE),2021,SUV
2021-04-01,현대자동차,싼타페(SANTAFE),2021,SUV
2021-04-02,현대자동차,팰리세이드(PALISADE),2021,SUV
2021-04-01,기아,쏘렌토,2021,SUV
2021-04-01,현대자동차,팰리세이드(PALISADE),2020,SUV
2021-04-02,현대자동차,싼타페(SANTAFE),2021,SUV
2021-04-01,현대자동차,싼타페(SANTAFE),2021,SUV
2021-04-01,기아,니로 EV,2019,SUV
2021-04-01,현대자동차,싼타페(SANTAFE),2021,SUV
2021-04-01,메르세데스 벤츠,Mercedes-Benz GLB250 4MATIC,2021,SUV
2021-04-01,기아,카니발,2021,MPV/미니밴
2021-04-01,현대자동차,싼타페(SANTAFE),2021,SUV
2021-04-01,기아,카니발,2021,MPV/미니밴
2021-04-01,기아,쏘렌토,2021,SUV
2021-04-01,현대자동차,싼타페(SANTAFE),2021,SUV
2021-04-01,기아,쏘렌토,2021,SUV
2021-04-01,기아,쏘렌토,2021,SUV
2021-04-01,현대자동차,싼타페(SANTAFE),2021,SUV
2021-04-01,기아,쏘렌토,2021,SUV
2021-04-01,기아,카니발,2021,MPV/미니밴
2021-03-31,현대자동차,팰리세이드(PALISADE),2021,SUV
2021-04-01,기아,카니발,2021,MPV/미니밴
2021-04-01,현대자동차,싼타페(SANTAFE),2021,SUV
2021-04-01,기아,쏘렌토,2021,SUV
2021-04-01,기아,카니발,2021,MPV/미니밴
2021-04-01,현대자동차,싼타페(SANTAFE),2021,SUV
2021-04-01,현대자동차,싼타페(SANTAFE),2021,SUV
2021-04-01,현대자동차,팰리세이드(PALISADE),2021,SUV
2021-03-30,기아,카니발,2021,MPV/미니밴
2021-04-01,현대자동차,싼타페(SANTAFE),2021,SUV
2021-04-01,기아,쏘렌토,2021,SUV
2021-04-01,기아,쏘렌토,2021,SUV
2021-04-01,기아,쏘렌토,2021,SUV
2021-04-01,현대자동차,싼타페(SANTAFE),2021,SUV
2021-04-01,기아,쏘렌토,2013,SUV
2021-04-01,기아,카니발,2021,MPV/미니밴
2021-04-01,기아,쏘렌토,2021,SUV
2021-04-01,현대자동차,팰리세이드(PALISADE),2021,SUV
2021-04-01,현대자동차,싼타페(SANTAFE),2021,SUV
2021-04-01,현대자동차,싼타페(SANTAFE),2021,SUV
2021-04-01,현대자동차,싼타페(SANTAFE),2021,SUV
2021-04-01,현대자동차,싼타페(SANTAFE),2021,SUV
2021-04-01,현대자동차,싼타페(SANTAFE),2021,SUV
2021-04-01,현대자동차,싼타페(SANTAFE),2021,SUV
2021-04-01,기아,카니발,2018,MPV/미니밴
2021-04-01,현대자동차,싼타페(SANTAFE),2021,SUV
2021-03-30,현대자동차,싼타페(SANTAFE),2021,SUV
2021-04-01,현대자동차,싼타페(SANTAFE),2021,SUV
2021-03-31,현대자동차,싼타페(SANTAFE),2021,SUV
2021-03-31,현대자동차,싼타페(SANTAFE),2021,SUV
2021-03-31,현대자동차,싼타페(SANTAFE),2021,SUV
2021-03-31,현대자동차,싼타페(SANTAFE),2021,SUV
2021-03-31,현대자동차,싼타페(SANTAFE),2021,SUV
2021-03-31,현대자동차,싼타페(SANTAFE),2021,SUV
2021-03-31,현대자동차,싼타페(SANTAFE),2019,SUV
2021-03-31,기아,카니발,2021,MPV/미니밴
2021-03-31,현대자동차,싼타페(SANTAFE),2021,SUV
2021-03-31,현대자동차,GV80,2020,SUV
2021-03-31,현대자동차,싼타페(SANTAFE),2021,SUV
2021-03-31,현대자동차,싼타페(SANTAFE),2021,SUV
2021-03-31,현대자동차,싼타페(SANTAFE),2021,SUV
2021-03-31,기아,쏘렌토,2021,SUV
2021-03-29,현대자동차,싼타페(SANTAFE),2021,SUV
2021-03-31,현대자동차,싼타페(SANTAFE),2021,SUV
2021-03-31,현대자동차,싼타페(SANTAFE),2021,SUV
2021-03-31,현대자동차,싼타페(SANTAFE),2021,SUV
2021-03-31,현대자동차,싼타페(SANTAFE),2021,SUV
2021-03-31,기아,카니발,2021,MPV/미니밴
2021-03-31,현대자동차,싼타페(SANTAFE),2021,SUV
2021-03-31,현대자동차,싼타페(SANTAFE),2021,SUV
2021-03-31,기아,쏘렌토,2021,SUV
2021-03-31,현대자동차,싼타페(SANTAFE),2021,SUV
2021-03-31,현대자동차,싼타페(SANTAFE),2021,SUV
2021-03-31,기아,쏘렌토,2021,SUV
2021-03-31,현대자동차,싼타페(SANTAFE),2021,SUV
2021-03-31,현대자동차,싼타페(SANTAFE),2021,SUV
2021-03-31,기아,카니발,2021,MPV/미니밴
2021-03-31,현대자동차,싼타페(SANTAFE),2021,SUV
2021-03-31,현대자동차,싼타페(SANTAFE),2021,SUV
2021-03-31,현대자동차,싼타페(SANTAFE),2021,SUV
2021-03-31,현대자동차,싼타페(SANTAFE),2021,SUV
2021-03-31,현대자동차,싼타페(SANTAFE),2021,SUV
2021-03-31,현대자동차,싼타페(SANTAFE),2021,SUV
2021-03-31,현대자동차,싼타페(SANTAFE),2021,SUV
2021-03-31,현대자동차,싼타페(SANTAFE),2021,SUV
2021-03-31,현대자동차,싼타페(SANTAFE),2021,SUV
2021-03-31,현대자동차,싼타페(SANTAFE),2021,SUV
2021-03-31,기아,카니발,2021,MPV/미니밴
2021-03-31,기아,카니발,2021,MPV/미니밴
2021-03-31,현대자동차,싼타페(SANTAFE),2021,SUV
2021-03-31,현대자동차,싼타페(SANTAFE),2021,SUV
2021-03-31,현대자동차,싼타페(SANTAFE),2021,SUV
2021-03-31,현대자동차,싼타페(SANTAFE),2021,SUV
2021-03-31,현대자동차,싼타페(SANTAFE),2021,SUV
2021-03-31,현대자동차,싼타페(SANTAFE),2021,SUV
2021-03-31,기아,쏘렌토,2021,SUV
2021-03-31,기아,카니발,2021,MPV/미니밴
2021-03-31,기아,쏘렌토,2021,SUV
2021-03-31,기아,쏘렌토,2021,SUV
2021-03-31,기아,쏘렌토,2021,SUV
2021-03-31,기아,쏘렌토,2021,SUV
2021-03-31,기아,쏘렌토,2021,SUV
2021-03-31,기아,쏘렌토,2021,SUV
2021-03-31,기아,카니발,2021,MPV/미니밴
2021-03-31,기아,쏘렌토,2021,SUV
2021-03-31,기아,쏘렌토,2021,SUV
2021-03-31,기아,쏘렌토,2021,SUV
2021-03-31,현대자동차,싼타페(SANTAFE),2021,SUV
2021-03-31,현대자동차,싼타페(SANTAFE),2021,SUV
2021-03-31,현대자동차,싼타페(SANTAFE),2021,SUV
2021-03-31,현대자동차,싼타페(SANTAFE),2021,SUV
2021-03-31,현대자동차,싼타페(SANTAFE),2021,SUV
2021-03-31,현대자동차,싼타페(SANTAFE),2021,SUV
2021-03-31,기아,쏘렌토,2021,SUV
2021-03-31,현대자동차,싼타페(SANTAFE),2021,SUV
2021-03-31,현대자동차,싼타페(SANTAFE),2021,SUV
2021-03-31,현대자동차,싼타페(SANTAFE),2021,SUV
2021-03-30,기아,쏘렌토,2021,SUV
2021-03-30,현대자동차,싼타페(SANTAFE),2021,SUV
2021-03-30,기아,카니발,2021,MPV/미니밴
2021-03-31,기아,카니발,2021,MPV/미니밴
2021-03-30,현대자동차,싼타페(SANTAFE),2021,SUV
2021-03-30,기아,카니발,2021,MPV/미니밴
2021-03-30,기아,카니발,2021,MPV/미니밴
2021-03-30,현대자동차,싼타페(SANTAFE),2021,SUV
2021-03-30,현대자동차,싼타페(SANTAFE),2021,SUV
2021-03-30,기아,카니발,2021,MPV/미니밴
2021-03-30,현대자동차,싼타페(SANTAFE),2021,SUV
2021-03-30,기아,카니발,2021,MPV/미니밴
2021-03-30,현대자동차,싼타페(SANTAFE),2021,SUV
2021-03-30,기아,카니발,2021,MPV/미니밴
2021-03-30,기아,카니발,2021,MPV/미니밴
2021-03-30,현대자동차,싼타페(SANTAFE),2021,SUV
2021-03-30,현대자동차,싼타페(SANTAFE),2021,SUV
2021-03-30,기아,카니발,2021,MPV/미니밴
2021-03-30,현대자동차,싼타페(SANTAFE),2021,SUV
2021-03-30,현대자동차,싼타페(SANTAFE),2021,SUV
2021-03-30,현대자동차,싼타페(SANTAFE),2021,SUV
2021-03-30,기아,카니발,2021,MPV/미니밴
2021-03-30,현대자동차,싼타페(SANTAFE),2021,SUV
2021-03-30,현대자동차,싼타페(SANTAFE),2021,SUV
2021-03-30,현대자동차,싼타페(SANTAFE),2021,SUV
2021-03-30,기아,쏘렌토,2021,SUV
2021-03-30,기아,카니발,2021,MPV/미니밴
2021-03-30,기아,카니발,2021,MPV/미니밴
2021-03-30,기아,카니발,2021,MPV/미니밴
2021-03-30,현대자동차,싼타페(SANTAFE),2021,SUV
2021-03-30,기아,카니발,2021,MPV/미니밴
2021-03-30,기아,쏘렌토,2021,SUV
2021-03-30,기아,카니발,2021,MPV/미니밴
2021-03-30,기아,쏘렌토,2021,SUV
2021-03-30,기아,쏘렌토,2021,SUV
2021-03-30,기아,카니발,2021,MPV/미니밴
2021-03-30,기아,카니발,2021,MPV/미니밴
2021-03-30,기아,카니발,2021,MPV/미니밴
2021-03-30,기아,카니발,2021,MPV/미니밴
2021-03-30,기아,카니발,2021,MPV/미니밴
2021-03-30,기아,카니발,2021,MPV/미니밴
2021-03-30,기아,카니발,2021,MPV/미니밴
2021-03-30,기아,카니발,2021,MPV/미니밴
2021-03-30,현대자동차,싼타페(SANTAFE),2021,SUV
2021-03-30,기아,쏘렌토,2021,SUV
2021-03-30,현대자동차,싼타페(SANTAFE),2021,SUV
2021-03-30,기아,쏘렌토,2021,SUV
2021-03-30,현대자동차,싼타페(SANTAFE),2021,SUV
2021-03-30,현대자동차,싼타페(SANTAFE),2021,SUV
2021-03-31,기아,스포티지,2016,SUV
2021-03-30,현대자동차,싼타페(SANTAFE),2021,SUV
2021-03-30,현대자동차,싼타페(SANTAFE),2021,SUV
2021-03-30,기아,쏘렌토,2021,SUV
2021-03-29,현대자동차,싼타페(SANTAFE),2021,SUV
2021-03-30,현대자동차,싼타페(SANTAFE),2021,SUV
2021-03-30,현대자동차,싼타페(SANTAFE),2021,SUV
2021-03-30,현대자동차,싼타페(SANTAFE),2021,SUV
2021-03-29,현대자동차,싼타페(SANTAFE),2021,SUV
2021-03-29,현대자동차,싼타페(SANTAFE),2021,SUV
2021-03-30,현대자동차,싼타페(SANTAFE),2021,SUV
2021-03-29,현대자동차,싼타페(SANTAFE),2021,SUV
2021-03-29,현대자동차,싼타페(SANTAFE),2021,SUV
2021-03-29,기아,쏘렌토,2021,SUV
2021-03-29,현대자동차,싼타페(SANTAFE),2021,SUV
2021-03-29,현대자동차,싼타페(SANTAFE),2021,SUV
2021-03-29,현대자동차,싼타페(SANTAFE),2021,SUV
2021-03-29,현대자동차,팰리세이드(PALISADE),2021,SUV
2021-03-29,현대자동차,싼타페(SANTAFE),2021,SUV
2021-03-30,현대자동차,싼타페(SANTAFE),2021,SUV
2021-03-29,현대자동차,싼타페(SANTAFE),2021,SUV
2021-03-29,현대자동차,싼타페(SANTAFE),2021,SUV
2021-03-29,현대자동차,싼타페(SANTAFE),2021,SUV
2021-03-29,현대자동차,싼타페(SANTAFE),2021,SUV
2021-03-29,현대자동차,싼타페(SANTAFE),2021,SUV
2021-03-29,현대자동차,싼타페(SANTAFE),2021,SUV
2021-03-29,현대자동차,싼타페(SANTAFE),2021,SUV
2021-03-29,현대자동차,싼타페(SANTAFE),2021,SUV
2021-03-29,현대자동차,팰리세이드(PALISADE),2021,SUV
2021-03-29,현대자동차,싼타페(SANTAFE),2021,SUV
2021-03-29,현대자동차,팰리세이드(PALISADE),2021,SUV
2021-03-29,현대자동차,팰리세이드(PALISADE),2021,SUV
2021-03-26,현대자동차,싼타페(SANTAFE),2014,SUV
2021-03-29,기아,쏘렌토,2021,SUV
2021-03-29,현대자동차,싼타페(SANTAFE),2021,SUV
2021-03-29,현대자동차,싼타페(SANTAFE),2021,SUV
2021-03-29,기아,쏘렌토,2021,SUV
2021-03-30,현대자동차,싼타페(SANTAFE),2021,SUV
2021-03-30,기아,쏘렌토,2016,SUV
2021-03-29,현대자동차,싼타페(SANTAFE),2021,SUV
2021-03-29,현대자동차,싼타페(SANTAFE),2021,SUV
2021-03-29,현대자동차,싼타페(SANTAFE),2021,SUV
2021-03-29,기아,스포티지,2016,SUV
2021-03-30,기아,쏘렌토,,SUV
2021-03-29,현대자동차,싼타페(SANTAFE),2021,SUV
2021-03-29,현대자동차,싼타페(SANTAFE),2021,SUV
2021-03-29,기아,쏘렌토,2021,SUV
2021-03-29,기아,쏘렌토,2021,SUV
2021-03-29,현대자동차,싼타페(SANTAFE),2021,SUV
2021-03-29,현대자동차,싼타페(SANTAFE),2021,SUV
2021-03-29,기아,스포티지,2019,SUV
2021-03-29,현대자동차,싼타페(SANTAFE),2021,SUV
2021-03-29,현대자동차,싼타페(SANTAFE),2021,SUV
2021-03-29,현대자동차,싼타페(SANTAFE),2021,SUV
2021-03-29,현대자동차,싼타페(SANTAFE),2021,SUV
2021-03-29,현대자동차,팰리세이드(PALISADE),2021,SUV
2021-03-29,현대자동차,GV80,2020,SUV
2021-03-29,현대자동차,싼타페(SANTAFE),2021,SUV
2021-03-29,현대자동차,싼타페(SANTAFE),2021,SUV
2021-03-29,현대자동차,싼타페(SANTAFE),2021,SUV
2021-03-29,현대자동차,싼타페(SANTAFE),2021,SUV
2021-03-29,BMW,BMW X5 xDrive30d,2011,SUV
2021-03-29,BMW,BMW X5 xDrive30d,2011,SUV
2021-03-29,현대자동차,싼타페(SANTAFE),2021,SUV
2021-03-29,현대자동차,싼타페(SANTAFE),2021,SUV
2021-03-26,현대자동차,싼타페(SANTAFE),2021,SUV
2021-03-26,현대자동차,싼타페(SANTAFE),2021,SUV
2021-03-26,현대자동차,싼타페(SANTAFE),2021,SUV
2021-03-26,현대자동차,싼타페(SANTAFE),2021,SUV
2021-03-26,현대자동차,싼타페(SANTAFE),2021,SUV
2021-03-26,현대자동차,싼타페(SANTAFE),2021,SUV
2021-03-26,기아,쏘렌토,2021,SUV
2021-03-26,현대자동차,싼타페(SANTAFE),2021,SUV
2021-03-26,현대자동차,팰리세이드(PALISADE),2021,SUV
2021-03-26,현대자동차,팰리세이드(PALISADE),2021,SUV
2021-03-26,현대자동차,싼타페(SANTAFE),2021,SUV
2021-03-26,현대자동차,싼타페(SANTAFE),2021,SUV
2021-03-26,현대자동차,싼타페(SANTAFE),2021,SUV
2021-03-26,현대자동차,싼타페(SANTAFE),2021,SUV
2021-03-26,현대자동차,싼타페(SANTAFE),2021,SUV
2021-03-26,현대자동차,싼타페(SANTAFE),2021,SUV
2021-03-26,현대자동차,싼타페(SANTAFE),2021,SUV
2021-03-26,현대자동차,싼타페(SANTAFE),2021,SUV
2021-03-26,현대자동차,싼타페(SANTAFE),2021,SUV
2021-03-26,현대자동차,싼타페(SANTAFE),2021,SUV
2021-03-26,현대자동차,싼타페(SANTAFE),2021,SUV
2021-03-26,현대자동차,싼타페(SANTAFE),2021,SUV
2021-03-26,현대자동차,싼타페(SANTAFE),2021,SUV
2021-03-26,기아,쏘렌토,2021,SUV
2021-03-26,현대자동차,싼타페(SANTAFE),2021,SUV
2021-03-26,현대자동차,싼타페(SANTAFE),2021,SUV
2021-03-26,현대자동차,싼타페(SANTAFE),2021,SUV
2021-03-26,현대자동차,싼타페(SANTAFE),2021,SUV
2021-03-26,현대자동차,싼타페(SANTAFE),2021,SUV
2021-03-26,현대자동차,싼타페(SANTAFE),2020,SUV
2021-03-26,현대자동차,싼타페(SANTAFE),2021,SUV
2021-03-26,현대자동차,싼타페(SANTAFE),2021,SUV
2021-03-26,현대자동차,싼타페(SANTAFE),2021,SUV
2021-03-26,기아,쏘렌토,2021,SUV
2021-03-26,현대자동차,싼타페(SANTAFE),2021,SUV
2021-03-26,현대자동차,싼타페(SANTAFE),2021,SUV
2021-03-26,현대자동차,싼타페(SANTAFE),2021,SUV
2021-03-26,현대자동차,싼타페(SANTAFE),2021,SUV
2021-03-26,현대자동차,싼타페(SANTAFE),2021,SUV
2021-03-26,현대자동차,싼타페(SANTAFE),2021,SUV
2021-03-26,현대자동차,싼타페(SANTAFE),2021,SUV
2021-03-26,현대자동차,싼타페(SANTAFE),2021,SUV
2021-03-26,현대자동차,싼타페(SANTAFE),2021,SUV
2021-03-26,현대자동차,싼타페(SANTAFE),2021,SUV
2021-03-26,현대자동차,싼타페(SANTAFE),2021,SUV
2021-03-26,현대자동차,싼타페(SANTAFE),2021,SUV
2021-03-26,현대자동차,싼타페(SANTAFE),2021,SUV
2021-03-26,현대자동차,싼타페(SANTAFE),2021,SUV
2021-03-26,현대자동차,싼타페(SANTAFE),2021,SUV
2021-03-25,현대자동차,싼타페(SANTAFE),2021,SUV
2021-03-26,기아,쏘렌토,2021,SUV
2021-03-25,현대자동차,싼타페(SANTAFE),2021,SUV
2021-03-25,현대자동차,싼타페(SANTAFE),2021,SUV
2021-03-25,현대자동차,싼타페(SANTAFE),2021,SUV
2021-03-25,현대자동차,싼타페(SANTAFE),2021,SUV
2021-03-25,현대자동차,싼타페(SANTAFE),2021,SUV
2021-03-25,현대자동차,싼타페(SANTAFE),2021,SUV
2021-03-25,현대자동차,싼타페(SANTAFE),2021,SUV
2021-03-25,현대자동차,싼타페(SANTAFE),2021,SUV
2021-03-25,현대자동차,싼타페(SANTAFE),2021,SUV
2021-03-25,현대자동차,싼타페(SANTAFE),2021,SUV
2021-03-26,현대자동차,투싼(TUCSON),2021,SUV
2021-03-25,현대자동차,싼타페(SANTAFE),2021,SUV
2021-03-26,현대자동차,싼타페(SANTAFE),2021,SUV
2021-03-25,현대자동차,싼타페(SANTAFE),2021,SUV
2021-03-25,현대자동차,싼타페(SANTAFE),2021,SUV
2021-03-25,현대자동차,싼타페(SANTAFE),2021,SUV
2021-03-26,현대자동차,싼타페(SANTAFE),2021,SUV
2021-03-25,현대자동차,싼타페(SANTAFE),2021,SUV
2021-03-25,현대자동차,싼타페(SANTAFE),2021,SUV
2021-03-25,현대자동차,싼타페(SANTAFE),2021,SUV
2021-03-25,현대자동차,싼타페(SANTAFE),2021,SUV
2021-03-25,현대자동차,싼타페(SANTAFE),2021,SUV
2021-03-25,현대자동차,싼타페(SANTAFE),2021,SUV
2021-03-25,현대자동차,싼타페(SANTAFE),2021,SUV
2021-03-25,현대자동차,싼타페(SANTAFE),2021,SUV
2021-03-25,현대자동차,싼타페(SANTAFE),2021,SUV
2021-03-25,현대자동차,싼타페(SANTAFE),2021,SUV
2021-03-25,현대자동차,싼타페(SANTAFE),2021,SUV
2021-03-25,현대자동차,싼타페(SANTAFE),2021,SUV
2021-03-25,현대자동차,싼타페(SANTAFE),2021,SUV
2021-03-25,현대자동차,싼타페(SANTAFE),2021,SUV
2021-03-25,현대자동차,싼타페(SANTAFE),2021,SUV
2021-03-25,현대자동차,싼타페(SANTAFE),2021,SUV
2021-03-25,현대자동차,싼타페(SANTAFE),2021,SUV
2021-03-25,현대자동차,싼타페(SANTAFE),2021,SUV
2021-03-25,현대자동차,싼타페(SANTAFE),2021,SUV
2021-03-25,현대자동차,싼타페(SANTAFE),2021,SUV
2021-03-25,기아,쏘렌토,2021,SUV
2021-03-25,현대자동차,싼타페(SANTAFE),2021,SUV
2021-03-25,현대자동차,싼타페(SANTAFE),2021,SUV
2021-03-25,현대자동차,싼타페(SANTAFE),2021,SUV
2021-03-25,현대자동차,싼타페(SANTAFE),2021,SUV
2021-03-25,현대자동차,팰리세이드(PALISADE),2021,SUV
2021-03-25,현대자동차,싼타페(SANTAFE),2021,SUV
2021-03-25,현대자동차,싼타페(SANTAFE),2021,SUV
2021-03-25,현대자동차,싼타페(SANTAFE),2021,SUV
2021-03-25,현대자동차,싼타페(SANTAFE),2021,SUV
2021-03-25,현대자동차,싼타페(SANTAFE),2021,SUV
2021-03-25,현대자동차,싼타페(SANTAFE),2021,SUV
2021-03-25,현대자동차,싼타페(SANTAFE),2021,SUV
2021-03-25,현대자동차,싼타페(SANTAFE),2021,SUV
2021-03-25,현대자동차,싼타페(SANTAFE),2021,SUV
2021-03-25,현대자동차,싼타페(SANTAFE),2021,SUV
2021-03-25,현대자동차,싼타페(SANTAFE),2021,SUV
2021-03-25,현대자동차,싼타페(SANTAFE),2021,SUV
2021-03-25,현대자동차,싼타페(SANTAFE),2021,SUV
2021-03-25,현대자동차,싼타페(SANTAFE),2021,SUV
2021-03-25,현대자동차,싼타페(SANTAFE),2021,SUV
2021-03-25,현대자동차,싼타페(SANTAFE),2021,SUV
2021-03-26,현대자동차,팰리세이드(PALISADE),2021,SUV
2021-03-26,현대자동차,팰리세이드(PALISADE),2021,SUV
2021-03-25,현대자동차,싼타페(SANTAFE),2021,SUV
2021-03-26,현대자동차,싼타페(SANTAFE),2021,SUV
2021-03-26,현대자동차,싼타페(SANTAFE),2021,SUV
2021-03-25,현대자동차,싼타페(SANTAFE),2021,SUV
2021-03-25,현대자동차,싼타페(SANTAFE),2021,SUV
2021-03-26,현대자동차,싼타페(SANTAFE),2021,SUV
2021-03-26,현대자동차,싼타페(SANTAFE),2021,SUV
2021-03-26,현대자동차,싼타페(SANTAFE),2021,SUV
2021-03-25,현대자동차,싼타페(SANTAFE),2021,SUV
2021-03-25,현대자동차,싼타페(SANTAFE),2021,SUV
2021-03-25,현대자동차,싼타페(SANTAFE),2021,SUV
2021-03-25,현대자동차,싼타페(SANTAFE),2021,SUV
2021-03-25,현대자동차,싼타페(SANTAFE),2021,SUV
2021-03-25,현대자동차,싼타페(SANTAFE),2021,SUV
2021-03-25,현대자동차,싼타페(SANTAFE),2021,SUV
2021-03-25,현대자동차,싼타페(SANTAFE),2021,SUV
2021-03-25,현대자동차,싼타페(SANTAFE),2021,SUV
2021-03-26,현대자동차,싼타페(SANTAFE),2021,SUV
2021-03-25,현대자동차,싼타페(SANTAFE),2021,SUV
2021-03-25,현대자동차,싼타페(SANTAFE),2021,SUV
2021-03-25,현대자동차,싼타페(SANTAFE),2021,SUV
2021-03-25,현대자동차,싼타페(SANTAFE),2021,SUV
2021-03-25,현대자동차,싼타페(SANTAFE),2021,SUV
2021-03-25,현대자동차,싼타페(SANTAFE),2021,SUV
2021-03-25,현대자동차,싼타페(SANTAFE),2021,SUV
2021-03-25,현대자동차,싼타페(SANTAFE),2021,SUV
2021-03-25,현대자동차,싼타페(SANTAFE),2021,SUV
2021-03-25,현대자동차,싼타페(SANTAFE),2021,SUV
2021-03-25,현대자동차,싼타페(SANTAFE),2021,SUV
2021-03-25,현대자동차,싼타페(SANTAFE),2021,SUV
2021-03-25,현대자동차,싼타페(SANTAFE),2021,SUV
2021-03-25,기아,쏘렌토,2021,SUV
2021-03-25,현대자동차,싼타페(SANTAFE),2021,SUV
2021-03-25,현대자동차,싼타페(SANTAFE),2021,SUV
2021-03-25,현대자동차,싼타페(SANTAFE),2021,SUV
2021-03-25,현대자동차,싼타페(SANTAFE),2021,SUV
2021-03-25,현대자동차,싼타페(SANTAFE),2021,SUV
2021-03-25,현대자동차,싼타페(SANTAFE),2021,SUV
2021-03-25,현대자동차,싼타페(SANTAFE),2021,SUV
2021-03-25,현대자동차,팰리세이드(PALISADE),2021,SUV
2021-03-25,현대자동차,싼타페(SANTAFE),2021,SUV
2021-03-25,현대자동차,싼타페(SANTAFE),2021,SUV
2021-03-25,현대자동차,싼타페(SANTAFE),2021,SUV
2021-03-25,현대자동차,싼타페(SANTAFE),2021,SUV
2021-03-25,현대자동차,싼타페(SANTAFE),2021,SUV
2021-03-25,현대자동차,싼타페(SANTAFE),2021,SUV
2021-03-25,현대자동차,싼타페(SANTAFE),2021,SUV
2021-03-25,현대자동차,싼타페(SANTAFE),2021,SUV
2021-03-25,현대자동차,싼타페(SANTAFE),2021,SUV
2021-03-25,현대자동차,싼타페(SANTAFE),2021,SUV
2021-03-25,현대자동차,싼타페(SANTAFE),2021,SUV
2021-03-25,현대자동차,싼타페(SANTAFE),2021,SUV
2021-03-25,현대자동차,싼타페(SANTAFE),2021,SUV
2021-03-25,현대자동차,싼타페(SANTAFE),2021,SUV
2021-03-25,기아,카니발,2021,MPV/미니밴
2021-03-25,포드,Explorer 2.3 AWD,2016,SUV
2021-03-24,현대자동차,그랜드 스타렉스(GRAND STAREX),2020,MPV/미니밴
2021-03-25,기아,스포티지,2012,SUV
2021-03-22,현대자동차,투싼(TUCSON),2016,SUV
2021-03-24,현대자동차,팰리세이드(PALISADE),2021,SUV
2021-03-24,현대자동차,팰리세이드(PALISADE),2021,SUV
2021-03-22,현대자동차,팰리세이드(PALISADE),2021,SUV
2021-03-22,현대자동차,코나 일렉트릭 (KONA ELECTRIC),2020,SUV
2021-03-25,현대자동차,투싼(TUCSON),2012,SUV
2021-03-24,기아,쏘렌토,2021,SUV
2021-03-24,현대자동차,투싼(TUCSON),2021,SUV
2021-03-24,기아,카니발,2007,MPV/미니밴
2021-03-24,르노코리아,QM6,2020,SUV
2021-03-24,기아,쏘렌토,2021,SUV
2021-03-24,현대자동차,팰리세이드(PALISADE),2020,SUV
2021-03-24,기아,쏘렌토,2021,SUV
2021-03-23,기아,스포티지,2016,SUV
2021-03-23,현대자동차,싼타페(SANTAFE),2021,SUV
2021-03-23,현대자동차,싼타페(SANTAFE),2021,SUV
2021-03-23,현대자동차,싼타페(SANTAFE),2021,SUV
2021-03-23,현대자동차,싼타페(SANTAFE),2021,SUV
2021-03-23,현대자동차,싼타페(SANTAFE),2021,SUV
2021-03-24,현대자동차,싼타페(SANTAFE),2021,SUV
2021-03-23,기아,쏘렌토,2021,SUV
2021-03-23,기아,카니발,2021,MPV/미니밴
2021-03-23,기아,쏘렌토,2021,SUV
2021-03-23,르노코리아,XM3,2020,SUV
2021-03-24,현대자동차,GV80,2020,SUV
2021-03-23,현대자동차,GV80,2020,SUV
2021-03-23,르노코리아,QM3,2015,SUV
2021-03-23,현대자동차,팰리세이드(PALISADE),2021,SUV
2021-03-24,기아,쏘렌토,2021,SUV
2021-03-24,기아,쏘렌토,2021,SUV
2021-03-24,현대자동차,GV80,2020,SUV
2021-03-23,기아,쏘렌토,2021,SUV
2021-03-23,기아,쏘렌토,2021,SUV
2021-03-22,기아,쏘렌토,2021,SUV
2021-03-23,기아,쏘렌토,2021,SUV
2021-03-22,기아,쏘렌토,2021,SUV
2021-03-22,기아,쏘렌토,2021,SUV
2021-03-22,기아,쏘렌토,2021,SUV
2021-03-22,기아,쏘렌토,2021,SUV
2021-03-22,기아,쏘렌토,2021,SUV
2021-03-22,기아,쏘렌토,2021,SUV
2021-03-22,기아,카니발,2021,MPV/미니밴
2021-03-22,기아,쏘렌토,2021,SUV
2021-03-22,기아,쏘렌토,2021,SUV
2021-03-22,기아,쏘렌토,2021,SUV
2021-03-23,기아,쏘렌토,2021,SUV
2021-03-23,기아,쏘렌토,2021,SUV
2021-03-19,현대자동차,투싼(TUCSON),2012,SUV
2021-03-22,기아,쏘렌토,2021,SUV
2021-03-22,르노코리아,QM6,2020,SUV
2021-03-23,기아,카니발,2021,MPV/미니밴
2021-03-22,르노코리아,QM6,2020,SUV
2021-03-23,현대자동차,팰리세이드(PALISADE),2021,SUV
2021-03-22,기아,쏘렌토,2021,SUV
2021-03-22,기아,카니발,2021,MPV/미니밴
2021-03-22,기아,쏘렌토,2021,SUV
2021-03-19,현대자동차,팰리세이드(PALISADE),2021,SUV
2021-03-19,기아,카니발,2021,MPV/미니밴
2021-03-19,르노코리아,XM3,2020,SUV
2021-03-19,기아,쏘렌토,2021,SUV
2021-03-19,기아,카니발,2021,MPV/미니밴
2021-03-19,기아,카니발,2021,MPV/미니밴
2021-03-19,기아,카니발,2021,MPV/미니밴
2021-03-19,기아,쏘렌토,2021,SUV
2021-03-19,기아,카니발,2021,MPV/미니밴
2021-03-19,기아,카니발,2021,MPV/미니밴
2021-03-18,기아,스포티지,2016,SUV
2021-03-19,기아,쏘렌토,2021,SUV
2021-03-19,기아,카니발,2021,MPV/미니밴
2021-03-19,기아,쏘렌토,2021,SUV
2021-03-19,기아,쏘렌토,2021,SUV
2021-03-19,기아,쏘렌토,2021,SUV
2021-03-19,기아,쏘렌토,2021,SUV
2021-03-19,기아,쏘렌토,2021,SUV
2021-03-19,기아,쏘렌토,2021,SUV
2021-03-19,기아,쏘렌토,2021,SUV
2021-03-19,기아,쏘렌토,2021,SUV
2021-03-19,기아,쏘렌토,2021,SUV
2021-03-19,기아,쏘렌토,2021,SUV
2021-03-19,기아,쏘렌토,2021,SUV
2021-03-19,기아,쏘렌토,2021,SUV
2021-03-19,기아,쏘렌토,2021,SUV
2021-03-19,기아,쏘렌토,2021,SUV
2021-03-19,기아,쏘렌토,2021,SUV
2021-03-19,기아,쏘렌토,2021,SUV
2021-03-19,기아,쏘렌토,2021,SUV
2021-03-19,기아,쏘렌토,2021,SUV
2021-03-19,기아,쏘렌토,2021,SUV
2021-03-19,기아,쏘렌토,2021,SUV
2021-03-19,기아,쏘렌토,2021,SUV
2021-03-19,기아,쏘렌토,2021,SUV
2021-03-19,기아,쏘렌토,2021,SUV
2021-03-19,기아,쏘렌토,2021,SUV
2021-03-18,현대자동차,GV80,2020,SUV
2021-03-18,현대자동차,GV80,2020,SUV
2021-03-18,현대자동차,GV80,2020,SUV
2021-03-18,현대자동차,GV80,2020,SUV
2021-03-18,기아,모하비,2017,SUV
2021-03-18,현대자동차,GV80,2020,SUV
2021-03-18,현대자동차,GV80,2020,SUV
2021-03-18,현대자동차,GV80,2020,SUV
2021-03-18,현대자동차,GV80,2020,SUV
2021-03-18,현대자동차,GV80,2020,SUV
2021-03-18,현대자동차,GV80,2020,SUV
2021-03-18,현대자동차,GV80,2020,SUV
2021-03-17,현대자동차,GV80,2020,SUV
2021-03-17,현대자동차,GV80,2020,SUV
2021-03-17,현대자동차,팰리세이드(PALISADE),2021,SUV
2021-03-17,현대자동차,투싼(TUCSON),2016,SUV
2021-03-17,현대자동차,투싼(TUCSON),2016,SUV
2021-03-17,기아,카렌스,2016,MPV/미니밴
2021-03-17,현대자동차,싼타페(SANTAFE),2021,SUV
2021-03-15,현대자동차,코나 일렉트릭 (KONA ELECTRIC),2020,SUV
2021-03-16,기아,카니발,2021,MPV/미니밴
2021-03-16,기아,카니발,2021,MPV/미니밴
2021-03-16,기아,쏘렌토,2021,SUV
2021-03-16,현대자동차,팰리세이드(PALISADE),2021,SUV
2021-03-15,현대자동차,투싼(TUCSON),2016,SUV
2021-03-15,르노코리아,QM6,2019,SUV
2021-03-12,기아,스포티지,2019,SUV
2021-03-12,현대자동차,투싼(TUCSON),2017,SUV
2021-03-10,기아,쏘렌토,2020,SUV
2021-03-11,기아,모하비,2017,SUV
2021-03-10,현대자동차,투싼 하이브리드(TUCSON HYBRID),2021,SUV
2021-03-10,현대자동차,투싼 하이브리드(TUCSON HYBRID),2021,SUV
2021-03-10,기아,쏘렌토 하이브리드,2021,SUV
2021-03-10,현대자동차,투싼(TUCSON),2021,SUV
2021-03-10,르노코리아,QM6,2021,SUV
2021-03-09,현대자동차,팰리세이드(PALISADE),2021,SUV
2021-03-08,기아,니로 EV,2019,SUV
2021-03-09,KG 모빌리티,렉스턴,2016,SUV
2021-03-09,현대자동차,투싼 하이브리드(TUCSON HYBRID),2021,SUV
2021-03-08,KG 모빌리티,렉스턴스포츠,2020,SUV
2021-03-09,현대자동차,투싼(TUCSON),2017,SUV
2021-03-08,르노코리아,QM6,2017,SUV
2021-03-08,르노코리아,QM6,2017,SUV
2021-03-05,현대자동차,투싼(TUCSON),2021,SUV
2021-03-05,기아,쏘렌토,2013,SUV
2021-03-04,현대자동차,팰리세이드(PALISADE),2021,SUV
2021-03-03,현대자동차,투싼(TUCSON),2016,SUV
2021-03-03,기아,쏘렌토,2013,SUV
2021-03-03,현대자동차,팰리세이드(PALISADE),2021,SUV
2021-03-03,현대자동차,팰리세이드(PALISADE),2021,SUV
2021-03-03,현대자동차,팰리세이드(PALISADE),2021,SUV
2021-03-03,현대자동차,코나 일렉트릭 (KONA ELECTRIC),2019,SUV
2021-03-03,현대자동차,코나 일렉트릭 (KONA ELECTRIC),2019,SUV
2021-03-03,KG 모빌리티,티볼리,2020,SUV
2021-03-03,르노코리아,QM6,2020,SUV
2021-03-02,현대자동차,팰리세이드(PALISADE),2021,SUV
2021-03-02,현대자동차,팰리세이드(PALISADE),2021,SUV
2021-03-02,현대자동차,싼타페(SANTAFE),2021,SUV
2021-03-02,기아,쏘렌토 하이브리드,2021,SUV
2021-03-02,기아,쏘렌토 하이브리드,2021,SUV
2021-03-02,현대자동차,투싼 하이브리드(TUCSON HYBRID),2021,SUV
2021-03-02,현대자동차,팰리세이드(PALISADE),2021,SUV
2021-03-02,르노코리아,QM6,2021,SUV
2021-02-26,기아,카렌스,2015,MPV/미니밴
2021-02-26,현대자동차,팰리세이드(PALISADE),2021,SUV
2021-02-26,현대자동차,팰리세이드(PALISADE),2021,SUV
2021-02-26,현대자동차,팰리세이드(PALISADE),2021,SUV
2021-02-26,현대자동차,투싼 하이브리드(TUCSON HYBRID),2021,SUV
2021-02-26,현대자동차,투싼(TUCSON),2021,SUV
2021-02-25,현대자동차,팰리세이드(PALISADE),2021,SUV
2021-02-25,현대자동차,팰리세이드(PALISADE),2020,SUV
2021-02-25,현대자동차,팰리세이드(PALISADE),2021,SUV
2021-02-25,현대자동차,투싼(TUCSON),2017,SUV
2021-02-25,현대자동차,싼타페(SANTAFE),2013,SUV
2021-02-25,현대자동차,싼타페(SANTAFE),2013,SUV
2021-02-25,현대자동차,싼타페(SANTAFE),2013,SUV
2021-02-25,현대자동차,싼타페(SANTAFE),2013,SUV
2021-02-25,현대자동차,투싼(TUCSON),2017,SUV
2021-02-25,르노코리아,QM6,2020,SUV
2021-02-25,기아,쏘렌토 하이브리드,2021,SUV
2021-02-25,현대자동차,팰리세이드(PALISADE),2021,SUV
2021-02-24,현대자동차,팰리세이드(PALISADE),2021,SUV
2021-02-24,현대자동차,팰리세이드(PALISADE),2019,SUV
2021-02-24,현대자동차,팰리세이드(PALISADE),2021,SUV
2021-02-24,현대자동차,팰리세이드(PALISADE),2021,SUV
2021-02-23,르노코리아,QM6,2017,SUV
2021-02-24,KG 모빌리티,렉스턴,2021,SUV
2021-02-24,현대자동차,팰리세이드(PALISADE),2021,SUV
2021-02-24,현대자동차,팰리세이드(PALISADE),2021,SUV
2021-02-23,현대자동차,팰리세이드(PALISADE),2021,SUV
2021-02-22,현대자동차,투싼(TUCSON),2010,SUV
2021-02-23,현대자동차,팰리세이드(PALISADE),2020,SUV
2021-02-23,르노코리아,QM6,2019,SUV
2021-02-23,현대자동차,팰리세이드(PALISADE),2021,SUV
2021-02-23,르노코리아,QM6,2019,SUV
2021-02-22,KG 모빌리티,렉스턴,2021,SUV
2021-02-23,현대자동차,투싼(TUCSON),2021,SUV
2021-02-23,현대자동차,싼타페(SANTAFE),2021,SUV
2021-02-23,르노코리아,QM6,2017,SUV
2021-02-23,현대자동차,팰리세이드(PALISADE),2021,SUV
2021-02-23,현대자동차,투싼 하이브리드(TUCSON HYBRID),2021,SUV
2021-02-22,BMW,BMW X5 xDrive40d,2015,SUV
2021-02-22,현대자동차,팰리세이드(PALISADE),2021,SUV
2021-02-22,르노코리아,QM6,2020,SUV
2021-02-22,현대자동차,투싼 하이브리드(TUCSON HYBRID),2021,SUV
2021-02-22,현대자동차,투싼 하이브리드(TUCSON HYBRID),2021,SUV
2021-02-22,르노코리아,QM6,2020,SUV
2021-02-22,현대자동차,팰리세이드(PALISADE),2020,SUV
2021-02-22,기아,쏘렌토 하이브리드,2021,SUV
2021-02-22,현대자동차,투싼(TUCSON),2021,SUV
2021-02-22,현대자동차,투싼 하이브리드(TUCSON HYBRID),2021,SUV
2021-02-22,현대자동차,투싼(TUCSON),2021,SUV
2021-02-22,현대자동차,싼타페(SANTAFE),2021,SUV
2021-02-22,현대자동차,팰리세이드(PALISADE),2021,SUV
2021-02-19,현대자동차,팰리세이드(PALISADE),2021,SUV
2021-02-19,현대자동차,팰리세이드(PALISADE),2021,SUV
2021-02-22,현대자동차,투싼(TUCSON),2021,SUV
2021-02-22,르노코리아,QM6,2019,SUV
2021-02-22,기아,스포티지,2016,SUV
2021-02-19,현대자동차,투싼(TUCSON),2016,SUV
2021-02-19,BMW,BMW X5 xDrive30d xLine,2020,SUV
2021-02-19,현대자동차,투싼 하이브리드(TUCSON HYBRID),2021,SUV
2021-02-18,기아,쏘렌토,2021,SUV
2021-02-19,현대자동차,팰리세이드(PALISADE),2021,SUV
2021-02-19,기아,쏘렌토,2015,SUV
2021-02-18,현대자동차,팰리세이드(PALISADE),2021,SUV
2021-02-18,현대자동차,팰리세이드(PALISADE),2021,SUV
2021-02-18,현대자동차,팰리세이드(PALISADE),2021,SUV
2021-02-18,현대자동차,팰리세이드(PALISADE),2021,SUV
2021-02-18,현대자동차,팰리세이드(PALISADE),2021,SUV
2021-02-18,기아,모하비,2015,SUV
2021-02-18,현대자동차,팰리세이드(PALISADE),2021,SUV
2021-02-17,메르세데스 벤츠,GLC350 e 4Matic,2019,SUV
2021-02-17,현대자동차,팰리세이드(PALISADE),2021,SUV
2021-02-17,현대자동차,팰리세이드(PALISADE),2021,SUV
2021-02-17,현대자동차,팰리세이드(PALISADE),2021,SUV
2021-02-17,현대자동차,팰리세이드(PALISADE),2021,SUV
2021-02-17,현대자동차,팰리세이드(PALISADE),2021,SUV
2021-02-17,현대자동차,팰리세이드(PALISADE),2021,SUV
2021-02-17,현대자동차,팰리세이드(PALISADE),2021,SUV
2021-02-17,르노코리아,QM6,2020,SUV
2021-02-17,현대자동차,팰리세이드(PALISADE),2021,SUV
2021-02-17,현대자동차,팰리세이드(PALISADE),2021,SUV
2021-02-17,현대자동차,팰리세이드(PALISADE),2021,SUV
2021-02-17,현대자동차,팰리세이드(PALISADE),2021,SUV
2021-02-17,현대자동차,팰리세이드(PALISADE),2021,SUV
2021-02-17,현대자동차,팰리세이드(PALISADE),2021,SUV
2021-02-17,현대자동차,팰리세이드(PALISADE),2021,SUV
2021-02-17,기아,스포티지,2016,SUV
2021-02-16,현대자동차,싼타페(SANTAFE),2015,SUV
2021-02-17,현대자동차,팰리세이드(PALISADE),2021,SUV
2021-02-17,현대자동차,팰리세이드(PALISADE),2021,SUV
2021-02-17,기아,쏘렌토 하이브리드,2021,SUV
2021-02-16,현대자동차,투싼(TUCSON),2016,SUV
2021-02-16,현대자동차,팰리세이드(PALISADE),2021,SUV
2021-02-16,르노코리아,QM6,2020,SUV
2021-02-16,현대자동차,팰리세이드(PALISADE),2020,SUV
2021-02-16,현대자동차,팰리세이드(PALISADE),2020,SUV
2021-02-15,기아,쏘렌토 하이브리드,2021,SUV
2021-02-15,기아,카렌스,2016,MPV/미니밴
2021-02-15,현대자동차,팰리세이드(PALISADE),2019,SUV
2021-02-15,현대자동차,팰리세이드(PALISADE),2021,SUV
2021-02-15,현대자동차,팰리세이드(PALISADE),2020,SUV
2021-02-15,기아,스포티지,2016,SUV
2021-02-15,기아,쏘렌토 하이브리드,2021,SUV
2021-02-15,현대자동차,팰리세이드(PALISADE),2021,SUV
2021-02-15,현대자동차,팰리세이드(PALISADE),2021,SUV
2021-02-15,현대자동차,팰리세이드(PALISADE),2021,SUV
2021-02-15,현대자동차,팰리세이드(PALISADE),2021,SUV
2021-02-15,현대자동차,팰리세이드(PALISADE),2021,SUV
2021-02-10,르노코리아,QM6,2017,SUV
2021-02-10,KG 모빌리티,렉스턴,2021,SUV
2021-02-10,현대자동차,팰리세이드(PALISADE),2021,SUV
2021-02-09,KG 모빌리티,렉스턴,2014,SUV
2021-02-10,현대자동차,싼타페(SANTAFE),2019,SUV
2021-02-10,현대자동차,투싼(TUCSON),2012,SUV
2021-02-10,르노코리아,QM6,2020,SUV
2021-02-09,현대자동차,팰리세이드(PALISADE),2021,SUV
2021-02-09,현대자동차,팰리세이드(PALISADE),2021,SUV
2021-02-09,르노코리아,QM6,2020,SUV
2021-02-08,기아,쏘렌토 하이브리드,2021,SUV
2021-02-08,기아,니로 하이브리드,2020,SUV
2021-02-08,현대자동차,싼타페(SANTAFE),2018,SUV
2021-02-04,현대자동차,팰리세이드(PALISADE),2021,SUV
2021-02-04,기아,쏘렌토 하이브리드,2021,SUV
2021-02-04,현대자동차,팰리세이드(PALISADE),2021,SUV
2021-02-02,포드,Explorer 2.3,2020,SUV
2021-02-04,기아,쏘렌토,2018,SUV
2021-02-02,현대자동차,싼타페(SANTAFE),2012,SUV
2021-02-02,기아,카니발,2021,MPV/미니밴
2021-02-04,현대자동차,싼타페(SANTAFE),2015,SUV
2021-02-04,현대자동차,투싼 하이브리드(TUCSON HYBRID),2021,SUV
2021-02-02,현대자동차,팰리세이드(PALISADE),2021,SUV
2021-02-01,현대자동차,투싼 하이브리드(TUCSON HYBRID),2021,SUV
2021-02-02,현대자동차,팰리세이드(PALISADE),2021,SUV
2021-02-02,르노코리아,QM6,2019,SUV
2021-02-02,르노코리아,QM6,2020,SUV
2021-02-03,현대자동차,투싼(TUCSON),2021,SUV
2021-02-02,현대자동차,싼타페(SANTAFE),2019,SUV
2021-02-01,기아,카니발,2021,MPV/미니밴
2021-02-01,현대자동차,투싼(TUCSON),2021,SUV
2021-02-01,현대자동차,코나 일렉트릭 (KONA ELECTRIC),2019,SUV
2021-02-01,기아,쏘렌토 하이브리드,2021,SUV
2021-01-29,현대자동차,코나 일렉트릭 (KONA ELECTRIC),2019,SUV
2021-01-29,KG 모빌리티,렉스턴스포츠,2019,SUV
2021-01-29,르노코리아,QM6,2021,SUV
2021-01-29,현대자동차,투싼(TUCSON),2016,SUV
2021-01-29,현대자동차,투싼(TUCSON),2016,SUV
2021-01-29,현대자동차,코나 일렉트릭 (KONA ELECTRIC),2019,SUV
2021-01-29,르노코리아,XM3,2020,SUV
2021-01-29,현대자동차,투싼 하이브리드(TUCSON HYBRID),2021,SUV
2021-01-29,기아,쏘렌토 하이브리드,2021,SUV
2021-01-29,현대자동차,팰리세이드(PALISADE),2021,SUV
2021-01-29,현대자동차,코나 일렉트릭 (KONA ELECTRIC),2019,SUV
2021-01-29,현대자동차,코나 일렉트릭 (KONA ELECTRIC),2019,SUV
2021-01-29,현대자동차,코나 일렉트릭 (KONA ELECTRIC),2019,SUV
2021-01-28,현대자동차,팰리세이드(PALISADE),2021,SUV
2021-01-28,현대자동차,팰리세이드(PALISADE),2021,SUV
2021-01-28,현대자동차,팰리세이드(PALISADE),2021,SUV
2021-01-28,현대자동차,팰리세이드(PALISADE),2021,SUV
2021-01-27,기아,모하비,2020,SUV
2021-01-28,기아,쏘렌토 하이브리드,2021,SUV
2021-01-27,현대자동차,팰리세이드(PALISADE),2021,SUV
2021-01-27,르노코리아,QM6,2020,SUV
2021-01-26,볼보,볼보 XC90D5 AWD,2019,SUV
2021-01-27,현대자동차,팰리세이드(PALISADE),2021,SUV
2021-01-27,현대자동차,팰리세이드(PALISADE),2021,SUV
2021-01-27,현대자동차,팰리세이드(PALISADE),2021,SUV
2021-01-28,현대자동차,투싼(TUCSON),2017,SUV
2021-01-27,현대자동차,투싼(TUCSON),2019,SUV
2021-01-27,현대자동차,팰리세이드(PALISADE),2021,SUV
2021-01-27,현대자동차,팰리세이드(PALISADE),2021,SUV
2021-01-27,현대자동차,팰리세이드(PALISADE),2021,SUV
2021-01-27,현대자동차,팰리세이드(PALISADE),2020,SUV
2021-01-27,현대자동차,팰리세이드(PALISADE),2021,SUV
2021-01-27,현대자동차,팰리세이드(PALISADE),2021,SUV
2021-01-28,기아,쏘렌토 하이브리드,2021,SUV
2021-01-27,현대자동차,팰리세이드(PALISADE),2021,SUV
2021-01-27,현대자동차,투싼(TUCSON),2016,SUV
2021-01-26,현대자동차,팰리세이드(PALISADE),2021,SUV
2021-01-26,현대자동차,팰리세이드(PALISADE),2021,SUV
2021-01-26,현대자동차,팰리세이드(PALISADE),2021,SUV
2021-01-26,현대자동차,팰리세이드(PALISADE),2021,SUV
2021-01-26,현대자동차,팰리세이드(PALISADE),2021,SUV
2021-01-26,현대자동차,팰리세이드(PALISADE),2019,SUV
2021-01-26,현대자동차,팰리세이드(PALISADE),2021,SUV
2021-01-26,현대자동차,팰리세이드(PALISADE),2021,SUV
2021-01-26,현대자동차,팰리세이드(PALISADE),2021,SUV
2021-01-26,현대자동차,팰리세이드(PALISADE),2021,SUV
2021-01-26,현대자동차,팰리세이드(PALISADE),2021,SUV
2021-01-26,기아,쏘렌토 하이브리드,2021,SUV
2021-01-25,현대자동차,싼타페(SANTAFE),2014,SUV
2021-01-26,르노코리아,QM6,2018,SUV
2021-01-25,기아,쏘렌토 하이브리드,2021,SUV
2021-01-25,르노코리아,XM3,2020,SUV
2021-01-25,기아,쏘렌토 하이브리드,2021,SUV
2021-01-25,기아,쏘렌토 하이브리드,2021,SUV
2021-01-25,기아,쏘렌토 하이브리드,2021,SUV
2021-01-22,BMW,BMW X5 xDrive30d M Sport Package,2020,SUV
2021-01-22,르노코리아,QM6,2018,SUV
2021-01-25,르노코리아,QM6,2019,SUV
2021-01-22,현대자동차,투싼(TUCSON),2018,SUV
2021-01-22,기아,쏘렌토 하이브리드,2021,SUV
2021-01-22,르노코리아,QM6,2020,SUV
2021-01-21,르노코리아,QM6,2020,SUV
2021-01-22,기아,쏘렌토 하이브리드,2021,SUV
2021-01-22,기아,카니발,2015,MPV/미니밴
2021-01-21,기아,쏘렌토 하이브리드,2021,SUV
2021-01-20,포드,Explorer 2.3,2020,SUV
2021-01-20,현대자동차,팰리세이드(PALISADE),2021,SUV
2021-01-20,기아,쏘렌토,2018,SUV
2021-01-21,현대자동차,투싼(TUCSON),2017,SUV
2021-01-20,기아,쏘렌토 하이브리드,2021,SUV
2021-01-20,현대자동차,투싼(TUCSON),2016,SUV
2021-01-21,기아,쏘렌토 하이브리드,2021,SUV
2021-01-20,현대자동차,투싼(TUCSON),2016,SUV
2021-01-20,현대자동차,GV80,2020,SUV
2021-01-20,현대자동차,GV80,2020,SUV
2021-01-19,기아,쏘렌토 하이브리드,2021,SUV
2021-01-19,현대자동차,GV80,2020,SUV
2021-01-19,르노코리아,XM3,2020,SUV
2021-01-19,현대자동차,투싼(TUCSON),2016,SUV
2021-01-18,르노코리아,XM3,2020,SUV
2021-01-19,기아,쏘렌토,2018,SUV
2021-01-18,기아,쏘렌토 하이브리드,2021,SUV
2021-01-19,르노코리아,XM3,2020,SUV
2021-01-18,기아,쏘렌토 하이브리드,2021,SUV
2021-01-18,현대자동차,싼타페(SANTAFE),2014,SUV
2021-01-18,기아,쏘렌토 하이브리드,2021,SUV
2021-01-18,기아,쏘렌토 하이브리드,2021,SUV
2021-01-18,현대자동차,투싼(TUCSON),2021,SUV
2021-01-19,기아,쏘렌토 하이브리드,2021,SUV
2021-01-19,르노코리아,QM6,2017,SUV
2021-01-19,KG 모빌리티,렉스턴스포츠 칸,2019,SUV
2021-01-19,KG 모빌리티,렉스턴스포츠 칸,2019,SUV
2021-01-15,기아,니로 EV,2019,SUV
2021-01-15,현대자동차,싼타페(SANTAFE),2020,SUV
2021-01-15,르노코리아,XM3,2020,SUV
2021-01-14,기아,스포티지,2017,SUV
2021-01-18,르노코리아,QM6,2020,SUV
2021-01-20,기아,쏘렌토 하이브리드,2021,SUV
2021-01-18,현대자동차,팰리세이드(PALISADE),2021,SUV
2021-01-15,기아,쏘렌토 하이브리드,2021,SUV
2021-01-15,현대자동차,코나 일렉트릭 (KONA ELECTRIC),2019,SUV
2021-01-15,기아,카니발,2021,MPV/미니밴
2021-01-15,기아,스포티지,2017,SUV
2021-01-15,기아,스포티지,2017,SUV
2021-01-15,기아,쏘렌토 하이브리드,2021,SUV
2021-01-20,기아,모하비,2021,SUV
2021-01-18,르노코리아,QM6,2017,SUV
2021-01-15,기아,카렌스,2014,MPV/미니밴
2021-01-15,기아,카니발,2021,MPV/미니밴
2021-01-15,르노코리아,QM6,2020,SUV
2021-01-14,메르세데스 벤츠,GLK220 CDI 4Matic,2015,SUV
2021-01-14,기아,카니발,2019,MPV/미니밴
2021-01-14,르노코리아,QM6,2017,SUV
2021-01-14,현대자동차,투싼(TUCSON),2016,SUV
2021-01-14,기아,쏘렌토 하이브리드,2021,SUV
2021-01-14,현대자동차,투싼 하이브리드(TUCSON HYBRID),2021,SUV
2021-01-15,르노코리아,QM6,2020,SUV
2021-01-14,르노코리아,QM6,2020,SUV
2021-01-14,현대자동차,투싼 하이브리드(TUCSON HYBRID),2021,SUV
2021-01-13,르노코리아,QM6,2020,SUV
2021-01-13,기아,쏘렌토 하이브리드,2021,SUV
2021-01-14,기아,카니발,2021,MPV/미니밴
2021-01-13,기아,쏘렌토 하이브리드,2021,SUV
2021-01-13,르노코리아,XM3,2020,SUV
2021-01-13,기아,쏘렌토 하이브리드,2021,SUV
2021-01-13,기아,쏘렌토 하이브리드,2021,SUV
2021-01-13,르노코리아,QM6,2020,SUV
2021-01-13,르노코리아,QM6,2019,SUV
2021-01-13,기아,쏘렌토 하이브리드,2021,SUV
2021-01-13,르노코리아,QM6,2020,SUV
2021-01-13,기아,카니발,2021,MPV/미니밴
2021-01-13,르노코리아,QM6,2020,SUV
2021-01-12,기아,쏘렌토 하이브리드,2021,SUV
2021-01-12,현대자동차,팰리세이드(PALISADE),2021,SUV
2021-01-12,현대자동차,투싼(TUCSON),2019,SUV
2021-01-12,기아,스포티지,2016,SUV
2021-01-12,기아,카니발,2021,MPV/미니밴
2021-01-12,기아,카니발,2021,MPV/미니밴
2021-01-12,기아,카니발,2021,MPV/미니밴
2021-01-13,기아,모하비,2020,SUV
2021-01-12,기아,카니발,2021,MPV/미니밴
2021-01-11,기아,쏘렌토 하이브리드,2021,SUV
2021-01-11,기아,쏘렌토 하이브리드,2021,SUV
2021-01-11,기아,카니발,2021,MPV/미니밴
2021-01-11,르노코리아,QM6,2020,SUV
2021-01-11,기아,카니발,2021,MPV/미니밴
2021-01-11,르노코리아,QM6,2019,SUV
2021-01-11,현대자동차,투싼(TUCSON),2019,SUV
2021-01-08,르노코리아,QM6,2018,SUV
2021-01-08,기아,쏘렌토 하이브리드,2021,SUV
2021-01-08,르노코리아,QM6,2019,SUV
2021-01-08,르노코리아,QM6,2017,SUV
2021-01-07,기아,쏘렌토 하이브리드,2021,SUV
2021-01-07,르노코리아,QM6,2020,SUV
2021-01-07,기아,카니발,2015,MPV/미니밴
2021-01-07,기아,쏘렌토 하이브리드,2021,SUV
2021-01-07,르노코리아,QM6,2020,SUV
2021-01-07,르노코리아,QM6,2018,SUV
2021-01-07,르노코리아,QM6,2019,SUV
2021-01-07,르노코리아,QM6,2019,SUV
2021-01-07,르노코리아,QM6,2019,SUV
2021-01-07,르노코리아,QM6,2020,SUV
2021-01-07,르노코리아,QM6,2020,SUV
2021-01-07,기아,쏘렌토,2021,SUV
2021-01-07,기아,쏘렌토 하이브리드,2021,SUV
2021-01-07,기아,쏘렌토 하이브리드,2021,SUV
2021-01-07,르노코리아,QM6,2017,SUV
2021-01-07,르노코리아,QM6,2017,SUV
2021-01-07,기아,쏘렌토 하이브리드,2021,SUV
2021-01-07,기아,쏘렌토 하이브리드,2021,SUV
2021-01-07,기아,쏘렌토 하이브리드,2021,SUV
2021-01-06,르노코리아,QM6,2018,SUV
2021-01-06,현대자동차,투싼(TUCSON),2016,SUV
2021-01-06,르노코리아,QM6,2021,SUV
2021-01-06,르노코리아,QM6,2021,SUV
2021-01-06,기아,쏘렌토 하이브리드,2021,SUV
2021-01-06,르노코리아,QM6,2020,SUV
2021-01-06,르노코리아,QM6,2019,SUV
2021-01-06,KG 모빌리티,티볼리,2021,SUV
2021-01-05,르노코리아,QM6,2020,SUV
2021-01-06,현대자동차,GV80,2020,SUV
2021-01-06,르노코리아,QM6,2020,SUV
2021-01-06,기아,쏘렌토 하이브리드,2021,SUV
2021-01-05,현대자동차,코나 일렉트릭 (KONA ELECTRIC),2019,SUV
2021-01-06,현대자동차,투싼(TUCSON),2016,SUV
2021-01-06,기아,쏘렌토 하이브리드,2021,SUV
2021-01-07,르노코리아,XM3,2020,SUV
2021-01-06,기아,쏘렌토 하이브리드,2021,SUV
2021-01-06,기아,쏘렌토 하이브리드,2021,SUV
2021-01-06,기아,쏘렌토 하이브리드,2021,SUV
2021-01-06,현대자동차,팰리세이드(PALISADE),2021,SUV
2021-01-07,KG 모빌리티,티볼리,2017,SUV
2021-01-04,현대자동차,싼타페(SANTAFE),2019,SUV
2021-01-06,르노코리아,QM6,2021,SUV
2021-01-06,기아,쏘렌토,2021,SUV
2021-01-06,기아,쏘렌토 하이브리드,2021,SUV
2021-01-06,르노코리아,QM6,2020,SUV
2021-01-05,기아,쏘렌토 하이브리드,2021,SUV
2021-01-05,기아,쏘렌토 하이브리드,2021,SUV
2021-01-05,르노코리아,QM6,2021,SUV
2021-01-05,현대자동차,싼타페(SANTAFE),2013,SUV
2021-01-05,르노코리아,QM6,2018,SUV
2021-01-05,르노코리아,QM6,2019,SUV
2021-01-05,기아,쏘렌토 하이브리드,2021,SUV
2021-01-05,기아,쏘렌토 하이브리드,2021,SUV
2021-01-05,기아,쏘렌토 하이브리드,2021,SUV
2021-01-06,르노코리아,QM6,2017,SUV
2021-01-05,르노코리아,QM6,2017,SUV
2021-01-05,기아,쏘렌토,2021,SUV
2021-01-05,르노코리아,QM6,2019,SUV
2021-01-05,르노코리아,QM6,2019,SUV
2021-01-05,르노코리아,QM6,2019,SUV
2021-01-05,르노코리아,QM6,2019,SUV
2021-01-05,기아,쏘렌토 하이브리드,2021,SUV
2021-01-05,르노코리아,QM6,2019,SUV
2021-01-05,기아,카니발,2020,MPV/미니밴
2021-01-05,기아,쏘렌토 하이브리드,2021,SUV
2021-01-05,기아,쏘렌토,2021,SUV
2021-01-04,현대자동차,투싼 하이브리드(TUCSON HYBRID),2021,SUV
2021-01-04,기아,쏘렌토 하이브리드,2021,SUV
2021-01-04,기아,쏘렌토 하이브리드,2021,SUV
2021-01-04,기아,쏘렌토 하이브리드,2021,SUV
2021-01-04,기아,쏘렌토 하이브리드,2021,SUV
2021-01-05,기아,쏘렌토 하이브리드,2021,SUV
2021-01-04,기아,쏘렌토 하이브리드,2021,SUV
2021-01-04,기아,쏘렌토 하이브리드,2021,SUV
2021-01-04,기아,쏘렌토 하이브리드,2021,SUV
2021-01-04,기아,쏘렌토 하이브리드,2021,SUV
2021-01-04,현대자동차,투싼 하이브리드(TUCSON HYBRID),2021,SUV
2021-01-04,현대자동차,투싼(TUCSON),2016,SUV
2021-01-04,기아,쏘렌토 하이브리드,2021,SUV
2021-01-04,현대자동차,싼타페(SANTAFE),2015,SUV
2021-01-04,기아,쏘렌토 하이브리드,2021,SUV
2021-01-04,기아,쏘렌토 하이브리드,2021,SUV
2021-01-05,현대자동차,투싼(TUCSON),2021,SUV
2021-01-04,기아,쏘렌토 하이브리드,2021,SUV
2021-01-04,기아,쏘렌토 하이브리드,2021,SUV
2022-12-30,메르세데스 벤츠,Mercedes-Benz EQB300 4MATIC,2023,SUV
2022-12-30,KG 모빌리티,토레스,2023,SUV
2022-12-29,기아,니로 하이브리드,2021,SUV
2022-12-29,르노코리아,QM6,2017,SUV
2022-12-29,현대자동차,팰리세이드(PALISADE),2023,SUV
2022-12-28,기아,니로 EV,2022,SUV
2022-12-28,현대자동차,싼타페(SANTAFE),2014,SUV
2022-12-28,포드,Explorer 2.3 AWD,2016,SUV
2022-12-28,현대자동차,싼타페(SANTAFE),2013,SUV
2022-12-28,현대자동차,싼타페(SANTAFE),2022,SUV
2022-12-27,현대자동차,팰리세이드(PALISADE),2023,SUV
2022-12-26,기아,니로 하이브리드,2018,SUV
2022-12-26,메르세데스 벤츠,Mercedes-Benz GLA250 4MATIC,2021,SUV
2022-12-26,기아,니로 하이브리드,2017,SUV
2022-12-26,르노코리아,QM6,2017,SUV
2022-12-26,KG 모빌리티,렉스턴,2021,SUV
2022-12-27,현대자동차,스타리아 라운지 (STARIA LOUNGE),2022,MPV/미니밴
2022-12-26,재규어랜드로버,재규어 F-PACE 20d,2018,SUV
2022-12-23,르노코리아,QM3,2015,SUV
2022-12-26,KG 모빌리티,토레스,2023,SUV
2022-12-23,현대자동차,코나 N(KONA N),2022,SUV
2022-12-23,KG 모빌리티,토레스,2023,SUV
2022-12-23,KG 모빌리티,토레스,2023,SUV
2022-12-22,KG 모빌리티,렉스턴,2021,SUV
2022-12-22,KG 모빌리티,렉스턴,2022,SUV
2022-12-22,KG 모빌리티,렉스턴,2021,SUV
2022-12-22,KG 모빌리티,렉스턴,2021,SUV
2022-12-23,현대자동차,싼타페(SANTAFE),2013,SUV
2022-12-23,현대자동차,팰리세이드(PALISADE),2023,SUV
2022-12-23,르노코리아,QM6,2022,SUV
2022-12-21,메르세데스 벤츠,Mercedes-Benz GLB250 4MATIC,2021,SUV
2022-12-22,르노코리아,QM3,2014,SUV
2022-12-21,르노코리아,QM3,2014,SUV
2022-12-20,기아,쏘렌토,2021,SUV
2022-12-21,르노코리아,QM6,2017,SUV
2022-12-20,토요타,토요타 Sienna Hybrid AWD,2022,MPV/미니밴
2022-12-20,르노코리아,QM6,2017,SUV
2022-12-20,르노코리아,QM3,2015,SUV
2022-12-21,KG 모빌리티,토레스,2023,SUV
2022-12-20,BMW,BMW X5 xDrive40i,2022,SUV
2022-12-21,KG 모빌리티,토레스,2023,SUV
2022-12-19,KG 모빌리티,토레스,2023,SUV
2022-12-20,르노코리아,QM6,2017,SUV
2022-12-21,KG 모빌리티,토레스,2023,SUV
2022-12-21,르노코리아,QM6,2017,SUV
2022-12-21,르노코리아,QM6,2018,SUV
2022-12-19,KG 모빌리티,렉스턴스포츠 칸,2021,SUV
2022-12-19,KG 모빌리티,토레스,2023,SUV
2022-12-19,KG 모빌리티,토레스,2023,SUV
2022-12-19,KG 모빌리티,토레스,2023,SUV
2022-12-19,기아,쏘렌토 하이브리드,2023,SUV
2022-12-19,기아,쏘렌토 하이브리드,2023,SUV
2022-12-19,KG 모빌리티,토레스,2023,SUV
2022-12-19,현대자동차,투싼(TUCSON),2016,SUV
2022-12-19,KG 모빌리티,토레스,2023,SUV
2022-12-19,KG 모빌리티,토레스,2023,SUV
2022-12-19,KG 모빌리티,토레스,2023,SUV
2022-12-19,KG 모빌리티,토레스,2023,SUV
2022-12-19,현대자동차,팰리세이드(PALISADE),2019,SUV
2022-12-16,KG 모빌리티,토레스,2023,SUV
2022-12-16,KG 모빌리티,토레스,2023,SUV
2022-12-16,기아,카니발,2019,MPV/미니밴
2022-12-16,KG 모빌리티,토레스,2023,SUV
2022-12-16,기아,쏘렌토,2017,SUV
2022-12-16,KG 모빌리티,토레스,2023,SUV
2022-12-16,KG 모빌리티,토레스,2023,SUV
2022-12-16,KG 모빌리티,토레스,2023,SUV
2022-12-16,KG 모빌리티,토레스,2023,SUV
2022-12-16,KG 모빌리티,토레스,2023,SUV
2022-12-16,KG 모빌리티,토레스,2023,SUV
2022-12-16,KG 모빌리티,토레스,2023,SUV
2022-12-16,KG 모빌리티,토레스,2023,SUV
2022-12-16,KG 모빌리티,토레스,2023,SUV
2022-12-16,KG 모빌리티,토레스,2023,SUV
2022-12-15,KG 모빌리티,토레스,2023,SUV
2022-12-15,KG 모빌리티,토레스,2023,SUV
2022-12-15,KG 모빌리티,토레스,2023,SUV
2022-12-15,KG 모빌리티,토레스,2023,SUV
2022-12-15,KG 모빌리티,토레스,2023,SUV
2022-12-15,현대자동차,코나 일렉트릭 (KONA ELECTRIC),2019,SUV
2022-12-15,KG 모빌리티,토레스,2023,SUV
2022-12-15,KG 모빌리티,토레스,2023,SUV
2022-12-15,KG 모빌리티,토레스,2023,SUV
2022-12-13,메르세데스 벤츠,Mercedes-Benz GLA250 4MATIC,2020,SUV
2022-12-15,르노코리아,QM6,2017,SUV
2022-12-14,메르세데스 벤츠,GLK220 CDI 4Matic,2013,SUV
2022-12-14,KG 모빌리티,토레스,2023,SUV
2022-12-14,르노코리아,QM3,2018,SUV
2022-12-29,BMW,BMW X5 xDrive40i,2023,SUV
2022-12-12,현대자동차,스타리아 라운지 (STARIA LOUNGE),2022,MPV/미니밴
2022-12-13,르노코리아,QM6,2017,SUV
2022-12-13,KG 모빌리티,토레스,2023,SUV
2022-12-12,KG 모빌리티,토레스,2023,SUV
2022-12-12,메르세데스 벤츠,Mercedes-Benz GLB250 4MATIC,2021,SUV
2022-12-12,기아,니로 하이브리드,2022,SUV
2022-12-13,기아,니로 하이브리드,2022,SUV
2022-12-12,르노코리아,QM6,2020,SUV
2022-12-12,KG 모빌리티,토레스,2023,SUV
2022-12-12,KG 모빌리티,토레스,2023,SUV
2022-12-12,KG 모빌리티,토레스,2023,SUV
2022-12-12,르노코리아,QM6,2018,SUV
2022-12-08,재규어랜드로버,재규어 F-PACE 20d,2017,SUV
2022-12-09,재규어랜드로버,재규어 F-PACE 20d AWD,2019,SUV
2022-12-09,메르세데스 벤츠,GLC350 e 4Matic,2019,SUV
2022-12-08,KG 모빌리티,토레스,2023,SUV
2022-12-08,메르세데스 벤츠,GLC350 e 4Matic,2019,SUV
2022-12-08,포드,Explorer 2.3 AWD,2017,SUV
2022-12-08,현대자동차,스타리아 (STARIA),2022,MPV/미니밴
2022-12-08,기아,쏘렌토,2016,SUV
2022-12-07,기아,쏘렌토 하이브리드,2023,SUV
2022-12-07,KG 모빌리티,토레스,2023,SUV
2022-12-08,KG 모빌리티,토레스,2023,SUV
2022-12-07,KG 모빌리티,토레스,2023,SUV
2022-12-07,KG 모빌리티,토레스,2023,SUV
2022-12-07,KG 모빌리티,토레스,2023,SUV
2022-12-07,현대자동차,GV80,2022,SUV
2022-12-07,KG 모빌리티,토레스,2023,SUV
2022-12-07,KG 모빌리티,토레스,2023,SUV
2022-12-06,KG 모빌리티,토레스,2023,SUV
2022-12-06,기아,모하비,2018,SUV
2022-12-06,기아,스포티지,2018,SUV
2022-12-06,KG 모빌리티,토레스,2023,SUV
2022-12-06,KG 모빌리티,토레스,2023,SUV
2022-12-06,KG 모빌리티,토레스,2023,SUV
2022-12-06,포드,Explorer 2.3,2021,SUV
2022-12-06,KG 모빌리티,토레스,2023,SUV
2022-12-06,KG 모빌리티,토레스,2023,SUV
2022-12-06,KG 모빌리티,토레스,2023,SUV
2022-12-06,KG 모빌리티,토레스,2023,SUV
2022-12-06,KG 모빌리티,토레스,2023,SUV
2022-12-06,KG 모빌리티,토레스,2023,SUV
2022-12-06,KG 모빌리티,토레스,2023,SUV
2022-12-05,KG 모빌리티,토레스,2023,SUV
2022-12-05,KG 모빌리티,토레스,2023,SUV
2022-12-06,KG 모빌리티,토레스,2023,SUV
2022-12-05,KG 모빌리티,토레스,2023,SUV
2022-12-05,KG 모빌리티,토레스,2023,SUV
2022-12-05,KG 모빌리티,토레스,2023,SUV
2022-12-05,KG 모빌리티,토레스,2023,SUV
2022-12-05,현대자동차,싼타페(SANTAFE),2021,SUV
2022-12-05,기아,스포티지 하이브리드,2022,SUV
2022-12-05,기아,카니발,2021,MPV/미니밴
2022-12-05,KG 모빌리티,토레스,2023,SUV
2022-12-05,기아,쏘렌토 하이브리드,2022,SUV
2022-12-06,KG 모빌리티,토레스,2023,SUV
2022-12-06,KG 모빌리티,토레스,2023,SUV
2022-12-06,기아,스포티지,2016,SUV
2022-12-06,기아,스포티지,2016,SUV
2022-12-05,기아,스포티지,2015,SUV
2022-12-05,KG 모빌리티,렉스턴,2021,SUV
2022-12-05,기아,스포티지 하이브리드,2022,SUV
2022-12-01,KG 모빌리티,렉스턴,2021,SUV
2022-12-02,KG 모빌리티,렉스턴,2021,SUV
2022-12-01,KG 모빌리티,렉스턴,2021,SUV
2022-12-02,기아,쏘렌토 하이브리드,2022,SUV
2022-12-01,재규어랜드로버,재규어 F-PACE 20d,2017,SUV
2022-12-01,재규어랜드로버,재규어 F-PACE 20d,2018,SUV
2022-12-01,재규어랜드로버,재규어 F-PACE 20d,2017,SUV
2022-12-02,기아,스포티지 하이브리드,2022,SUV
2022-11-30,KG 모빌리티,G4 렉스턴,2018,SUV
2022-12-01,현대자동차,투싼 하이브리드(TUCSON HYBRID),2021,SUV
2022-11-30,르노코리아,QM3,2016,SUV
2022-11-30,KG 모빌리티,렉스턴,2013,SUV
2022-11-30,기아,쏘렌토 하이브리드,2021,SUV
2022-11-29,기아,쏘렌토,2021,SUV
2022-12-01,기아,쏘렌토 하이브리드,2021,SUV
2022-11-30,르노코리아,QM6,2019,SUV
2022-11-30,현대자동차,투싼(TUCSON),2016,SUV
2022-11-29,현대자동차,싼타페(SANTAFE),2021,SUV
2022-11-29,현대자동차,투싼(TUCSON),2016,SUV
2022-11-29,기아,그랜드 카니발,2012,MPV/미니밴
2022-11-29,기아,스포티지 하이브리드,2023,SUV
2022-11-29,기아,쏘렌토 하이브리드,2021,SUV
2022-11-29,기아,쏘렌토 하이브리드,2022,SUV
2022-11-29,기아,쏘렌토 하이브리드,2021,SUV
2022-11-28,기아,쏘렌토 하이브리드,2021,SUV
2022-11-29,기아,쏘렌토,2021,SUV
2022-11-29,기아,쏘렌토 하이브리드,2021,SUV
2022-11-29,기아,쏘렌토 하이브리드,2022,SUV
2022-11-29,기아,쏘렌토 하이브리드,2022,SUV
2022-11-29,기아,스포티지 하이브리드,2022,SUV
2022-11-29,기아,쏘렌토 하이브리드,2023,SUV
2022-11-28,기아,쏘렌토 하이브리드,2021,SUV
2022-11-28,기아,쏘렌토 하이브리드,2021,SUV
2022-11-28,기아,스포티지,2023,SUV
2022-11-28,기아,쏘렌토 하이브리드,2021,SUV
2022-11-28,기아,쏘렌토 하이브리드,2022,SUV
2022-11-28,현대자동차,투싼(TUCSON),2016,SUV
2022-11-28,메르세데스 벤츠,GLC350 e 4Matic,2019,SUV
2022-11-28,기아,쏘렌토 하이브리드,2021,SUV
2022-11-28,기아,쏘렌토 하이브리드,2021,SUV
2022-11-28,기아,쏘렌토 하이브리드,2022,SUV
2022-11-28,기아,니로 EV,2019,SUV
2022-11-28,기아,니로 EV,2019,SUV
2022-11-28,현대자동차,투싼(TUCSON),2016,SUV
2022-11-25,기아,쏘렌토 하이브리드,2022,SUV
2022-11-25,기아,쏘렌토 하이브리드,2022,SUV
2022-11-25,기아,쏘렌토 하이브리드,2022,SUV
2022-11-25,토요타,토요타 RAV4 2WD,2018,SUV
2022-11-24,현대자동차,투싼 하이브리드(TUCSON HYBRID),2021,SUV
2022-11-24,메르세데스 벤츠,GLC350 e 4Matic,2019,SUV
2022-11-23,기아,쏘렌토,2018,SUV
2022-11-24,기아,스포티지 하이브리드,2022,SUV
2022-11-23,르노코리아,QM3,2015,SUV
2022-11-23,현대자동차,투싼 하이브리드(TUCSON HYBRID),2021,SUV
2022-11-23,현대자동차,GV70,2023,SUV
2022-11-22,르노코리아,QM6,2018,SUV
2022-11-23,포드,Explorer 3.0 PHEV,2020,SUV
2022-11-23,현대자동차,코나 일렉트릭 (KONA ELECTRIC),2019,SUV
2022-11-23,기아,쏘렌토 하이브리드,2021,SUV
2022-11-22,르노코리아,QM6,2019,SUV
2022-11-22,기아,스포티지 하이브리드,2022,SUV
2022-11-22,기아,니로 하이브리드,2020,SUV
2022-11-21,포드,Explorer 2.3,2020,SUV
2022-11-21,기아,스포티지 하이브리드,2022,SUV
2022-11-21,현대자동차,싼타페(SANTAFE),2015,SUV
2022-11-21,르노코리아,QM3,2014,SUV
2022-11-21,현대자동차,싼타페(SANTAFE),2013,SUV
2022-11-21,현대자동차,스타리아 라운지 (STARIA LOUNGE),2022,MPV/미니밴
2022-11-18,르노코리아,QM3,2016,SUV
2022-11-18,르노코리아,QM3,2016,SUV
2022-11-18,르노코리아,QM3,2016,SUV
2022-11-18,르노코리아,QM3,2016,SUV
2022-11-18,기아,쏘렌토 하이브리드,2021,SUV
2022-11-18,현대자동차,싼타페(SANTAFE),2015,SUV
2022-11-18,기아,쏘렌토 하이브리드,2021,SUV
2022-11-18,볼보,볼보 XC90D5 AWD,2017,SUV
2022-11-18,기아,쏘렌토 하이브리드,2021,SUV
2022-11-18,르노코리아,QM6,2021,SUV
2022-11-18,기아,쏘렌토,2022,SUV
2022-11-17,혼다코리아,ODYSSEY,2019,MPV/미니밴
2022-11-15,기아,스포티지 하이브리드,2023,SUV
2022-11-17,현대자동차,팰리세이드(PALISADE),2023,SUV
2022-11-17,르노코리아,QM6,2023,SUV
2022-11-16,볼보,볼보 XC90T8 AWD,2022,SUV
2022-11-16,KG 모빌리티,토레스,2023,SUV
2022-11-16,포드,Explorer 2.3L,2022,SUV
2022-11-17,혼다코리아,ODYSSEY,2022,MPV/미니밴
2022-11-14,기아,쏘렌토,2015,SUV
2022-11-14,BMW,BMW X5 xDrive40i,2022,SUV
2022-11-14,르노코리아,QM6,2017,SUV
2022-11-14,현대자동차,싼타페(SANTAFE),2016,SUV
2022-11-14,르노코리아,QM3,2016,SUV
2022-11-14,BMW,BMW X7 xDrive40i,2022,SUV
2022-11-17,현대자동차,코나 하이브리드(KONA HYBRID),2021,SUV
2022-11-16,르노코리아,QM3,2015,SUV
2022-11-17,BMW,BMW X7 xDrive40i,2022,SUV
2022-11-14,현대자동차,코나 일렉트릭 (KONA ELECTRIC),2019,SUV
2022-11-11,기아,쏘렌토,2018,SUV
2022-11-11,재규어랜드로버,재규어 F-PACE 20d,2017,SUV
2022-11-10,KG 모빌리티,티볼리 에어,2017,SUV
2022-11-11,포드,Explorer 2.3,2021,SUV
2022-11-09,기아,스포티지,2023,SUV
2022-11-10,BMW,BMW X5 xDrive30d,2022,SUV
2022-11-10,현대자동차,스타리아 라운지 (STARIA LOUNGE),2022,MPV/미니밴
2022-11-10,KG 모빌리티,렉스턴스포츠 칸,2021,SUV
2022-11-10,기아,니로 하이브리드,2017,SUV
2022-11-10,기아,니로 EV,2019,SUV
2022-11-10,재규어랜드로버,재규어 F-PACE 20d,2018,SUV
2022-11-09,기아,쏘렌토,2022,SUV
2022-11-09,현대자동차,팰리세이드(PALISADE),2023,SUV
2022-11-09,현대자동차,스타리아 (STARIA),2022,MPV/미니밴
2022-11-10,기아,스포티지,2022,SUV
2022-11-09,기아,니로 하이브리드,2020,SUV
2022-11-09,기아,니로 하이브리드,2020,SUV
2022-11-09,현대자동차,스타리아 라운지 (STARIA LOUNGE),2022,MPV/미니밴
2022-11-08,메르세데스 벤츠,GLC350 e 4Matic,2018,SUV
2022-11-08,현대자동차,GV80,2020,SUV
2022-11-08,르노코리아,XM3,2021,SUV
2022-11-08,토요타,토요타 Sienna Hybrid 2WD,2022,MPV/미니밴
2022-11-08,토요타,토요타 Sienna Hybrid 2WD,2022,MPV/미니밴
2022-11-07,기아,니로 하이브리드,2017,SUV
2022-11-07,기아,쏘렌토 하이브리드,2022,SUV
2022-11-07,현대자동차,팰리세이드(PALISADE),2020,SUV
2022-11-03,재규어랜드로버,재규어 F-PACE 20d,2018,SUV
2022-11-09,BMW,BMW X5 xDrive40i,2022,SUV
2022-11-08,기아,카니발,2015,MPV/미니밴
2022-11-08,르노코리아,QM6,2017,SUV
2022-11-03,현대자동차,스타리아 라운지 (STARIA LOUNGE),2022,MPV/미니밴
2022-11-03,재규어랜드로버,재규어 F-PACE 20d,2017,SUV
2022-11-02,기아,스포티지 하이브리드,2022,SUV
2022-11-03,KG 모빌리티,토레스,2023,SUV
2022-11-03,KG 모빌리티,토레스,2023,SUV
2022-11-08,르노코리아,QM6,2018,SUV
2022-11-08,르노코리아,QM3,2015,SUV
2022-11-08,기아,쏘렌토,2021,SUV
2022-11-08,기아,카니발,2022,MPV/미니밴
2022-11-07,KG 모빌리티,티볼리 에어,2016,SUV
2022-11-01,BMW,BMW X5 xDrive30d xLine,2019,SUV
2022-11-02,BMW,BMW X5 xDrive40i,2022,SUV
2022-11-02,기아,니로 하이브리드,2017,SUV
2022-11-02,현대자동차,팰리세이드(PALISADE),2021,SUV
2022-11-01,KG 모빌리티,티볼리,2016,SUV
2022-10-31,BMW,BMW X5 xDrive30d xLine,2020,SUV
2022-10-31,르노코리아,QM3,2017,SUV
2022-10-31,BMW,BMW X5 xDrive40i,2022,SUV
2022-10-31,BMW,BMW X5 xDrive40i,2021,SUV
2022-10-31,BMW,BMW X5 xDrive40i,2022,SUV
2022-11-01,KG 모빌리티,티볼리 에어,2019,SUV
2022-10-31,현대자동차,싼타페(SANTAFE),2014,SUV
2022-10-31,르노코리아,QM3,2015,SUV
2022-10-28,현대자동차,싼타페(SANTAFE),2013,SUV
2022-10-28,현대자동차,투싼 하이브리드(TUCSON HYBRID),2022,SUV
2022-10-27,기아,니로 EV,2022,SUV
2022-10-28,르노코리아,QM6,2023,SUV
2022-10-28,기아,카니발,2019,MPV/미니밴
2022-10-28,현대자동차,싼타페(SANTAFE),2020,SUV
2022-10-28,르노코리아,QM6,2017,SUV
2022-10-27,르노코리아,QM3,2015,SUV
2022-10-27,현대자동차,팰리세이드(PALISADE),2023,SUV
2022-10-25,현대자동차,싼타페(SANTAFE),2018,SUV
2022-10-25,현대자동차,싼타페(SANTAFE),2013,SUV
2022-10-26,르노코리아,QM3,2015,SUV
2022-10-26,기아,니로 EV,2023,SUV
2022-10-26,기아,니로 EV,2019,SUV
2022-10-25,메르세데스 벤츠,GLC350 e 4Matic,2019,SUV
2022-10-25,기아,니로 EV,2019,SUV
2022-10-24,기아,스포티지,2023,SUV
2022-10-24,현대자동차,스타리아 라운지 (STARIA LOUNGE),2022,MPV/미니밴
2022-10-24,르노코리아,QM6,2017,SUV
2022-10-21,기아,카니발,2021,MPV/미니밴
2022-10-21,기아,쏘렌토 하이브리드,2021,SUV
2022-10-21,기아,쏘렌토 하이브리드,2022,SUV
2022-10-20,기아,쏘렌토 하이브리드,2021,SUV
2022-10-20,재규어랜드로버,재규어 F-PACE 20d,2017,SUV
2022-10-19,기아,카니발,2017,MPV/미니밴
2022-10-19,르노코리아,QM3,2015,SUV
2022-10-18,포드,Explorer 2.3L,2022,SUV
2022-10-18,기아,니로 EV,2019,SUV
2022-10-18,르노코리아,QM3,2014,SUV
2022-10-18,현대자동차,스타리아 (STARIA),2022,MPV/미니밴
2022-10-18,르노코리아,QM3,2014,SUV
2022-10-18,르노코리아,QM6,2017,SUV
2022-10-18,메르세데스 벤츠,Mercedes-Benz GLE450 4MATIC,2021,SUV
2022-10-17,포드,Explorer 2.3,2021,SUV
2022-10-17,기아,니로 EV,2019,SUV
2022-10-17,기아,니로 EV,2019,SUV
2022-10-17,기아,쏘렌토,2021,SUV
2022-10-14,포드,Explorer 2.3 AWD,2017,SUV
2022-10-14,현대자동차,싼타페(SANTAFE),2013,SUV
2022-10-14,현대자동차,싼타페(SANTAFE),2019,SUV
2022-10-13,르노코리아,QM3,2014,SUV
2022-10-14,현대자동차,팰리세이드(PALISADE),2023,SUV
2022-10-14,르노코리아,QM6,2017,SUV
2022-10-14,KG 모빌리티,티볼리,2021,SUV
2022-10-13,현대자동차,투싼(TUCSON),2014,SUV
2022-10-13,르노코리아,QM3,2015,SUV
2022-10-13,기아,니로 하이브리드,2018,SUV
2022-10-13,기아,스포티지 하이브리드,2022,SUV
2022-10-13,현대자동차,투싼(TUCSON) 수소연료전지,2016,SUV
2022-10-13,현대자동차,그랜드스타렉스(GRAND STAREX),2009,MPV/미니밴
2022-10-13,르노코리아,QM6,2020,SUV
2022-10-13,르노코리아,QM3,2015,SUV
2022-10-13,메르세데스 벤츠,Mercedes-Benz GLB250 4MATIC,2020,SUV
2022-10-13,르노코리아,QM6,2017,SUV
2022-10-12,기아,니로 EV,2020,SUV
2022-10-12,메르세데스 벤츠,GLC350 e 4Matic,2019,SUV
2022-10-12,기아,스포티지,2022,SUV
2022-10-12,기아,쏘렌토 하이브리드,2022,SUV
2022-10-12,기아,카니발,2021,MPV/미니밴
2022-10-12,르노코리아,QM3,2015,SUV
2022-10-12,현대자동차,스타리아 라운지 (STARIA LOUNGE),2022,MPV/미니밴
2022-10-11,현대자동차,싼타페(SANTAFE),2015,SUV
2022-10-11,기아,니로 EV,2019,SUV
2022-10-11,포드,Explorer 2.3,2021,SUV
2022-10-07,기아,니로 EV,2020,SUV
2022-10-07,기아,쏘렌토 하이브리드,2021,SUV
2022-10-11,메르세데스 벤츠,GLC350 e 4Matic,2019,SUV
2022-10-11,르노코리아,QM3,2015,SUV
2022-10-11,기아,그랜드카니발,2006,MPV/미니밴
2022-10-11,현대자동차,코나 일렉트릭 (KONA ELECTRIC),2019,SUV
2022-10-11,기아,니로 하이브리드,2020,SUV
2022-10-07,포드,Explorer 2.3L,2022,SUV
2022-10-07,포드,Explorer 2.3 AWD,2017,SUV
2022-10-07,기아,쏘렌토,2014,SUV
2022-10-06,메르세데스 벤츠,GLC350 e 4Matic,2019,SUV
2022-10-06,기아,스포티지 하이브리드,2022,SUV
2022-10-06,기아,스포티지 하이브리드,2023,SUV
2022-10-06,현대자동차,스타리아 라운지 (STARIA LOUNGE),2022,MPV/미니밴
2022-10-06,기아,니로 하이브리드,2018,SUV
2022-10-06,기아,카니발,2016,MPV/미니밴
2022-10-06,KG 모빌리티,렉스턴스포츠 칸,2019,SUV
2022-10-11,현대자동차,싼타페(SANTAFE),2021,SUV
2022-10-06,르노코리아,QM3,2014,SUV
2022-10-04,메르세데스 벤츠,GLC350 e 4Matic,2019,SUV
2022-10-06,기아,쏘렌토,2022,SUV
2022-10-04,기아,니로 플러스,2023,SUV
2022-10-06,기아,카니발,2016,MPV/미니밴
2022-10-05,기아,쏘렌토,2021,SUV
2022-10-05,기아,니로 EV,2019,SUV
2022-10-05,기아,니로 EV,2019,SUV
2022-10-05,KG 모빌리티,티볼리 에어,2019,SUV
2022-10-04,르노코리아,QM6,2017,SUV
2022-10-04,현대자동차,팰리세이드(PALISADE),2023,SUV
2022-10-04,르노코리아,QM6,2017,SUV
2022-10-04,현대자동차,싼타페(SANTAFE),2018,SUV
2022-10-04,르노코리아,QM6,2017,SUV
2022-10-04,메르세데스 벤츠,GLC350 e 4Matic,2019,SUV
2022-10-04,메르세데스 벤츠,GLC350 e 4Matic,2019,SUV
2022-10-04,기아,쏘렌토 하이브리드,2022,SUV
2022-09-29,기아,카니발,2023,MPV/미니밴
2022-09-29,현대자동차,코나(KONA),2018,SUV
2022-09-30,현대자동차,팰리세이드(PALISADE),2023,SUV
2022-09-30,기아,쏘렌토,2021,SUV
2022-09-30,르노코리아,QM6,2017,SUV
2022-09-30,기아,쏘렌토 하이브리드,2021,SUV
2022-09-29,KG 모빌리티,토레스,2023,SUV
2022-09-28,재규어랜드로버,재규어 F-PACE 20d,2018,SUV
2022-09-28,KG 모빌리티,티볼리 에어,2019,SUV
2022-09-28,르노코리아,QM6,2017,SUV
2022-09-28,르노코리아,QM6,2018,SUV
2022-09-27,기아,카니발,2016,MPV/미니밴
2022-09-28,르노코리아,QM6,2017,SUV
2022-09-28,포드,Explorer 2.3 AWD,2016,SUV
2022-09-28,기아,쏘렌토 하이브리드,2021,SUV
2022-09-27,현대자동차,싼타페(SANTAFE),2013,SUV
2022-09-27,르노코리아,QM3,2014,SUV
2022-09-27,르노코리아,QM6,2017,SUV
2022-09-26,기아,쏘렌토,2021,SUV
2022-09-26,메르세데스 벤츠,Mercedes-Benz GLB250 4MATIC,2021,SUV
2022-09-26,메르세데스 벤츠,GLC350 e 4Matic,2019,SUV
2022-09-26,르노코리아,QM3,2017,SUV
2022-09-26,르노코리아,QM3,2015,SUV
2022-09-23,메르세데스 벤츠,GLC350 e 4Matic,2019,SUV
2022-09-23,메르세데스 벤츠,GLC350 e 4Matic,2019,SUV
2022-09-23,메르세데스 벤츠,Mercedes-Benz GLB250 4MATIC,2021,SUV
2022-09-23,기아,쏘렌토,2021,SUV
2022-09-23,르노코리아,QM6,2017,SUV
2022-09-22,르노코리아,QM3,2014,SUV
2022-09-22,재규어랜드로버,재규어 F-PACE 20d,2017,SUV
2022-09-22,메르세데스 벤츠,Mercedes-Benz GLB250 4MATIC,2020,SUV
2022-09-22,기아,카니발,2021,MPV/미니밴
2022-09-22,르노코리아,QM3,2014,SUV
2022-09-22,르노코리아,QM3,2015,SUV
2022-09-21,기아,쏘렌토 하이브리드,2022,SUV
2022-09-21,르노코리아,QM3,2014,SUV
2022-09-21,르노코리아,QM3,2014,SUV
2022-09-21,르노코리아,QM6,2017,SUV
2022-09-21,현대자동차,코나 일렉트릭 (KONA ELECTRIC),2019,SUV
2022-09-21,메르세데스 벤츠,GLC350 e 4Matic,2019,SUV
2022-09-21,현대자동차,싼타페(SANTAFE),2014,SUV
2022-09-20,포드,Explorer 2.3 AWD,2016,SUV
2022-09-20,기아,니로 하이브리드,2018,SUV
2022-09-20,르노코리아,QM6,2018,SUV
2022-09-20,르노코리아,QM6,2018,SUV
2022-09-19,기아,카니발,2022,MPV/미니밴
2022-09-20,메르세데스 벤츠,GLC350 e 4Matic,2019,SUV
2022-09-21,메르세데스 벤츠,GLC350 e 4Matic,2019,SUV
2022-09-21,르노코리아,QM6,2017,SUV
2022-09-21,메르세데스 벤츠,GLC350 e 4Matic,2019,SUV
2022-09-20,현대자동차,팰리세이드(PALISADE),2022,SUV
2022-09-19,르노코리아,QM6,2018,SUV
2022-09-19,기아,쏘렌토,2021,SUV
2022-09-19,르노코리아,QM3,2015,SUV
2022-09-19,르노코리아,QM6,2017,SUV
2022-09-20,메르세데스 벤츠,GLC350 e 4Matic,2019,SUV
2022-09-20,메르세데스 벤츠,Mercedes-Benz GLB250 4MATIC,2020,SUV
2022-09-19,현대자동차,투싼 하이브리드(TUCSON HYBRID),2021,SUV
2022-09-19,기아,니로 EV,2019,SUV
2022-09-20,메르세데스 벤츠,Mercedes-Benz GLB250 4MATIC,2021,SUV
2022-09-20,메르세데스 벤츠,GLC350 e 4Matic,2019,SUV
2022-09-20,메르세데스 벤츠,GLC350 e 4Matic,2019,SUV
2022-09-20,기아,쏘렌토,2018,SUV
2022-09-19,현대자동차,싼타페(SANTAFE),2014,SUV
2022-09-16,기아,카니발,2023,MPV/미니밴
2022-09-16,기아,니로 EV,2019,SUV
2022-09-16,현대자동차,코나 일렉트릭 (KONA ELECTRIC),2019,SUV
2022-09-16,KG 모빌리티,토레스,2023,SUV
2022-09-15,현대자동차,코나 하이브리드(KONA HYBRID),2021,SUV
2022-09-19,KG 모빌리티,렉스턴스포츠 칸,2022,SUV
2022-09-15,KG 모빌리티,티볼리 에어,2017,SUV
2022-09-16,르노코리아,QM3,2014,SUV
2022-09-16,르노코리아,QM3,2014,SUV
2022-09-16,KG 모빌리티,G4 렉스턴,2018,SUV
2022-09-16,현대자동차,코나 일렉트릭 (KONA ELECTRIC),2019,SUV
2022-09-16,현대자동차,팰리세이드(PALISADE),2023,SUV
2022-09-16,기아,쏘렌토,2016,SUV
2022-09-16,르노코리아,QM3,2014,SUV
2022-09-16,기아,카니발,2021,MPV/미니밴
2022-09-16,르노코리아,QM3,2015,SUV
2022-09-16,르노코리아,QM3,2015,SUV
2022-09-16,기아,카니발,2018,MPV/미니밴
2022-09-15,르노코리아,QM6,2017,SUV
2022-09-15,현대자동차,팰리세이드(PALISADE),2023,SUV
2022-09-15,기아,쏘렌토,2016,SUV
2022-09-15,기아,카니발,2015,MPV/미니밴
2022-09-15,기아,쏘렌토,2018,SUV
2022-09-15,현대자동차,스타리아 (STARIA),2022,MPV/미니밴
2022-09-15,르노코리아,QM6,2019,SUV
2022-09-15,현대자동차,그랜드 스타렉스(GRAND STAREX),2017,MPV/미니밴
2022-09-15,르노코리아,QM6,2017,SUV
2022-09-15,르노코리아,QM3,2016,SUV
2022-09-14,르노코리아,QM3,2017,SUV
2022-09-14,현대자동차,팰리세이드(PALISADE),2023,SUV
2022-09-14,르노코리아,QM6,2017,SUV
2022-09-14,KG 모빌리티,G4 렉스턴,2019,SUV
2022-09-14,기아,스포티지 하이브리드,2022,SUV
2022-09-14,기아,쏘렌토,2016,SUV
2022-09-14,메르세데스 벤츠,GLC350 e 4Matic,2019,SUV
2022-09-14,르노코리아,QM6,2019,SUV
2022-09-14,르노코리아,QM3,2017,SUV
2022-09-13,르노코리아,XM3,2023,SUV
2022-09-13,르노코리아,QM6,2017,SUV
2022-09-14,르노코리아,QM6,2017,SUV
2022-09-13,현대자동차,투싼(TUCSON),2021,SUV
2022-09-13,메르세데스 벤츠,GLC350 e 4Matic,2019,SUV
2022-09-14,르노코리아,QM6,2017,SUV
2022-09-08,기아,쏘렌토 하이브리드,2022,SUV
2022-09-08,기아,카렌스,2015,MPV/미니밴
2022-09-13,르노코리아,QM3,2014,SUV
2022-09-13,르노코리아,QM6,2017,SUV
2022-09-08,KG 모빌리티,티볼리 에어,2017,SUV
2022-09-08,BMW,BMW X7 xDrive40d,2022,SUV
2022-09-08,기아,스포티지 하이브리드,2022,SUV
2022-09-08,르노코리아,QM6,2017,SUV
2022-09-08,르노코리아,QM3,2015,SUV
2022-09-08,르노코리아,QM6,2017,SUV
2022-09-08,르노코리아,QM3,2014,SUV
2022-09-08,기아,니로 EV,2019,SUV
2022-09-07,KG 모빌리티,렉스턴스포츠,2021,SUV
2022-09-08,현대자동차,팰리세이드(PALISADE),2022,SUV
2022-09-07,KG 모빌리티,렉스턴스포츠,2020,SUV
2022-09-07,르노코리아,QM3,2014,SUV
2022-09-07,기아,니로 EV,2019,SUV
2022-09-07,르노코리아,QM6,2019,SUV
2022-09-07,르노코리아,QM6,2017,SUV
2022-09-07,르노코리아,QM6,2020,SUV
2022-09-08,현대자동차,싼타페(SANTAFE),2014,SUV
2022-09-07,현대자동차,팰리세이드(PALISADE),2023,SUV
2022-09-07,르노코리아,QM6,2019,SUV
2022-09-07,르노코리아,QM6,2019,SUV
2022-09-07,르노코리아,QM6,2020,SUV
2022-09-07,르노코리아,QM6,2020,SUV
2022-09-07,르노코리아,QM6,2022,SUV
2022-09-06,기아,니로 EV,2019,SUV
2022-09-06,기아,카렌스,2012,MPV/미니밴
2022-09-06,르노코리아,QM6,2018,SUV
2022-09-06,르노코리아,QM6,2022,SUV
2022-09-06,르노코리아,QM6,2020,SUV
2022-09-06,르노코리아,QM6,2022,SUV
2022-09-06,르노코리아,QM6,2017,SUV
2022-09-06,기아,쏘렌토,2015,SUV
2022-09-06,현대자동차,팰리세이드(PALISADE),2023,SUV
2022-09-06,현대자동차,싼타페(SANTAFE),2013,SUV
2022-09-06,재규어랜드로버,재규어 F-PACE 20d,2017,SUV
2022-09-06,메르세데스 벤츠,GLC350 e 4Matic,2019,SUV
2022-09-05,기아,니로 EV,2019,SUV
2022-09-05,현대자동차,팰리세이드(PALISADE),2023,SUV
2022-09-05,르노코리아,QM3,2014,SUV
2022-09-05,기아,니로 EV,2019,SUV
2022-09-05,볼보,볼보 XC90T6 AWD,2019,SUV
2022-09-06,현대자동차,투싼 하이브리드(TUCSON HYBRID),2021,SUV
2022-09-05,현대자동차,싼타페(SANTAFE),2019,SUV
2022-09-06,현대자동차,투싼 하이브리드(TUCSON HYBRID),2021,SUV
2022-09-05,르노코리아,QM6,2017,SUV
2022-09-05,현대자동차,팰리세이드(PALISADE),2023,SUV
2022-09-05,메르세데스 벤츠,GLC350 e 4Matic,2019,SUV
2022-09-05,메르세데스 벤츠,GLC350 e 4Matic,2019,SUV
2022-09-05,메르세데스 벤츠,GLC350 e 4Matic,2019,SUV
2022-09-02,르노코리아,QM6,2018,SUV
2022-09-02,기아,스포티지,2022,SUV
2022-09-02,현대자동차,싼타페(SANTAFE),2013,SUV
2022-09-02,현대자동차,싼타페(SANTAFE),2013,SUV
2022-08-31,현대자동차,싼타페(SANTAFE),2016,SUV
2022-09-01,르노코리아,QM6,2017,SUV
2022-09-01,현대자동차,그랜드 스타렉스(GRAND STAREX),2011,MPV/미니밴
2022-08-31,KG 모빌리티,렉스턴스포츠,2019,SUV
2022-09-01,메르세데스 벤츠,GLC350 e 4Matic,2019,SUV
2022-09-01,기아,니로 EV,2019,SUV
2022-09-02,포드,Explorer 3.0,2021,SUV
2022-08-30,르노코리아,CAPTUR,2021,SUV
2022-08-30,메르세데스 벤츠,Mercedes-Benz EQB300 4MATIC,2022,SUV
2022-08-31,현대자동차,코나 일렉트릭 (KONA ELECTRIC),2019,SUV
2022-08-31,기아,니로 하이브리드,2017,SUV
2022-08-31,기아,니로 EV,2019,SUV
2022-08-31,현대자동차,싼타페(SANTAFE),2015,SUV
2022-08-30,KG 모빌리티,렉스턴스포츠,2019,SUV
2022-08-30,기아,쏘렌토 하이브리드,2021,SUV
2022-08-30,메르세데스 벤츠,GLC350 e 4Matic,2018,SUV
2022-08-30,르노코리아,QM3,2014,SUV
2022-08-30,메르세데스 벤츠,GLC350 e 4Matic,2019,SUV
2022-08-29,현대자동차,GV70,2022,SUV
2022-08-30,현대자동차,코나 일렉트릭 (KONA ELECTRIC),2019,SUV
2022-08-30,르노코리아,QM6,2017,SUV
2022-08-30,르노코리아,QM6,2017,SUV
2022-08-30,KG 모빌리티,토레스,2023,SUV
2022-08-30,르노코리아,QM3,2014,SUV
2022-08-30,현대자동차,팰리세이드(PALISADE),2023,SUV
2022-08-30,볼보,볼보 XC90B6 AWD,2022,SUV
2022-08-30,메르세데스 벤츠,GLC350 e 4Matic,2019,SUV
2022-08-30,KG 모빌리티,렉스턴스포츠,2019,SUV
2022-08-29,기아,니로 EV,2020,SUV
2022-08-29,메르세데스 벤츠,GLC350 e 4Matic,2019,SUV
2022-08-29,메르세데스 벤츠,GLC350 e 4Matic,2019,SUV
2022-08-29,현대자동차,팰리세이드(PALISADE),2023,SUV
2022-08-29,메르세데스 벤츠,GLC350 e 4Matic,2019,SUV
2022-08-29,현대자동차,코나 일렉트릭 (KONA ELECTRIC),2019,SUV
2022-08-29,기아,스포티지,2022,SUV
2022-08-29,재규어랜드로버,재규어 F-PACE 20d AWD,2019,SUV
2022-08-29,메르세데스 벤츠,GLC350 e 4Matic,2019,SUV
2022-08-29,기아,쏘렌토 하이브리드,2021,SUV
2022-08-30,르노코리아,QM6,2017,SUV
2022-08-29,르노코리아,QM3,2015,SUV
2022-08-29,현대자동차,코나 일렉트릭 (KONA ELECTRIC),2019,SUV
2022-08-29,메르세데스 벤츠,GLC350 e 4Matic,2019,SUV
2022-08-29,현대자동차,싼타페(SANTAFE),2019,SUV
2022-08-29,르노코리아,QM6,2017,SUV
2022-08-29,르노코리아,QM6,2017,SUV
2022-08-29,현대자동차,팰리세이드(PALISADE),2023,SUV
2022-08-26,기아,니로 EV,2019,SUV
2022-08-26,메르세데스 벤츠,GLC350 e 4Matic,2018,SUV
2022-08-25,기아,쏘렌토 하이브리드,2021,SUV
2022-08-26,르노코리아,QM6,2019,SUV
2022-08-25,현대자동차,팰리세이드(PALISADE),2023,SUV
2022-08-25,현대자동차,투싼(TUCSON),2016,SUV
2022-08-25,메르세데스 벤츠,GLC350 e 4Matic,2019,SUV
2022-08-25,메르세데스 벤츠,GLC350 e 4Matic,2019,SUV
2022-08-25,메르세데스 벤츠,GLC350 e 4Matic,2019,SUV
2022-08-25,기아,쏘렌토 하이브리드,2021,SUV
2022-08-25,기아,니로 EV,2019,SUV
2022-08-25,메르세데스 벤츠,GLC350 e 4Matic,2019,SUV
2022-08-25,현대자동차,팰리세이드(PALISADE),2022,SUV
2022-08-25,메르세데스 벤츠,GLC350 e 4Matic,2019,SUV
2022-08-25,기아,니로 하이브리드,2022,SUV
2022-08-25,현대자동차,팰리세이드(PALISADE),2023,SUV
2022-08-24,메르세데스 벤츠,GLC350 e 4Matic,2019,SUV
2022-08-24,기아,쏘렌토 GL,2005,SUV
2022-08-24,메르세데스 벤츠,GLC350 e 4Matic,2019,SUV
2022-08-24,메르세데스 벤츠,GLC350 e 4Matic,2019,SUV
2022-08-24,메르세데스 벤츠,GLC350 e 4Matic,2019,SUV
2022-08-24,메르세데스 벤츠,GLC350 e 4Matic,2019,SUV
2022-08-24,메르세데스 벤츠,GLC350 e 4Matic,2019,SUV
2022-08-24,메르세데스 벤츠,GLC350 e 4Matic,2019,SUV
2022-08-24,메르세데스 벤츠,GLC350 e 4Matic,2019,SUV
2022-08-24,메르세데스 벤츠,GLC350 e 4Matic,2019,SUV
2022-08-24,현대자동차,코나(KONA),2018,SUV
2022-08-24,르노코리아,QM6,2017,SUV
2022-08-24,기아,니로 하이브리드,2020,SUV
2022-08-24,기아,니로 하이브리드,2020,SUV
2022-08-23,현대자동차,투싼(TUCSON),2018,SUV
2022-08-23,포드,Explorer 2.3,2020,SUV
2022-08-23,기아,카니발,2019,MPV/미니밴
2022-08-23,메르세데스 벤츠,GLC350 e 4Matic,2019,SUV
2022-08-23,기아,쏘렌토,2014,SUV
2022-08-23,메르세데스 벤츠,GLC350 e 4Matic,2019,SUV
2022-08-23,현대자동차,코나(KONA),2018,SUV
2022-08-22,기아,카니발,2021,MPV/미니밴
2022-08-23,르노코리아,QM6,2018,SUV
2022-08-23,기아,스포티지 하이브리드,2022,SUV
2022-08-23,기아,쏘렌토,2016,SUV
2022-08-23,현대자동차,투싼(TUCSON),2021,SUV
2022-08-22,현대자동차,투싼 하이브리드(TUCSON HYBRID),2021,SUV
2022-08-23,르노코리아,QM6,2020,SUV
2022-08-23,르노코리아,QM3,2015,SUV
2022-08-23,르노코리아,QM6,2022,SUV
2022-08-22,기아,카니발,2019,MPV/미니밴
2022-08-22,르노코리아,QM3,2016,SUV
2022-08-22,메르세데스 벤츠,GLC350 e 4Matic,2019,SUV
2022-08-22,기아,니로 EV,2019,SUV
2022-08-22,메르세데스 벤츠,GLC350 e 4Matic,2019,SUV
2022-08-22,기아,스포티지,2022,SUV
2022-08-22,르노코리아,QM6,2018,SUV
2022-08-22,현대자동차,싼타페(SANTAFE),2015,SUV
2022-08-22,기아,니로 EV,2019,SUV
2022-08-22,현대자동차,팰리세이드(PALISADE),2021,SUV
2022-08-23,메르세데스 벤츠,GLC350 e 4Matic,2019,SUV
2022-08-22,르노코리아,QM6,2017,SUV
2022-08-22,현대자동차,팰리세이드(PALISADE),2023,SUV
2022-08-22,메르세데스 벤츠,Mercedes-Benz EQA250,2022,SUV
2022-08-22,르노코리아,QM6,2022,SUV
2022-08-22,기아,스포티지,2023,SUV
2022-08-22,현대자동차,팰리세이드(PALISADE),2023,SUV
2022-08-22,기아,쏘렌토 하이브리드,2022,SUV
2022-08-22,기아,스포티지,2022,SUV
2022-08-22,르노코리아,QM6,2017,SUV
2022-08-19,르노코리아,QM6,2021,SUV
2022-08-19,르노코리아,QM6,2017,SUV
2022-08-19,현대자동차,팰리세이드(PALISADE),2023,SUV
2022-08-19,기아,니로 EV,2019,SUV
2022-08-19,르노코리아,QM3,2014,SUV
2022-08-19,기아,카니발,2023,MPV/미니밴
2022-08-19,르노코리아,QM6,2020,SUV
2022-08-19,르노코리아,QM6,2019,SUV
2022-08-18,르노코리아,QM6,2021,SUV
2022-08-18,르노코리아,QM6,2020,SUV
2022-08-18,르노코리아,QM6,2017,SUV
2022-08-18,기아,니로 하이브리드,2021,SUV
2022-08-18,메르세데스 벤츠,GLC350 e 4Matic,2019,SUV
2022-08-18,기아,스포티지,2022,SUV
2022-08-18,기아,스포티지,2022,SUV
2022-08-18,기아,스포티지 하이브리드,2022,SUV
2022-08-18,기아,스포티지 하이브리드,2022,SUV
2022-08-18,기아,니로 EV,2019,SUV
2022-08-18,기아,스포티지,2022,SUV
2022-08-18,현대자동차,코나 일렉트릭 (KONA ELECTRIC),2020,SUV
2022-08-18,기아,스포티지 하이브리드,2023,SUV
2022-08-18,메르세데스 벤츠,GLC350 e 4Matic,2019,SUV
2022-08-18,현대자동차,팰리세이드(PALISADE),2023,SUV
2022-08-18,르노코리아,QM3,2015,SUV
2022-08-18,기아,스포티지,2022,SUV
2022-08-18,현대자동차,팰리세이드(PALISADE),2023,SUV
2022-08-18,현대자동차,싼타페(SANTAFE),2013,SUV
2022-08-18,기아,스포티지 하이브리드,2022,SUV
2022-08-19,현대자동차,투싼(TUCSON),2017,SUV
2022-08-18,르노코리아,QM6,2019,SUV
2022-08-19,르노코리아,QM6,2017,SUV
2022-08-18,기아,스포티지,2022,SUV
2022-08-18,기아,스포티지,2022,SUV
2022-08-19,르노코리아,QM6,2018,SUV
2022-08-18,포드,Explorer 2.3L,2022,SUV
2022-08-18,르노코리아,QM6,2023,SUV
2022-08-18,현대자동차,팰리세이드(PALISADE),2023,SUV
2022-08-18,볼보,볼보 XC90T8 AWD,2022,SUV
2022-08-18,기아,니로 하이브리드,2020,SUV
2022-08-18,기아,카니발,2019,MPV/미니밴
2022-08-17,기아,스포티지,2016,SUV
2022-08-17,르노코리아,QM6,2017,SUV
2022-08-17,르노코리아,QM6,2020,SUV
2022-08-17,재규어랜드로버,재규어 F-PACE 20d,2018,SUV
2022-08-17,르노코리아,QM6,2020,SUV
2022-08-17,기아,스포티지,2022,SUV
2022-08-17,기아,쏘렌토,2018,SUV
2022-08-17,메르세데스 벤츠,GLC350 e 4Matic,2019,SUV
2022-08-17,르노코리아,QM6,2019,SUV
2022-08-17,기아,쏘렌토 하이브리드,2022,SUV
2022-08-17,르노코리아,QM6,2020,SUV
2022-08-17,기아,스포티지,2022,SUV
2022-08-17,현대자동차,팰리세이드(PALISADE),2023,SUV
2022-08-17,메르세데스 벤츠,GLC350 e 4Matic,2019,SUV
2022-08-17,르노코리아,QM6,2018,SUV
2022-08-17,현대자동차,팰리세이드(PALISADE),2023,SUV
2022-08-17,르노코리아,QM6,2018,SUV
2022-08-17,르노코리아,QM6,2019,SUV
2022-08-17,현대자동차,코나 일렉트릭 (KONA ELECTRIC),2019,SUV
2022-08-17,르노코리아,QM6,2019,SUV
2022-08-17,르노코리아,QM6,2018,SUV
2022-08-17,르노코리아,QM6,2020,SUV
2022-08-17,르노코리아,QM3,2016,SUV
2022-08-17,르노코리아,QM6,2019,SUV
2022-08-17,현대자동차,팰리세이드(PALISADE),2023,SUV
2022-08-17,르노코리아,QM3,2015,SUV
2022-08-17,메르세데스 벤츠,GLC350 e 4Matic,2019,SUV
2022-08-17,기아,스포티지,2022,SUV
2022-08-17,기아,스포티지 하이브리드,2022,SUV
2022-08-16,르노코리아,QM6,2018,SUV
2022-08-17,르노코리아,QM3,2014,SUV
2022-08-16,기아,스포티지,2022,SUV
2022-08-16,기아,스포티지,2022,SUV
2022-08-16,현대자동차,투싼(TUCSON),2016,SUV
2022-08-16,기아,쏘렌토,2018,SUV
2022-08-16,메르세데스 벤츠,GLC350 e 4Matic,2019,SUV
2022-08-16,기아,스포티지,2022,SUV
2022-08-16,기아,스포티지,2022,SUV
2022-08-16,기아,쏘렌토,2016,SUV
2022-08-16,르노코리아,QM6,2018,SUV
2022-08-16,기아,스포티지,2022,SUV
2022-08-16,기아,카니발,2021,MPV/미니밴
2022-08-16,메르세데스 벤츠,GLC350 e 4Matic,2019,SUV
2022-08-16,르노코리아,QM6,2022,SUV
2022-08-16,르노코리아,QM6,2019,SUV
2022-08-16,기아,스포티지,2023,SUV
2022-08-16,르노코리아,QM6,2018,SUV
2022-08-16,르노코리아,QM6,2018,SUV
2022-08-16,르노코리아,QM6,2017,SUV
2022-08-16,르노코리아,QM6,2017,SUV
2022-08-16,메르세데스 벤츠,GLC350 e 4Matic,2018,SUV
2022-08-16,르노코리아,QM6,2020,SUV
2022-08-16,르노코리아,QM6,2018,SUV
2022-08-16,메르세데스 벤츠,GLC350 e 4Matic,2019,SUV
2022-08-12,현대자동차,싼타페(SANTAFE),2015,SUV
2022-08-16,르노코리아,QM6,2019,SUV
2022-08-16,르노코리아,QM6,2017,SUV
2022-08-16,르노코리아,QM6,2017,SUV
2022-08-16,르노코리아,QM6,2019,SUV
2022-08-16,르노코리아,QM6,2019,SUV
2022-08-16,르노코리아,QM6,2018,SUV
2022-08-16,르노코리아,QM6,2017,SUV
2022-08-16,르노코리아,QM6,2019,SUV
2022-08-16,르노코리아,QM6,2019,SUV
2022-08-12,르노코리아,QM6,2017,SUV
2022-08-12,기아,스포티지,2022,SUV
2022-08-12,르노코리아,QM6,2018,SUV
2022-08-12,르노코리아,QM6,2018,SUV
2022-08-12,르노코리아,QM6,2018,SUV
2022-08-12,르노코리아,QM6,2019,SUV
2022-08-12,르노코리아,QM6,2020,SUV
2022-08-12,KG 모빌리티,렉스턴,2015,SUV
2022-08-12,르노코리아,QM6,2019,SUV
2022-08-12,르노코리아,QM6,2018,SUV
2022-08-12,르노코리아,QM6,2019,SUV
2022-08-12,르노코리아,QM6,2019,SUV
2022-08-12,르노코리아,QM6,2019,SUV
2022-08-12,기아,스포티지,2022,SUV
2022-08-12,현대자동차,코나 일렉트릭 (KONA ELECTRIC),2019,SUV
2022-08-12,기아,스포티지,2022,SUV
2022-08-12,르노코리아,QM6,2017,SUV
2022-08-12,볼보,볼보 XC90T8 AWD,2021,SUV
2022-08-12,르노코리아,QM6,2018,SUV
2022-08-12,르노코리아,QM6,2020,SUV
2022-08-12,르노코리아,QM6,2019,SUV
2022-08-12,르노코리아,QM6,2020,SUV
2022-08-12,르노코리아,QM6,2017,SUV
2022-08-12,르노코리아,QM6,2017,SUV
2022-08-12,기아,쏘렌토 하이브리드,2023,SUV
2022-08-11,기아,스포티지 하이브리드,2022,SUV
2022-08-11,기아,스포티지,2016,SUV
2022-08-11,기아,스포티지,2020,SUV
2022-08-11,메르세데스 벤츠,GLC350 e 4Matic,2019,SUV
2022-08-11,기아,니로 하이브리드,2020,SUV
2022-08-11,현대자동차,싼타페(SANTAFE),2014,SUV
2022-08-11,르노코리아,QM3,2015,SUV
2022-08-11,르노코리아,QM6,2017,SUV
2022-08-11,르노코리아,QM3,2014,SUV
2022-08-11,현대자동차,팰리세이드(PALISADE),2023,SUV
2022-08-10,르노코리아,QM3,2015,SUV
2022-08-10,기아,니로 EV,2019,SUV
2022-08-09,재규어랜드로버,재규어 F-PACE 20d,2018,SUV
2022-08-10,포드,Explorer 2.3,2020,SUV
2022-08-10,기아,니로 EV,2019,SUV
2022-08-10,르노코리아,QM6,2017,SUV
2022-08-10,르노코리아,QM6,2017,SUV
2022-08-09,기아,니로 EV,2020,SUV
2022-08-09,르노코리아,QM6,2017,SUV
2022-08-09,재규어랜드로버,재규어 F-PACE 20d,2017,SUV
2022-08-09,기아,쏘렌토,2021,SUV
2022-08-09,메르세데스 벤츠,GLC350 e 4Matic,2019,SUV
2022-08-09,현대자동차,팰리세이드(PALISADE),2023,SUV
2022-08-09,현대자동차,싼타페(SANTAFE),2013,SUV
2022-08-09,현대자동차,팰리세이드(PALISADE),2023,SUV
2022-08-09,현대자동차,팰리세이드(PALISADE),2023,SUV
2022-08-09,르노코리아,QM6,2017,SUV
2022-08-09,기아,니로 EV,2022,SUV
2022-08-09,기아,니로 EV,2019,SUV
2022-08-09,기아,카니발,2018,MPV/미니밴
2022-08-09,현대자동차,코나 일렉트릭 (KONA ELECTRIC),2019,SUV
2022-08-09,기아,니로 EV,2019,SUV
2022-08-09,기아,스포티지,2022,SUV
2022-08-09,기아,니로 EV,2019,SUV
2022-08-09,메르세데스 벤츠,GLC350 e 4Matic,2019,SUV
2022-08-09,기아,니로 하이브리드,2018,SUV
2022-08-10,르노코리아,QM6,2017,SUV
2022-08-10,기아,쏘렌토,2021,SUV
2022-08-10,재규어랜드로버,재규어 F-PACE 20d,2018,SUV
2022-08-09,메르세데스 벤츠,GLC350 e 4Matic,2019,SUV
2022-08-09,르노코리아,QM6,2017,SUV
2022-08-09,KG 모빌리티,렉스턴스포츠,2021,SUV
2022-08-10,KG 모빌리티,렉스턴스포츠,2021,SUV
2022-08-09,르노코리아,QM3,2014,SUV
2022-08-09,현대자동차,팰리세이드(PALISADE),2023,SUV
2022-08-09,현대자동차,팰리세이드(PALISADE),2023,SUV
2022-08-09,르노코리아,QM6,2017,SUV
2022-08-09,현대자동차,팰리세이드(PALISADE),2023,SUV
2022-08-09,현대자동차,팰리세이드(PALISADE),2023,SUV
2022-08-09,기아,니로 하이브리드,2018,SUV
2022-08-08,기아,니로 EV,2019,SUV
2022-08-08,메르세데스 벤츠,GLC350 e 4Matic,2019,SUV
2022-08-08,기아,쏘렌토 하이브리드,2021,SUV
2022-08-08,르노코리아,QM6,2017,SUV
2022-08-08,기아,스포티지,2017,SUV
2022-08-08,현대자동차,팰리세이드(PALISADE),2023,SUV
2022-08-08,르노코리아,QM6,2017,SUV
2022-08-08,현대자동차,싼타페(SANTAFE),2021,SUV
2022-08-08,메르세데스 벤츠,GLC350 e 4Matic,2019,SUV
2022-08-08,현대자동차,GV70,2023,SUV
2022-08-08,기아,니로 EV,2019,SUV
2022-08-08,기아,니로 EV,2020,SUV
2022-08-05,르노코리아,QM6,2018,SUV
2022-08-05,현대자동차,팰리세이드(PALISADE),2023,SUV
2022-08-05,현대자동차,팰리세이드(PALISADE),2022,SUV
2022-08-04,메르세데스 벤츠,GLC350 e 4Matic,2019,SUV
2022-08-04,기아,니로 플러스,2023,SUV
2022-08-04,KG 모빌리티,토레스,2023,SUV
2022-08-05,메르세데스 벤츠,GLC350 e 4Matic,2019,SUV
2022-08-05,기아,니로 하이브리드,2022,SUV
2022-08-05,현대자동차,코나 일렉트릭 (KONA ELECTRIC),2019,SUV
2022-08-05,기아,카니발,2018,MPV/미니밴
2022-08-05,르노코리아,QM6,2019,SUV
2022-08-05,메르세데스 벤츠,GLC350 e 4Matic,2019,SUV
2022-08-05,기아,스포티지,2019,SUV
2022-08-05,기아,니로 EV,2019,SUV
2022-08-04,현대자동차,팰리세이드(PALISADE),2023,SUV
2022-08-04,르노코리아,QM6,2017,SUV
2022-08-04,KG 모빌리티,렉스턴스포츠,2021,SUV
2022-08-04,현대자동차,팰리세이드(PALISADE),2023,SUV
2022-08-04,현대자동차,팰리세이드(PALISADE),2023,SUV
2022-08-04,기아,카니발,2015,MPV/미니밴
2022-08-04,기아,카니발,2015,MPV/미니밴
2022-08-04,기아,카니발,2022,MPV/미니밴
2022-08-03,기아,쏘렌토 하이브리드,2022,SUV
2022-08-04,르노코리아,QM6,2017,SUV
2022-08-04,메르세데스 벤츠,GLC350 e 4Matic,2019,SUV
2022-08-04,르노코리아,QM6,2017,SUV
2022-08-03,메르세데스 벤츠,GLC350 e 4Matic,2019,SUV
2022-08-03,르노코리아,QM6,2017,SUV
2022-08-03,기아,니로 하이브리드,2021,SUV
2022-08-03,메르세데스 벤츠,GLC350 e 4Matic,2019,SUV
2022-08-03,르노코리아,QM6,2017,SUV
2022-08-03,메르세데스 벤츠,GLC350 e 4Matic,2019,SUV
2022-08-04,현대자동차,코나 일렉트릭 (KONA ELECTRIC),2019,SUV
2022-08-03,르노코리아,QM6,2017,SUV
2022-08-03,르노코리아,QM6,2017,SUV
2022-08-03,메르세데스 벤츠,GLC350 e 4Matic,2019,SUV
2022-08-03,메르세데스 벤츠,GLC350 e 4Matic,2019,SUV
2022-08-03,메르세데스 벤츠,GLC350 e 4Matic,2019,SUV
2022-08-03,메르세데스 벤츠,GLC350 e 4Matic,2019,SUV
2022-08-02,메르세데스 벤츠,GLC350 e 4Matic,2019,SUV
2022-08-02,메르세데스 벤츠,GLC350 e 4Matic,2019,SUV
2022-08-02,현대자동차,투싼(TUCSON),2019,SUV
2022-08-02,르노코리아,QM3,2014,SUV
2022-08-02,기아,니로 EV,2019,SUV
2022-08-02,현대자동차,싼타페(SANTAFE),2016,SUV
2022-08-02,르노코리아,QM6,2017,SUV
2022-08-01,현대자동차,팰리세이드(PALISADE),2023,SUV
2022-08-02,메르세데스 벤츠,GLC350 e 4Matic,2019,SUV
2022-08-02,기아,쏘렌토 하이브리드,2022,SUV
2022-08-02,르노코리아,QM6,2017,SUV
2022-08-02,르노코리아,QM3,2015,SUV
2022-08-02,현대자동차,팰리세이드(PALISADE),2023,SUV
2022-08-02,르노코리아,QM6,2017,SUV
2022-08-02,KG 모빌리티,티볼리,2022,SUV
2022-08-01,르노코리아,QM6,2017,SUV
2022-08-01,르노코리아,QM6,2017,SUV
2022-08-01,르노코리아,QM3,2015,SUV
2022-08-01,르노코리아,QM6,2017,SUV
2022-08-01,르노코리아,QM6,2017,SUV
2022-08-01,르노코리아,QM3,2014,SUV
2022-08-01,기아,카니발,2021,MPV/미니밴
2022-08-01,KG 모빌리티,토레스,2023,SUV
2022-08-01,KG 모빌리티,토레스,2023,SUV
2022-08-01,르노코리아,QM3,2015,SUV
2022-08-01,메르세데스 벤츠,GLC350 e 4Matic,2019,SUV
2022-08-01,기아,쏘렌토 하이브리드,2022,SUV
2022-07-29,기아,쏘렌토 하이브리드,2021,SUV
2022-07-29,르노코리아,QM6,2017,SUV
2022-07-29,기아,니로 EV,2019,SUV
2022-07-29,기아,쏘렌토,2015,SUV
2022-07-29,르노코리아,QM3,2014,SUV
2022-07-28,기아,카니발,2021,MPV/미니밴
2022-07-29,기아,니로 EV,2019,SUV
2022-07-28,르노코리아,QM6,2017,SUV
2022-07-28,기아,카니발,2023,MPV/미니밴
2022-07-28,현대자동차,싼타페(SANTAFE),2019,SUV
2022-07-28,기아,니로 EV,2019,SUV
2022-07-28,기아,스포티지,2020,SUV
2022-07-27,재규어랜드로버,재규어 F-PACE 20d AWD,2019,SUV
2022-07-27,기아,니로 EV,2019,SUV
2022-07-27,기아,카니발,2023,MPV/미니밴
2022-07-27,메르세데스 벤츠,GLC350 e 4Matic,2019,SUV
2022-07-27,르노코리아,QM3,2014,SUV
2022-07-27,르노코리아,QM6,2017,SUV
2022-07-27,현대자동차,싼타페(SANTAFE),2015,SUV
2022-07-27,르노코리아,QM6,2017,SUV
2022-07-26,현대자동차,코나 일렉트릭 (KONA ELECTRIC),2019,SUV
2022-07-26,르노코리아,QM6,2019,SUV
2022-07-26,현대자동차,코나 일렉트릭 (KONA ELECTRIC),2019,SUV
2022-07-26,르노코리아,QM6,2017,SUV
2022-07-26,기아,카니발,2019,MPV/미니밴
2022-07-26,르노코리아,QM6,2018,SUV
2022-07-25,기아,니로 EV,2019,SUV
2022-07-25,르노코리아,QM6,2017,SUV
2022-07-25,재규어랜드로버,재규어 F-PACE 20d,2018,SUV
2022-07-25,르노코리아,QM6,2017,SUV
2022-07-25,현대자동차,투싼(TUCSON),2014,SUV
2022-07-25,기아,니로 하이브리드,2021,SUV
2022-07-26,현대자동차,코나 일렉트릭 (KONA ELECTRIC),2019,SUV
2022-07-26,르노코리아,QM6,2017,SUV
2022-07-26,르노코리아,QM3,2014,SUV
2022-07-25,기아,카니발,2023,MPV/미니밴
2022-07-25,기아,그랜드 카니발,2009,MPV/미니밴
2022-07-25,메르세데스 벤츠,GLC350 e 4Matic,2019,SUV
2022-07-22,기아,니로 EV,2019,SUV
2022-07-22,메르세데스 벤츠,GLC350 e 4Matic,2019,SUV
2022-07-22,르노코리아,QM6,2018,SUV
2022-07-25,현대자동차,싼타페(SANTAFE),2021,SUV
2022-07-21,KG 모빌리티,렉스턴스포츠,2022,SUV
2022-07-21,기아,그랜드 카니발,2009,MPV/미니밴
2022-07-21,르노코리아,QM6,2017,SUV
2022-07-21,르노코리아,QM6,2017,SUV
2022-07-21,르노코리아,QM6,2017,SUV
2022-07-21,기아,카니발,2022,MPV/미니밴
2022-07-20,르노코리아,QM3,2014,SUV
2022-07-20,기아,니로 하이브리드,2020,SUV
2022-07-19,르노코리아,QM6,2020,SUV
2022-07-20,기아,쏘렌토,2010,SUV
2022-07-20,르노코리아,QM3,2014,SUV
2022-07-20,현대자동차,코나 일렉트릭 (KONA ELECTRIC),2019,SUV
2022-07-19,기아,니로 EV,2019,SUV
2022-07-19,기아,니로 하이브리드,2018,SUV
2022-07-19,KG 모빌리티,티볼리 에어,2021,SUV
2022-07-19,현대자동차,코나 일렉트릭 (KONA ELECTRIC),2019,SUV
2022-07-19,기아,니로 하이브리드,2022,SUV
2022-07-18,르노코리아,QM6,2019,SUV
2022-07-19,르노코리아,QM3,2014,SUV
2022-07-18,현대자동차,팰리세이드(PALISADE),2022,SUV
2022-07-19,기아,카니발,2021,MPV/미니밴
2022-07-19,르노코리아,QM6,2017,SUV
2022-07-19,현대자동차,팰리세이드(PALISADE),2023,SUV
2022-07-19,르노코리아,QM6,2017,SUV
2022-07-19,르노코리아,QM6,2017,SUV
2022-07-19,기아,쏘렌토,2021,SUV
2022-07-19,기아,카니발,2022,MPV/미니밴
2022-07-18,KG 모빌리티,렉스턴스포츠,2019,SUV
2022-07-18,르노코리아,QM3,2014,SUV
2022-07-18,포드,Explorer 2.3,2020,SUV
2022-07-18,기아,스포티지,2022,SUV
2022-07-19,현대자동차,싼타페(SANTAFE),2014,SUV
2022-07-18,르노코리아,QM6,2017,SUV
2022-07-18,현대자동차,싼타페(SANTAFE),2013,SUV
2022-07-18,현대자동차,팰리세이드(PALISADE),2023,SUV
2022-07-18,메르세데스 벤츠,GLC350 e 4Matic,2019,SUV
2022-07-18,현대자동차,투싼 하이브리드(TUCSON HYBRID),2021,SUV
2022-07-18,현대자동차,싼타페(SANTAFE),2021,SUV
2022-07-18,현대자동차,팰리세이드(PALISADE),2023,SUV
2022-07-18,기아,니로 EV,2020,SUV
2022-07-18,기아,니로 EV,2020,SUV
2022-07-18,르노코리아,QM6,2017,SUV
2022-07-14,르노코리아,QM6,2018,SUV
2022-07-18,기아,쏘렌토 하이브리드,2022,SUV
2022-07-13,재규어랜드로버,재규어 F-PACE 20d AWD,2019,SUV
2022-07-14,기아,니로 하이브리드,2022,SUV
2022-07-13,현대자동차,팰리세이드(PALISADE),2023,SUV
2022-07-15,르노코리아,QM3,2014,SUV
2022-07-15,르노코리아,QM6,2017,SUV
2022-07-14,현대자동차,팰리세이드(PALISADE),2023,SUV
2022-07-12,기아,스포티지,2016,SUV
2022-07-14,KG 모빌리티,렉스턴,2022,SUV
2022-07-14,기아,니로 하이브리드,2022,SUV
2022-07-14,기아,카니발,2023,MPV/미니밴
2022-07-14,기아,쏘렌토 하이브리드,2022,SUV
2022-07-14,현대자동차,팰리세이드(PALISADE),2023,SUV
2022-07-14,현대자동차,팰리세이드(PALISADE),2023,SUV
2022-07-13,현대자동차,팰리세이드(PALISADE),2023,SUV
2022-07-13,현대자동차,GV80,2020,SUV
2022-07-13,르노코리아,QM3,2014,SUV
2022-07-13,현대자동차,팰리세이드(PALISADE),2023,SUV
2022-07-13,현대자동차,팰리세이드(PALISADE),2023,SUV
2022-07-13,기아,니로 하이브리드,2018,SUV
2022-07-13,현대자동차,팰리세이드(PALISADE),2023,SUV
2022-07-13,현대자동차,코나(KONA),2019,SUV
2022-07-13,현대자동차,팰리세이드(PALISADE),2023,SUV
2022-07-13,현대자동차,팰리세이드(PALISADE),2023,SUV
2022-07-13,르노코리아,QM3,2014,SUV
2022-07-13,재규어랜드로버,재규어 F-PACE 20d,2017,SUV
2022-07-13,현대자동차,팰리세이드(PALISADE),2023,SUV
2022-07-13,현대자동차,팰리세이드(PALISADE),2023,SUV
2022-07-11,현대자동차,싼타페(SANTAFE),2015,SUV
2022-07-13,현대자동차,팰리세이드(PALISADE),2023,SUV
2022-07-13,현대자동차,팰리세이드(PALISADE),2023,SUV
2022-07-13,현대자동차,팰리세이드(PALISADE),2023,SUV
2022-07-11,현대자동차,그랜드 스타렉스(GRAND STAREX),2019,MPV/미니밴
2022-07-13,현대자동차,팰리세이드(PALISADE),2023,SUV
2022-07-11,르노코리아,XM3,2020,SUV
2022-07-11,현대자동차,팰리세이드(PALISADE),2023,SUV
2022-07-13,현대자동차,팰리세이드(PALISADE),2023,SUV
2022-07-13,메르세데스 벤츠,GLC350 e 4Matic,2019,SUV
2022-07-12,현대자동차,팰리세이드(PALISADE),2023,SUV
2022-07-13,재규어랜드로버,재규어 F-PACE 20d,2017,SUV
2022-07-11,현대자동차,팰리세이드(PALISADE),2023,SUV
2022-07-13,현대자동차,팰리세이드(PALISADE),2023,SUV
2022-07-13,현대자동차,팰리세이드(PALISADE),2023,SUV
2022-07-13,메르세데스 벤츠,GLC350 e 4Matic,2019,SUV
2022-07-13,현대자동차,팰리세이드(PALISADE),2023,SUV
2022-07-13,르노코리아,QM3,2014,SUV
2022-07-12,르노코리아,QM6,2017,SUV
2022-07-12,기아,니로 EV,2019,SUV
2022-07-12,현대자동차,팰리세이드(PALISADE),2023,SUV
2022-07-12,현대자동차,팰리세이드(PALISADE),2023,SUV
2022-07-12,르노코리아,QM6,2017,SUV
2022-07-12,현대자동차,투싼(TUCSON),2016,SUV
2022-07-12,현대자동차,팰리세이드(PALISADE),2023,SUV
2022-07-12,기아,니로 EV,2020,SUV
2022-07-12,르노코리아,QM6,2017,SUV
2022-07-12,현대자동차,팰리세이드(PALISADE),2023,SUV
2022-07-12,현대자동차,그랜드 스타렉스(GRAND STAREX),2019,MPV/미니밴
2022-07-12,현대자동차,투싼(TUCSON),2018,SUV
2022-07-12,르노코리아,QM6,2017,SUV
2022-07-12,르노코리아,QM6,2017,SUV
2022-07-12,현대자동차,팰리세이드(PALISADE),2023,SUV
2022-07-12,현대자동차,팰리세이드(PALISADE),2023,SUV
2022-07-12,기아,니로 EV,2019,SUV
2022-07-11,현대자동차,팰리세이드(PALISADE),2023,SUV
2022-07-11,기아,니로 EV,2019,SUV
2022-07-11,현대자동차,팰리세이드(PALISADE),2023,SUV
2022-07-11,메르세데스 벤츠,GLC350 e 4Matic,2019,SUV
2022-07-11,현대자동차,팰리세이드(PALISADE),2023,SUV
2022-07-11,르노코리아,QM6,2017,SUV
2022-07-11,르노코리아,QM6,2017,SUV
2022-07-11,현대자동차,싼타페(SANTAFE),2014,SUV
2022-07-11,메르세데스 벤츠,GLC350 e 4Matic,2019,SUV
2022-07-08,르노코리아,QM6,2017,SUV
2022-07-08,현대자동차,팰리세이드(PALISADE),2023,SUV
2022-07-08,현대자동차,팰리세이드(PALISADE),2023,SUV
2022-07-08,현대자동차,싼타페(SANTAFE),2015,SUV
2022-07-08,현대자동차,팰리세이드(PALISADE),2023,SUV
2022-07-08,기아,니로 EV,2019,SUV
2022-07-08,현대자동차,싼타페 하이브리드(SANTAFE HYBRID),2022,SUV
2022-07-11,현대자동차,팰리세이드(PALISADE),2023,SUV
2022-07-07,르노코리아,QM6,2022,SUV
2022-07-08,기아,니로 하이브리드,2020,SUV
2022-07-08,현대자동차,팰리세이드(PALISADE),2023,SUV
2022-07-08,르노코리아,QM6,2019,SUV
2022-07-08,현대자동차,팰리세이드(PALISADE),2023,SUV
2022-07-08,현대자동차,팰리세이드(PALISADE),2023,SUV
2022-07-08,르노코리아,QM6,2017,SUV
2022-07-07,현대자동차,팰리세이드(PALISADE),2023,SUV
2022-07-06,기아,쏘렌토 하이브리드,2022,SUV
2022-07-07,르노코리아,QM6,2017,SUV
2022-07-06,현대자동차,싼타페(SANTAFE),2013,SUV
2022-07-07,현대자동차,투싼 하이브리드(TUCSON HYBRID),2021,SUV
2022-07-07,기아,쏘렌토,2021,SUV
2022-07-07,르노코리아,QM6,2017,SUV
2022-07-07,현대자동차,코나 일렉트릭 (KONA ELECTRIC),2019,SUV
2022-07-06,재규어랜드로버,재규어 F-PACE 20d,2017,SUV
2022-07-07,현대자동차,팰리세이드(PALISADE),2023,SUV
2022-07-07,기아,니로 EV,2019,SUV
2022-07-08,현대자동차,팰리세이드(PALISADE),2023,SUV
2022-07-07,르노코리아,QM6,2017,SUV
2022-07-07,현대자동차,그랜드 스타렉스(GRAND STAREX),2019,MPV/미니밴
2022-07-05,기아,그랜드 카니발,2011,MPV/미니밴
2022-07-07,현대자동차,팰리세이드(PALISADE),2023,SUV
2022-07-07,현대자동차,팰리세이드(PALISADE),2023,SUV
2022-07-07,르노코리아,QM6,2017,SUV
2022-07-07,현대자동차,팰리세이드(PALISADE),2023,SUV
2022-07-05,현대자동차,GV70,2022,SUV
2022-07-07,기아,니로 EV,2019,SUV
2022-07-07,현대자동차,팰리세이드(PALISADE),2023,SUV
2022-07-07,현대자동차,스타리아 라운지 (STARIA LOUNGE),2022,MPV/미니밴
2022-07-06,기아,쏘렌토,2021,SUV
2022-07-06,현대자동차,팰리세이드(PALISADE),2023,SUV
2022-07-06,현대자동차,팰리세이드(PALISADE),2023,SUV
2022-07-06,현대자동차,팰리세이드(PALISADE),2023,SUV
2022-07-06,현대자동차,팰리세이드(PALISADE),2023,SUV
2022-07-06,현대자동차,팰리세이드(PALISADE),2023,SUV
2022-07-06,기아,니로 EV,2019,SUV
2022-07-06,르노코리아,XM3,2020,SUV
2022-07-06,르노코리아,QM6,2017,SUV
2022-07-06,르노코리아,QM3,2016,SUV
2022-07-06,기아,쏘렌토,2010,SUV
2022-07-06,르노코리아,QM6,2017,SUV
2022-07-06,기아,니로 EV,2019,SUV
2022-07-06,르노코리아,QM6,2018,SUV
2022-07-06,현대자동차,팰리세이드(PALISADE),2023,SUV
2022-07-06,현대자동차,팰리세이드(PALISADE),2023,SUV
2022-07-06,르노코리아,QM6,2017,SUV
2022-07-06,현대자동차,팰리세이드(PALISADE),2023,SUV
2022-07-06,현대자동차,팰리세이드(PALISADE),2023,SUV
2022-07-06,기아,니로 EV,2019,SUV
2022-07-06,현대자동차,팰리세이드(PALISADE),2023,SUV
2022-07-06,현대자동차,팰리세이드(PALISADE),2023,SUV
2022-07-06,현대자동차,팰리세이드(PALISADE),2023,SUV
2022-07-05,현대자동차,팰리세이드(PALISADE),2023,SUV
2022-07-05,현대자동차,팰리세이드(PALISADE),2023,SUV
2022-07-05,기아,니로 EV,2019,SUV
2022-07-05,현대자동차,팰리세이드(PALISADE),2023,SUV
2022-07-05,르노코리아,QM6,2017,SUV
2022-07-06,현대자동차,팰리세이드(PALISADE),2023,SUV
2022-07-05,르노코리아,QM6,2017,SUV
2022-07-05,현대자동차,팰리세이드(PALISADE),2023,SUV
2022-07-05,현대자동차,팰리세이드(PALISADE),2021,SUV
2022-07-05,현대자동차,팰리세이드(PALISADE),2023,SUV
2022-07-05,현대자동차,GV80,2022,SUV
2022-07-05,기아,니로 EV,2022,SUV
2022-07-05,현대자동차,팰리세이드(PALISADE),2023,SUV
2022-07-05,현대자동차,팰리세이드(PALISADE),2023,SUV
2022-07-05,현대자동차,팰리세이드(PALISADE),2023,SUV
2022-07-05,현대자동차,팰리세이드(PALISADE),2023,SUV
2022-07-05,현대자동차,팰리세이드(PALISADE),2023,SUV
2022-07-05,현대자동차,팰리세이드(PALISADE),2023,SUV
2022-07-05,르노코리아,QM6,2017,SUV
2022-07-05,혼다코리아,ODYSSEY,2022,MPV/미니밴
2022-07-05,기아,니로 EV,2019,SUV
2022-07-05,기아,쏘렌토 하이브리드,2021,SUV
2022-07-05,현대자동차,싼타페(SANTAFE),2013,SUV
2022-07-05,르노코리아,QM6,2019,SUV
2022-07-05,르노코리아,QM6,2017,SUV
2022-07-05,기아,니로 EV,2019,SUV
2022-07-05,현대자동차,팰리세이드(PALISADE),2023,SUV
2022-07-05,르노코리아,QM6,2018,SUV
2022-07-05,르노코리아,XM3,2020,SUV
2022-07-04,기아,니로 EV,2019,SUV
2022-07-04,기아,니로 EV,2019,SUV
2022-07-04,기아,니로 EV,2019,SUV
2022-07-04,기아,니로 EV,2019,SUV
2022-07-04,르노코리아,QM6,2017,SUV
2022-07-04,르노코리아,QM6,2019,SUV
2022-07-04,기아,니로 EV,2019,SUV
2022-07-04,르노코리아,QM6,2017,SUV
2022-07-04,르노코리아,XM3,2020,SUV
2022-07-04,르노코리아,QM6,2019,SUV
2022-07-04,르노코리아,QM6,2017,SUV
2022-07-04,기아,쏘렌토,2015,SUV
2022-06-30,현대자동차,코나 일렉트릭 (KONA ELECTRIC),2020,SUV
2022-07-04,현대자동차,싼타페(SANTAFE),2021,SUV
2022-07-04,르노코리아,QM6,2018,SUV
2022-07-04,현대자동차,투싼(TUCSON),2018,SUV
2022-06-30,르노코리아,QM6,2017,SUV
2022-06-30,기아,니로 EV,2019,SUV
2022-06-30,르노코리아,QM6,2019,SUV
2022-06-30,기아,니로 하이브리드,2020,SUV
2022-06-30,르노코리아,QM6,2019,SUV
2022-06-30,현대자동차,투싼(TUCSON),2018,SUV
2022-06-30,기아,쏘렌토 하이브리드,2021,SUV
2022-06-30,르노코리아,QM6,2019,SUV
2022-06-29,르노코리아,QM6,2017,SUV
2022-06-29,기아,쏘렌토,2021,SUV
2022-06-29,기아,쏘렌토,2021,SUV
2022-06-28,기아,쏘렌토 하이브리드,2022,SUV
2022-06-29,르노코리아,QM3,2015,SUV
2022-06-29,르노코리아,QM6,2017,SUV
2022-06-28,현대자동차,팰리세이드(PALISADE),2023,SUV
2022-06-29,르노코리아,QM6,2017,SUV
2022-06-29,메르세데스 벤츠,GLC350 e 4Matic,2018,SUV
2022-06-29,르노코리아,QM6,2017,SUV
2022-06-29,기아,니로 EV,2019,SUV
2022-06-29,르노코리아,QM6,2017,SUV
2022-06-29,기아,쏘렌토 하이브리드,2022,SUV
2022-06-28,기아,니로 하이브리드,2020,SUV
2022-06-28,르노코리아,QM6,2019,SUV
2022-06-28,기아,쏘렌토 하이브리드,2021,SUV
2022-06-28,기아,쏘렌토,2022,SUV
2022-06-27,KG 모빌리티,렉스턴,2014,SUV
2022-06-27,기아,니로 하이브리드,2020,SUV
2022-06-27,현대자동차,투싼(TUCSON),2016,SUV
2022-06-27,현대자동차,싼타페 하이브리드(SANTAFE HYBRID),2022,SUV
2022-06-27,기아,니로 하이브리드,2020,SUV
2022-06-27,기아,스포티지,2022,SUV
2022-06-27,기아,니로 하이브리드,2020,SUV
2022-06-27,현대자동차,싼타페(SANTAFE),2019,SUV
2022-06-27,기아,니로 하이브리드,2020,SUV
2022-06-27,현대자동차,싼타페(SANTAFE),2021,SUV
2022-06-27,기아,쏘렌토 하이브리드,2021,SUV
2022-06-24,르노코리아,QM6,2021,SUV
2022-06-24,KG 모빌리티,렉스턴스포츠,2020,SUV
2022-06-24,현대자동차,싼타페(SANTAFE),2018,SUV
2022-06-24,기아,쏘렌토 하이브리드,2021,SUV
2022-06-23,기아,쏘렌토 하이브리드,2022,SUV
2022-06-23,KG 모빌리티,렉스턴스포츠,2021,SUV
2022-06-23,기아,니로 하이브리드,2020,SUV
2022-06-23,기아,쏘렌토 하이브리드,2021,SUV
2022-06-23,현대자동차,스타리아 라운지 (STARIA LOUNGE),2022,MPV/미니밴
2022-06-22,기아,쏘렌토 하이브리드,2022,SUV
2022-06-22,기아,쏘렌토 하이브리드,2021,SUV
2022-06-22,기아,쏘렌토 하이브리드,2022,SUV
2022-06-22,기아,쏘렌토 하이브리드,2022,SUV
2022-06-22,기아,쏘렌토 하이브리드,2022,SUV
2022-06-21,기아,쏘렌토 하이브리드,2021,SUV
2022-06-22,기아,쏘렌토,2016,SUV
2022-06-22,기아,니로 EV,2019,SUV
2022-06-22,기아,카니발,2021,MPV/미니밴
2022-06-22,기아,니로 하이브리드,2020,SUV
2022-06-22,혼다코리아,ODYSSEY,2020,MPV/미니밴
2022-06-22,KG 모빌리티,렉스턴스포츠 칸,2021,SUV
2022-06-22,기아,쏘렌토 하이브리드,2021,SUV
2022-06-22,르노코리아,QM3,2015,SUV
2022-06-22,기아,니로 EV,2019,SUV
2022-06-20,기아,니로 EV,2019,SUV
2022-06-21,기아,쏘렌토,2016,SUV
2022-06-20,현대자동차,스타리아 (STARIA),2022,MPV/미니밴
2022-06-20,메르세데스 벤츠,Mercedes-Benz GLB250 4MATIC,2020,SUV
2022-06-20,르노코리아,QM3,2014,SUV
2022-06-20,현대자동차,투싼(TUCSON),2016,SUV
2022-06-20,현대자동차,싼타페 하이브리드(SANTAFE HYBRID),2022,SUV
2022-06-20,기아,니로 하이브리드,2020,SUV
2022-06-20,BMW,BMW X5 xDrive30d M Sport Package,2020,SUV
2022-06-20,기아,쏘렌토 하이브리드,2022,SUV
2022-06-20,현대자동차,싼타페(SANTAFE),2013,SUV
2022-06-16,현대자동차,싼타페(SANTAFE),2013,SUV
2022-06-17,혼다코리아,ODYSSEY,2022,MPV/미니밴
2022-06-17,기아,스포티지,2012,SUV
2022-06-17,혼다코리아,ODYSSEY,2021,MPV/미니밴
2022-06-17,재규어랜드로버,재규어 F-PACE D200,2021,SUV
2022-06-17,현대자동차,투싼(TUCSON),2017,SUV
2022-06-17,르노코리아,QM3,2015,SUV
2022-06-16,르노코리아,QM3,2014,SUV
2022-06-16,현대자동차,그랜드 스타렉스(GRAND STAREX),2017,MPV/미니밴
2022-06-16,기아,니로 하이브리드,2020,SUV
2022-06-16,기아,카니발,2019,MPV/미니밴
2022-06-16,포드,Explorer 3.0,2022,SUV
2022-06-15,기아,쏘렌토 하이브리드,2021,SUV
2022-06-16,기아,니로 EV,2019,SUV
2022-06-16,기아,스포티지 하이브리드,2022,SUV
2022-06-16,기아,스포티지 하이브리드,2022,SUV
2022-06-16,기아,니로 하이브리드,2020,SUV
2022-06-16,르노코리아,QM6,2017,SUV
2022-06-15,르노코리아,QM3,2014,SUV
2022-06-15,르노코리아,QM3,2014,SUV
2022-06-15,기아,쏘렌토,2021,SUV
2022-06-15,재규어랜드로버,재규어 F-PACE 20d,2017,SUV
2022-06-15,기아,스포티지,2019,SUV
2022-06-14,기아,쏘렌토,2020,SUV
2022-06-15,기아,니로 하이브리드,2017,SUV
2022-06-14,기아,니로 EV,2019,SUV
2022-06-14,현대자동차,코나 일렉트릭 (KONA ELECTRIC),2019,SUV
2022-06-14,기아,니로 EV,2019,SUV
2022-06-14,현대자동차,코나 N(KONA N),2022,SUV
2022-06-14,포드,Explorer 2.3 AWD,2018,SUV
2022-06-14,기아,쏘렌토 하이브리드,2022,SUV
2022-06-13,기아,니로 하이브리드,2022,SUV
2022-06-13,기아,니로 하이브리드,2020,SUV
2022-06-13,기아,그랜드 카니발,2009,MPV/미니밴
2022-06-10,현대자동차,팰리세이드(PALISADE),2019,SUV
2022-06-13,현대자동차,투싼(TUCSON),2017,SUV
2022-06-10,기아,니로 EV,2019,SUV
2022-06-10,기아,쏘렌토 하이브리드,2021,SUV
2022-06-09,르노코리아,QM6,2020,SUV
2022-06-09,기아,니로 하이브리드,2020,SUV
2022-06-09,르노코리아,QM6,2017,SUV
2022-06-09,기아,쏘렌토 하이브리드,2022,SUV
2022-06-09,현대자동차,스타리아 (STARIA),2022,MPV/미니밴
2022-06-08,기아,카니발,2016,MPV/미니밴
2022-06-08,기아,쏘렌토,2021,SUV
2022-06-08,기아,스포티지 하이브리드,2022,SUV
2022-06-08,기아,니로 EV,2019,SUV
2022-06-08,현대자동차,투싼(TUCSON),2016,SUV
2022-06-07,현대자동차,싼타페(SANTAFE),2013,SUV
2022-06-07,기아,카니발,2019,MPV/미니밴
2022-06-07,기아,모하비,2022,SUV
2022-06-07,기아,모하비,2021,SUV
2022-06-07,기아,쏘렌토 하이브리드,2021,SUV
2022-06-07,기아,쏘렌토 하이브리드,2021,SUV
2022-06-07,르노코리아,QM6,2017,SUV
2022-06-07,현대자동차,싼타페(SANTAFE),2013,SUV
2022-06-07,르노코리아,QM3,2014,SUV
2022-06-07,기아,니로 EV,2019,SUV
2022-06-07,기아,쏘렌토,2018,SUV
2022-06-07,현대자동차,GV70,2022,SUV
2022-06-07,기아,쏘렌토,2021,SUV
2022-06-03,기아,카니발,2022,MPV/미니밴
2022-06-02,재규어랜드로버,재규어 F-PACE 20d,2018,SUV
2022-06-02,재규어랜드로버,재규어 F-PACE 20d,2017,SUV
2022-06-03,기아,쏘렌토 하이브리드,2022,SUV
2022-06-03,기아,스포티지 하이브리드,2022,SUV
2022-06-02,기아,쏘렌토 하이브리드,2022,SUV
2022-06-02,기아,니로 하이브리드,2021,SUV
2022-06-02,기아,카니발,2016,MPV/미니밴
2022-06-02,기아,니로 하이브리드,2022,SUV
2022-06-02,기아,쏘렌토,2020,SUV
2022-06-02,현대자동차,코나 일렉트릭 (KONA ELECTRIC),2019,SUV
2022-06-02,기아,쏘렌토,2021,SUV
2022-06-02,기아,니로 하이브리드,2018,SUV
2022-05-31,메르세데스 벤츠,GLC350 e 4Matic,2019,SUV
2022-06-02,기아,니로 EV,2019,SUV
2022-05-31,기아,쏘렌토,2021,SUV
2022-05-30,기아,니로 EV,2022,SUV
2022-05-31,기아,니로 하이브리드,2022,SUV
2022-05-31,현대자동차,투싼(TUCSON),2016,SUV
2022-05-31,메르세데스 벤츠,Mercedes-Benz GLB250 4MATIC,2022,SUV
2022-05-30,기아,모하비,2020,SUV
2022-05-30,메르세데스 벤츠,Mercedes-Benz GLA250 4MATIC,2021,SUV
2022-05-30,현대자동차,싼타페(SANTAFE),2016,SUV
2022-05-30,현대자동차,GV70,2021,SUV
2022-05-30,기아,쏘렌토 하이브리드,2021,SUV
2022-05-30,기아,쏘렌토,2016,SUV
2022-05-30,KG 모빌리티,티볼리,2019,SUV
2022-05-30,현대자동차,싼타페(SANTAFE),2015,SUV
2022-05-30,기아,니로 하이브리드,2018,SUV
2022-05-30,기아,니로 하이브리드,2020,SUV
2022-05-30,르노코리아,QM6,2017,SUV
2022-05-30,기아,쏘렌토 하이브리드,2022,SUV
2022-05-30,기아,쏘렌토 하이브리드,2021,SUV
2022-05-27,현대자동차,싼타페(SANTAFE),2014,SUV
2022-05-27,기아,니로 EV,2019,SUV
2022-05-26,기아,쏘렌토 하이브리드,2021,SUV
2022-05-26,기아,쏘렌토 하이브리드,2021,SUV
2022-05-27,기아,니로 하이브리드,2022,SUV
2022-05-27,현대자동차,스타리아 라운지 (STARIA LOUNGE),2022,MPV/미니밴
2022-05-27,현대자동차,싼타페(SANTAFE),2015,SUV
2022-05-27,기아,니로 하이브리드,2022,SUV
2022-05-27,현대자동차,싼타페(SANTAFE),2015,SUV
2022-05-26,BMW,BMW X5 xDrive40i,2021,SUV
2022-05-26,메르세데스 벤츠,GLC350 e 4Matic,2019,SUV
2022-05-25,재규어랜드로버,재규어 F-PACE 20d,2017,SUV
2022-05-26,현대자동차,싼타페(SANTAFE),2014,SUV
2022-05-26,기아,쏘렌토 하이브리드,2021,SUV
2022-05-25,현대자동차,팰리세이드(PALISADE),2021,SUV
2022-05-25,현대자동차,팰리세이드(PALISADE),2021,SUV
2022-05-24,KG 모빌리티,티볼리 에어,2019,SUV
2022-05-24,기아,스포티지 하이브리드,2022,SUV
2022-05-23,현대자동차,GV70,2023,SUV
2022-05-24,메르세데스 벤츠,GLC350 e 4Matic,2019,SUV
2022-05-23,현대자동차,투싼 하이브리드(TUCSON HYBRID),2022,SUV
2022-05-20,KG 모빌리티,렉스턴스포츠,2021,SUV
2022-05-20,기아,쏘렌토 하이브리드,2021,SUV
2022-05-20,현대자동차,팰리세이드(PALISADE),2022,SUV
2022-05-20,기아,쏘렌토 하이브리드,2021,SUV
2022-05-20,기아,니로 하이브리드,2020,SUV
2022-05-19,재규어랜드로버,재규어 F-PACE 20d,2018,SUV
2022-05-19,KG 모빌리티,렉스턴,2021,SUV
2022-05-20,현대자동차,싼타페(SANTAFE),2008,SUV
2022-05-20,현대자동차,코나(KONA),2021,SUV
2022-05-20,기아,쏘렌토 하이브리드,2022,SUV
2022-05-19,기아,스포티지,2022,SUV
2022-05-19,기아,쏘렌토 하이브리드,2021,SUV
2022-05-19,기아,스포티지 하이브리드,2022,SUV
2022-05-19,기아,쏘렌토 하이브리드,2022,SUV
2022-05-18,현대자동차,싼타페(SANTAFE),2013,SUV
2022-05-18,기아,쏘렌토,2021,SUV
2022-05-18,기아,니로 PHEV,2018,SUV
2022-05-18,기아,니로 하이브리드,2020,SUV
2022-05-18,르노코리아,QM6,2020,SUV
2022-05-18,기아,쏘렌토 하이브리드,2022,SUV
2022-05-17,기아,카니발,2022,MPV/미니밴
2022-05-18,재규어랜드로버,재규어 F-PACE 20d,2017,SUV
2022-05-18,현대자동차,싼타페 하이브리드(SANTAFE HYBRID),2022,SUV
2022-05-17,르노코리아,QM6,2019,SUV
2022-05-17,기아,쏘렌토,2021,SUV
2022-05-17,기아,쏘렌토 하이브리드,2022,SUV
2022-05-17,기아,쏘렌토 하이브리드,2021,SUV
2022-05-17,기아,쏘렌토,2021,SUV
2022-05-17,기아,니로 EV,2019,SUV
2022-05-17,현대자동차,싼타페(SANTAFE),2015,SUV
2022-05-16,기아,스포티지,2016,SUV
2022-05-16,기아,쏘렌토 하이브리드,2021,SUV
2022-05-16,현대자동차,싼타페(SANTAFE),2013,SUV
2022-05-16,르노코리아,QM6,2017,SUV
2022-05-16,기아,쏘렌토 하이브리드,2021,SUV
2022-05-12,기아,쏘렌토 하이브리드,2021,SUV
2022-05-12,기아,쏘렌토 하이브리드,2021,SUV
2022-05-12,기아,쏘렌토 하이브리드,2022,SUV
2022-05-12,기아,쏘렌토 하이브리드,2022,SUV
2022-05-12,KG 모빌리티,티볼리,2018,SUV
2022-05-12,KG 모빌리티,티볼리,2015,SUV
2022-05-13,현대자동차,투싼(TUCSON),2016,SUV
2022-05-11,기아,쏘렌토 하이브리드,2021,SUV
2022-05-11,기아,쏘렌토 하이브리드,2021,SUV
2022-05-11,기아,쏘렌토 하이브리드,2021,SUV
2022-05-12,기아,스포티지,2017,SUV
2022-05-12,르노코리아,QM6,2019,SUV
2022-05-12,기아,스포티지,2006,SUV
2022-05-11,BMW,BMW X5 xDrive30d,2014,SUV
2022-05-12,현대자동차,GV70,2022,SUV
2022-05-12,현대자동차,싼타페(SANTAFE),2015,SUV
2022-05-12,현대자동차,싼타페(SANTAFE),2019,SUV
2022-05-11,메르세데스 벤츠,GLC350 e 4Matic,2019,SUV
2022-05-11,현대자동차,싼타페(SANTAFE),2015,SUV
2022-05-11,현대자동차,싼타페 하이브리드(SANTAFE HYBRID),2022,SUV
2022-05-11,현대자동차,싼타페(SANTAFE),2014,SUV
2022-05-11,기아,카니발,2019,MPV/미니밴
2022-05-10,현대자동차,싼타페 하이브리드(SANTAFE HYBRID),2022,SUV
2022-05-10,기아,니로 하이브리드,2018,SUV
2022-05-10,기아,스포티지 하이브리드,2022,SUV
2022-05-10,기아,쏘렌토 하이브리드,2021,SUV
2022-05-10,현대자동차,싼타페(SANTAFE),2015,SUV
2022-05-10,기아,니로 하이브리드,2020,SUV
2022-05-09,르노코리아,XM3,2022,SUV
2022-05-09,현대자동차,투싼(TUCSON),2016,SUV
2022-05-09,기아,쏘렌토 하이브리드,2021,SUV
2022-05-09,메르세데스 벤츠,GLC350 e 4Matic,2019,SUV
2022-05-09,기아,쏘렌토 하이브리드,2021,SUV
2022-05-09,기아,쏘렌토 하이브리드,2021,SUV
2022-05-09,기아,스포티지,2017,SUV
2022-05-09,기아,쏘렌토 하이브리드,2021,SUV
2022-05-09,기아,스포티지 하이브리드,2022,SUV
2022-05-09,기아,쏘렌토 하이브리드,2021,SUV
2022-05-09,기아,쏘렌토 하이브리드,2021,SUV
2022-05-06,기아,쏘렌토 하이브리드,2022,SUV
2022-05-06,기아,쏘렌토 하이브리드,2022,SUV
2022-05-09,기아,쏘렌토 하이브리드,2021,SUV
2022-05-09,기아,쏘렌토 하이브리드,2021,SUV
2022-05-09,기아,쏘렌토 하이브리드,2021,SUV
2022-05-09,기아,쏘렌토 하이브리드,2021,SUV
2022-05-09,기아,카니발,2018,MPV/미니밴
2022-05-09,재규어랜드로버,재규어 I-PACE EV400,2020,SUV
2022-05-09,재규어랜드로버,재규어 I-PACE EV400,2019,SUV
2022-05-09,기아,쏘렌토 하이브리드,2022,SUV
2022-05-09,기아,쏘렌토 하이브리드,2021,SUV
2022-05-09,현대자동차,팰리세이드(PALISADE),2021,SUV
2022-05-09,기아,쏘렌토 하이브리드,2022,SUV
2022-05-06,기아,쏘렌토 하이브리드,2022,SUV
2022-05-06,기아,쏘렌토 하이브리드,2021,SUV
2022-05-06,현대자동차,투싼 하이브리드(TUCSON HYBRID),2022,SUV
2022-05-06,기아,쏘렌토 하이브리드,2022,SUV
2022-05-06,현대자동차,싼타페 하이브리드(SANTAFE HYBRID),2022,SUV
2022-05-04,현대자동차,싼타페 하이브리드(SANTAFE HYBRID),2022,SUV
2022-05-04,기아,쏘렌토 하이브리드,2021,SUV
2022-05-04,기아,쏘렌토 하이브리드,2022,SUV
2022-05-04,기아,쏘렌토 하이브리드,2021,SUV
2022-05-04,기아,쏘렌토 하이브리드,2022,SUV
2022-05-04,기아,쏘렌토 하이브리드,2022,SUV
2022-05-06,기아,스포티지 하이브리드,2022,SUV
2022-05-06,기아,쏘렌토 하이브리드,2021,SUV
2022-05-06,기아,쏘렌토 하이브리드,2021,SUV
2022-05-06,기아,쏘렌토 하이브리드,2022,SUV
2022-05-06,기아,니로 하이브리드,2020,SUV
2022-05-04,기아,스포티지 하이브리드,2022,SUV
2022-05-03,기아,쏘렌토 하이브리드,2021,SUV
2022-05-03,기아,쏘렌토 하이브리드,2022,SUV
2022-05-03,기아,쏘렌토 하이브리드,2022,SUV
2022-05-04,기아,스포티지 하이브리드,2022,SUV
2022-05-03,기아,쏘렌토 하이브리드,2022,SUV
2022-05-03,기아,쏘렌토 하이브리드,2021,SUV
2022-05-04,포드,Explorer 2.3,2020,SUV
2022-05-03,기아,쏘렌토 하이브리드,2022,SUV
2022-05-03,기아,쏘렌토 하이브리드,2022,SUV
2022-05-04,기아,쏘렌토,2021,SUV
2022-05-04,재규어랜드로버,재규어 F-PACE 20d,2017,SUV
2022-05-04,현대자동차,싼타페(SANTAFE),2021,SUV
2022-05-04,기아,쏘렌토 하이브리드,2022,SUV
2022-05-04,기아,쏘렌토 하이브리드,2022,SUV
2022-05-04,기아,쏘렌토 하이브리드,2021,SUV
2022-05-06,기아,모하비,2022,SUV
2022-05-03,기아,스포티지 하이브리드,2022,SUV
2022-05-03,기아,쏘렌토 하이브리드,2021,SUV
2022-05-03,기아,쏘렌토 하이브리드,2022,SUV
2022-05-02,현대자동차,싼타페(SANTAFE),2013,SUV
2022-05-03,메르세데스 벤츠,GLC350 e 4Matic,2019,SUV
2022-05-03,기아,쏘렌토 하이브리드,2021,SUV
2022-05-03,기아,쏘렌토 하이브리드,2022,SUV
2022-05-03,기아,쏘렌토 하이브리드,2021,SUV
2022-05-03,현대자동차,싼타페(SANTAFE),2020,SUV
2022-05-02,기아,쏘렌토 하이브리드,2022,SUV
2022-05-02,기아,스포티지 하이브리드,2022,SUV
2022-05-02,기아,쏘렌토 하이브리드,2022,SUV
2022-05-02,기아,쏘렌토 하이브리드,2022,SUV
2022-05-02,기아,쏘렌토 하이브리드,2022,SUV
2022-05-02,기아,쏘렌토 하이브리드,2022,SUV
2022-05-02,기아,스포티지 하이브리드,2022,SUV
2022-05-02,기아,모하비,2021,SUV
2022-05-02,기아,쏘렌토 하이브리드,2022,SUV
2022-05-02,재규어랜드로버,재규어 F-PACE 20d,2017,SUV
2022-05-02,기아,카니발,2021,MPV/미니밴
2022-04-29,기아,스포티지 하이브리드,2022,SUV
2022-04-29,포드,Explorer 2.3,2021,SUV
2022-04-29,현대자동차,싼타페(SANTAFE),2014,SUV
2022-04-28,기아,쏘렌토 하이브리드,2021,SUV
2022-04-29,기아,스포티지 하이브리드,2022,SUV
2022-04-29,메르세데스 벤츠,Mercedes-Benz GLB250 4MATIC,2020,SUV
2022-04-29,현대자동차,투싼(TUCSON),2016,SUV
2022-04-29,기아,쏘렌토,2015,SUV
2022-04-29,현대자동차,싼타페 하이브리드(SANTAFE HYBRID),2022,SUV
2022-04-29,기아,스포티지 하이브리드,2022,SUV
2022-04-29,기아,쏘렌토 하이브리드,2021,SUV
2022-04-29,기아,스포티지 하이브리드,2022,SUV
2022-04-29,기아,니로 하이브리드,2018,SUV
2022-04-29,기아,쏘렌토 하이브리드,2022,SUV
2022-04-29,기아,쏘렌토 하이브리드,2021,SUV
2022-04-29,기아,쏘렌토 하이브리드,2022,SUV
2022-04-28,기아,쏘렌토 하이브리드,2022,SUV
2022-04-28,기아,쏘렌토 하이브리드,2022,SUV
2022-04-28,현대자동차,싼타페(SANTAFE),2015,SUV
2022-04-28,현대자동차,GV80,2020,SUV
2022-04-28,현대자동차,싼타페 하이브리드(SANTAFE HYBRID),2022,SUV
2022-04-28,기아,니로 하이브리드,2021,SUV
2022-04-28,기아,쏘렌토 하이브리드,2021,SUV
2022-04-28,기아,쏘렌토 하이브리드,2021,SUV
2022-04-28,기아,쏘렌토 하이브리드,2021,SUV
2022-04-27,기아,스포티지 하이브리드,2022,SUV
2022-04-27,토요타,토요타 RAV4 Hybrid 2WD,2019,SUV
2022-04-26,현대자동차,GV70,2022,SUV
2022-04-27,기아,카니발,2021,MPV/미니밴
2022-04-27,기아,쏘렌토 하이브리드,2022,SUV
2022-04-27,현대자동차,투싼 하이브리드(TUCSON HYBRID),2021,SUV
2022-04-27,기아,니로 하이브리드,2020,SUV
2022-04-27,토요타,토요타 RAV4 Hybrid AWD,2019,SUV
2022-04-27,토요타,토요타 RAV4,2019,SUV
2022-04-27,토요타,토요타 RAV4 Hybrid AWD,2020,SUV
2022-04-27,기아,쏘렌토 하이브리드,2021,SUV
2022-04-27,현대자동차,싼타페 하이브리드(SANTAFE HYBRID),2022,SUV
2022-04-26,현대자동차,싼타페 하이브리드(SANTAFE HYBRID),2022,SUV
2022-04-26,기아,쏘렌토 하이브리드,2021,SUV
2022-04-26,기아,쏘렌토 하이브리드,2021,SUV
2022-04-26,기아,스포티지 하이브리드,2022,SUV
2022-04-26,르노코리아,QM3,2014,SUV
2022-04-26,현대자동차,싼타페 하이브리드(SANTAFE HYBRID),2022,SUV
2022-04-25,기아,쏘렌토 하이브리드,2021,SUV
2022-04-25,현대자동차,싼타페(SANTAFE),2015,SUV
2022-04-25,기아,니로 하이브리드,2018,SUV
2022-04-25,기아,니로 하이브리드,2019,SUV
2022-04-25,포드,Explorer 3.0,2021,SUV
2022-04-25,현대자동차,싼타페(SANTAFE),2019,SUV
2022-04-25,현대자동차,싼타페 하이브리드(SANTAFE HYBRID),2022,SUV
2022-04-25,기아,스포티지 하이브리드,2022,SUV
2022-04-25,기아,쏘렌토 하이브리드,2021,SUV
2022-04-25,현대자동차,싼타페 하이브리드(SANTAFE HYBRID),2022,SUV
2022-04-25,현대자동차,싼타페 하이브리드(SANTAFE HYBRID),2022,SUV
2022-04-25,기아,쏘렌토 하이브리드,2021,SUV
2022-04-25,현대자동차,싼타페 하이브리드(SANTAFE HYBRID),2022,SUV
2022-04-25,기아,쏘렌토 하이브리드,2021,SUV
2022-04-25,기아,쏘렌토 하이브리드,2022,SUV
2022-04-22,기아,스포티지 하이브리드,2022,SUV
2022-04-25,기아,쏘렌토 하이브리드,2022,SUV
2022-04-25,포드,Explorer 2.3,2021,SUV
2022-04-25,현대자동차,투싼 하이브리드(TUCSON HYBRID),2021,SUV
2022-04-25,현대자동차,투싼(TUCSON),2018,SUV
2022-04-25,포드,Explorer 2.3,2021,SUV
2022-04-25,포드,Explorer 3.0,2021,SUV
2022-04-22,포드,Explorer 3.0,2021,SUV
2022-04-22,기아,쏘렌토 하이브리드,2022,SUV
2022-04-22,포드,Explorer 3.0,2021,SUV
2022-04-22,포드,Explorer 3.0,2021,SUV
2022-04-22,현대자동차,싼타페 하이브리드(SANTAFE HYBRID),2022,SUV
2022-04-21,토요타,토요타 RAV4 Hybrid AWD,2019,SUV
2022-04-22,기아,니로 하이브리드,2022,SUV
2022-04-22,현대자동차,그랜드스타렉스(GRAND STAREX),2008,MPV/미니밴
2022-04-22,기아,쏘렌토 하이브리드,2021,SUV
2022-04-22,포드,Explorer 2.3,2021,SUV
2022-04-22,기아,쏘렌토 하이브리드,2021,SUV
2022-04-22,포드,Explorer 3.0,2021,SUV
2022-04-22,기아,쏘렌토 하이브리드,2021,SUV
2022-04-22,기아,쏘렌토 하이브리드,2022,SUV
2022-04-22,현대자동차,싼타페 하이브리드(SANTAFE HYBRID),2022,SUV
2022-04-22,현대자동차,투싼(TUCSON),2018,SUV
2022-04-22,포드,Explorer 2.3,2021,SUV
2022-04-22,포드,Explorer 2.3,2021,SUV
2022-04-22,포드,Explorer 2.3,2020,SUV
2022-04-22,포드,Explorer 3.0 PHEV,2020,SUV
2022-04-22,포드,Explorer 2.3,2021,SUV
2022-04-22,현대자동차,투싼 하이브리드(TUCSON HYBRID),2021,SUV
2022-04-22,포드,Explorer 3.0,2021,SUV
2022-04-22,포드,Explorer 2.3,2021,SUV
2022-04-22,포드,Explorer 2.3,2020,SUV
2022-04-22,기아,쏘렌토 하이브리드,2021,SUV
2022-04-22,포드,Explorer 2.3,2021,SUV
2022-04-22,포드,Explorer 2.3,2020,SUV
2022-04-22,포드,Explorer 2.3,2021,SUV
2022-04-22,포드,Explorer 3.0,2021,SUV
2022-04-22,포드,Explorer 2.3,2020,SUV
2022-04-22,포드,Explorer 2.3,2021,SUV
2022-04-21,포드,Explorer 3.0 PHEV,2021,SUV
2022-04-21,포드,Explorer 2.3,2021,SUV
2022-04-21,포드,Explorer 2.3,2021,SUV
2022-04-21,기아,쏘렌토 하이브리드,2021,SUV
2022-04-21,포드,Explorer 2.3,2020,SUV
2022-04-21,포드,Explorer 2.3,2021,SUV
2022-04-21,포드,Explorer 3.0,2022,SUV
2022-04-21,기아,스포티지 하이브리드,2022,SUV
2022-04-21,기아,스포티지 하이브리드,2022,SUV
2022-04-21,현대자동차,싼타페(SANTAFE),2021,SUV
2022-04-21,현대자동차,싼타페 하이브리드(SANTAFE HYBRID),2022,SUV
2022-04-21,기아,스포티지 하이브리드,2022,SUV
2022-04-21,기아,스포티지 하이브리드,2022,SUV
2022-04-21,현대자동차,싼타페 하이브리드(SANTAFE HYBRID),2022,SUV
2022-04-21,현대자동차,싼타페 하이브리드(SANTAFE HYBRID),2022,SUV
2022-04-21,현대자동차,싼타페 하이브리드(SANTAFE HYBRID),2022,SUV
2022-04-20,기아,니로 하이브리드,2020,SUV
2022-04-21,기아,스포티지 하이브리드,2022,SUV
2022-04-21,기아,쏘렌토 하이브리드,2021,SUV
2022-04-21,현대자동차,싼타페(SANTAFE),2015,SUV
2022-04-21,기아,스포티지 하이브리드,2022,SUV
2022-04-21,현대자동차,싼타페 하이브리드(SANTAFE HYBRID),2022,SUV
2022-04-21,기아,쏘렌토 하이브리드,2022,SUV
2022-04-21,기아,쏘렌토 하이브리드,2021,SUV
2022-04-21,기아,스포티지 하이브리드,2022,SUV
2022-04-21,기아,쏘렌토 하이브리드,2021,SUV
2022-04-21,기아,스포티지 하이브리드,2022,SUV
2022-04-21,기아,쏘렌토 하이브리드,2021,SUV
2022-04-21,기아,쏘렌토 하이브리드,2022,SUV
2022-04-20,기아,쏘렌토 하이브리드,2022,SUV
2022-04-20,기아,쏘렌토 하이브리드,2022,SUV
2022-04-20,현대자동차,싼타페(SANTAFE),2021,SUV
2022-04-20,기아,스포티지 하이브리드,2022,SUV
2022-04-20,기아,니로 하이브리드,2018,SUV
2022-04-20,현대자동차,싼타페 하이브리드(SANTAFE HYBRID),2022,SUV
2022-04-20,KG 모빌리티,렉스턴스포츠,2019,SUV
2022-04-20,기아,쏘렌토 하이브리드,2021,SUV
2022-04-20,기아,쏘렌토 하이브리드,2022,SUV
2022-04-20,기아,쏘렌토 하이브리드,2021,SUV
2022-04-20,기아,쏘렌토 하이브리드,2021,SUV
2022-04-20,기아,니로 하이브리드,2022,SUV
2022-04-20,기아,쏘렌토 하이브리드,2022,SUV
2022-04-20,기아,스포티지 하이브리드,2022,SUV
2022-04-20,기아,니로 하이브리드,2020,SUV
2022-04-20,기아,쏘렌토 하이브리드,2021,SUV
2022-04-20,기아,니로 하이브리드,2020,SUV
2022-04-20,기아,니로 하이브리드,2020,SUV
2022-04-19,기아,쏘렌토 하이브리드,2021,SUV
2022-04-19,기아,쏘렌토 하이브리드,2022,SUV
2022-04-19,기아,쏘렌토 하이브리드,2021,SUV
2022-04-19,기아,쏘렌토 하이브리드,2022,SUV
2022-04-19,기아,니로 하이브리드,2020,SUV
2022-04-19,기아,니로 하이브리드,2020,SUV
2022-04-19,기아,쏘렌토 하이브리드,2022,SUV
2022-04-19,기아,카니발,2015,MPV/미니밴
2022-04-19,기아,쏘렌토 하이브리드,2022,SUV
2022-04-19,기아,니로 하이브리드,2021,SUV
2022-04-19,기아,쏘렌토 하이브리드,2022,SUV
2022-04-19,기아,쏘렌토 하이브리드,2022,SUV
2022-04-19,기아,쏘렌토 하이브리드,2021,SUV
2022-04-19,기아,쏘렌토 하이브리드,2021,SUV
2022-04-19,기아,쏘렌토 하이브리드,2021,SUV
2022-04-19,기아,쏘렌토 하이브리드,2021,SUV
2022-04-19,기아,니로 하이브리드,2020,SUV
2022-04-19,기아,쏘렌토 하이브리드,2021,SUV
2022-04-18,현대자동차,싼타페(SANTAFE),2021,SUV
2022-04-19,기아,쏘렌토 하이브리드,2022,SUV
2022-04-19,기아,스포티지 하이브리드,2022,SUV
2022-04-19,기아,쏘렌토 하이브리드,2021,SUV
2022-04-19,기아,쏘렌토,2021,SUV
2022-04-19,기아,쏘렌토 하이브리드,2022,SUV
2022-04-18,기아,쏘렌토 하이브리드,2021,SUV
2022-04-19,기아,스포티지 하이브리드,2022,SUV
2022-04-19,기아,니로 하이브리드,2020,SUV
2022-04-19,현대자동차,싼타페 하이브리드(SANTAFE HYBRID),2022,SUV
2022-04-19,현대자동차,싼타페 하이브리드(SANTAFE HYBRID),2022,SUV
2022-04-19,기아,니로 하이브리드,2017,SUV
2022-04-19,현대자동차,싼타페 하이브리드(SANTAFE HYBRID),2022,SUV
2022-04-19,기아,쏘렌토 하이브리드,2021,SUV
2022-04-19,현대자동차,투싼 하이브리드(TUCSON HYBRID),2021,SUV
2022-04-19,현대자동차,투싼 하이브리드(TUCSON HYBRID),2021,SUV
2022-04-19,기아,쏘렌토 하이브리드,2021,SUV
2022-04-19,현대자동차,투싼 하이브리드(TUCSON HYBRID),2021,SUV
2022-04-19,현대자동차,투싼 하이브리드(TUCSON HYBRID),2021,SUV
2022-04-18,기아,니로 하이브리드,2017,SUV
2022-04-18,기아,쏘렌토 하이브리드,2022,SUV
2022-04-18,현대자동차,투싼 하이브리드(TUCSON HYBRID),2022,SUV
2022-04-18,기아,니로 하이브리드,2020,SUV
2022-04-18,기아,쏘렌토 하이브리드,2022,SUV
2022-04-18,현대자동차,투싼 하이브리드(TUCSON HYBRID),2021,SUV
2022-04-18,기아,쏘렌토 하이브리드,2021,SUV
2022-04-18,기아,스포티지 하이브리드,2022,SUV
2022-04-18,기아,니로 하이브리드,2022,SUV
2022-04-18,기아,쏘렌토 하이브리드,2021,SUV
2022-04-18,기아,쏘렌토 하이브리드,2021,SUV
2022-04-18,기아,쏘렌토 하이브리드,2022,SUV
2022-04-18,기아,쏘렌토 하이브리드,2021,SUV
2022-04-18,기아,쏘렌토 하이브리드,2021,SUV
2022-04-18,기아,쏘렌토 하이브리드,2022,SUV
2022-04-18,기아,쏘렌토 하이브리드,2021,SUV
2022-04-18,기아,니로 하이브리드,2018,SUV
2022-04-18,현대자동차,투싼 하이브리드(TUCSON HYBRID),2021,SUV
2022-04-18,기아,쏘렌토 하이브리드,2022,SUV
2022-04-18,기아,니로 하이브리드,2018,SUV
2022-04-18,기아,쏘렌토 하이브리드,2021,SUV
2022-04-18,기아,스포티지 하이브리드,2022,SUV
2022-04-18,현대자동차,싼타페 하이브리드(SANTAFE HYBRID),2022,SUV
2022-04-18,기아,니로 PHEV,2019,SUV
2022-04-18,기아,쏘렌토 하이브리드,2021,SUV
2022-04-18,기아,스포티지 하이브리드,2022,SUV
2022-04-18,기아,쏘렌토 하이브리드,2021,SUV
2022-04-18,기아,쏘렌토 하이브리드,2021,SUV
2022-04-18,기아,니로 하이브리드,2020,SUV
2022-04-19,기아,쏘렌토 하이브리드,2021,SUV
2022-04-18,기아,쏘렌토 하이브리드,2022,SUV
2022-04-18,기아,니로 하이브리드,2022,SUV
2022-04-18,현대자동차,투싼 하이브리드(TUCSON HYBRID),2021,SUV
2022-04-18,기아,니로 하이브리드,2020,SUV
2022-04-18,현대자동차,싼타페(SANTAFE),2015,SUV
2022-04-18,기아,니로 하이브리드,2020,SUV
2022-04-18,기아,스포티지 하이브리드,2022,SUV
2022-04-18,현대자동차,투싼 하이브리드(TUCSON HYBRID),2021,SUV
2022-04-18,기아,쏘렌토 하이브리드,2021,SUV
2022-04-18,기아,쏘렌토 하이브리드,2022,SUV
2022-04-18,현대자동차,싼타페(SANTAFE),2015,SUV
2022-04-18,기아,스포티지 하이브리드,2022,SUV
2022-04-18,기아,쏘렌토 하이브리드,2022,SUV
2022-04-18,기아,스포티지 하이브리드,2022,SUV
2022-04-18,현대자동차,투싼 하이브리드(TUCSON HYBRID),2022,SUV
2022-04-18,기아,쏘렌토 하이브리드,2022,SUV
2022-04-18,기아,쏘렌토 하이브리드,2022,SUV
2022-04-18,르노코리아,QM6,2017,SUV
2022-04-18,기아,니로 하이브리드,2022,SUV
2022-04-18,기아,쏘렌토 하이브리드,2021,SUV
2022-04-18,기아,카니발,2021,MPV/미니밴
2022-04-18,기아,쏘렌토 하이브리드,2022,SUV
2022-04-18,기아,쏘렌토 하이브리드,2021,SUV
2022-04-18,현대자동차,싼타페(SANTAFE),2015,SUV
2022-04-18,기아,쏘렌토 하이브리드,2022,SUV
2022-04-18,기아,쏘렌토 하이브리드,2021,SUV
2022-04-18,기아,쏘렌토 하이브리드,2021,SUV
2022-04-18,기아,쏘렌토 하이브리드,2022,SUV
2022-04-18,기아,쏘렌토 하이브리드,2021,SUV
2022-04-18,기아,쏘렌토 하이브리드,2021,SUV
2022-04-18,기아,쏘렌토 하이브리드,2021,SUV
2022-04-18,기아,쏘렌토 하이브리드,2021,SUV
2022-04-18,기아,쏘렌토 하이브리드,2021,SUV
2022-04-18,현대자동차,싼타페 하이브리드(SANTAFE HYBRID),2022,SUV
2022-04-18,기아,쏘렌토 하이브리드,2021,SUV
2022-04-18,기아,쏘렌토 하이브리드,2021,SUV
2022-04-18,기아,쏘렌토 하이브리드,2021,SUV
2022-04-18,기아,쏘렌토 하이브리드,2021,SUV
2022-04-18,기아,쏘렌토 하이브리드,2021,SUV
2022-04-18,기아,쏘렌토 하이브리드,2021,SUV
2022-04-15,기아,쏘렌토 하이브리드,2021,SUV
2022-04-18,기아,쏘렌토 하이브리드,2021,SUV
2022-04-18,기아,쏘렌토 하이브리드,2021,SUV
2022-04-18,기아,쏘렌토 하이브리드,2021,SUV
2022-04-18,현대자동차,싼타페 하이브리드(SANTAFE HYBRID),2022,SUV
2022-04-18,현대자동차,투싼 하이브리드(TUCSON HYBRID),2021,SUV
2022-04-18,기아,니로 EV,2022,SUV
2022-04-18,기아,쏘렌토 하이브리드,2021,SUV
2022-04-18,기아,쏘렌토 하이브리드,2021,SUV
2022-04-15,기아,쏘렌토 하이브리드,2021,SUV
2022-04-18,기아,쏘렌토 하이브리드,2021,SUV
2022-04-18,기아,쏘렌토 하이브리드,2021,SUV
2022-04-18,기아,쏘렌토 하이브리드,2021,SUV
2022-04-18,기아,쏘렌토 하이브리드,2021,SUV
2022-04-18,현대자동차,투싼 하이브리드(TUCSON HYBRID),2021,SUV
2022-04-18,현대자동차,싼타페 하이브리드(SANTAFE HYBRID),2022,SUV
2022-04-18,기아,쏘렌토 하이브리드,2022,SUV
2022-04-15,기아,쏘렌토 하이브리드,2021,SUV
2022-04-18,기아,쏘렌토 하이브리드,2021,SUV
2022-04-18,기아,쏘렌토 하이브리드,2022,SUV
2022-04-18,기아,쏘렌토 하이브리드,2022,SUV
2022-04-18,기아,쏘렌토 하이브리드,2022,SUV
2022-04-18,현대자동차,싼타페 하이브리드(SANTAFE HYBRID),2022,SUV
2022-04-18,기아,쏘렌토 하이브리드,2021,SUV
2022-04-18,기아,쏘렌토 하이브리드,2022,SUV
2022-04-18,기아,쏘렌토 하이브리드,2021,SUV
2022-04-18,기아,쏘렌토 하이브리드,2021,SUV
2022-04-18,기아,쏘렌토 하이브리드,2021,SUV
2022-04-18,기아,쏘렌토 하이브리드,2022,SUV
2022-04-18,기아,쏘렌토 하이브리드,2022,SUV
2022-04-18,기아,쏘렌토 하이브리드,2022,SUV
2022-04-18,기아,쏘렌토 하이브리드,2021,SUV
2022-04-18,기아,카니발,2019,MPV/미니밴
2022-04-15,현대자동차,투싼 하이브리드(TUCSON HYBRID),2021,SUV
2022-04-15,기아,쏘렌토 하이브리드,2022,SUV
2022-04-15,기아,니로 하이브리드,2022,SUV
2022-04-15,기아,쏘렌토 하이브리드,2021,SUV
2022-04-15,현대자동차,싼타페 하이브리드(SANTAFE HYBRID),2022,SUV
2022-04-15,기아,쏘렌토 하이브리드,2021,SUV
2022-04-15,기아,쏘렌토 하이브리드,2022,SUV
2022-04-15,기아,쏘렌토 하이브리드,2022,SUV
2022-04-15,기아,쏘렌토 하이브리드,2021,SUV
2022-04-15,기아,쏘렌토 하이브리드,2021,SUV
2022-04-15,기아,쏘렌토 하이브리드,2021,SUV
2022-04-15,기아,쏘렌토 하이브리드,2022,SUV
2022-04-15,기아,쏘렌토 하이브리드,2022,SUV
2022-04-15,기아,스포티지 하이브리드,2022,SUV
2022-04-15,기아,쏘렌토 하이브리드,2022,SUV
2022-04-15,기아,쏘렌토 하이브리드,2022,SUV
2022-04-15,기아,쏘렌토 하이브리드,2022,SUV
2022-04-15,기아,쏘렌토 하이브리드,2022,SUV
2022-04-15,기아,쏘렌토 하이브리드,2021,SUV
2022-04-15,현대자동차,싼타페 하이브리드(SANTAFE HYBRID),2022,SUV
2022-04-15,기아,쏘렌토 하이브리드,2022,SUV
2022-04-15,현대자동차,싼타페 하이브리드(SANTAFE HYBRID),2022,SUV
2022-04-15,기아,쏘렌토 하이브리드,2021,SUV
2022-04-15,기아,쏘렌토 하이브리드,2022,SUV
2022-04-15,기아,쏘렌토 하이브리드,2021,SUV
2022-04-15,기아,쏘렌토 하이브리드,2022,SUV
2022-04-15,기아,쏘렌토 하이브리드,2021,SUV
2022-04-15,기아,쏘렌토 하이브리드,2021,SUV
2022-04-15,기아,쏘렌토 하이브리드,2022,SUV
2022-04-15,기아,쏘렌토 하이브리드,2022,SUV
2022-04-15,기아,쏘렌토 하이브리드,2022,SUV
2022-04-15,기아,쏘렌토 하이브리드,2021,SUV
2022-04-15,기아,쏘렌토 하이브리드,2021,SUV
2022-04-15,기아,쏘렌토 하이브리드,2021,SUV
2022-04-15,기아,쏘렌토 하이브리드,2021,SUV
2022-04-15,기아,쏘렌토 하이브리드,2021,SUV
2022-04-15,기아,쏘렌토 하이브리드,2022,SUV
2022-04-15,기아,쏘렌토 하이브리드,2021,SUV
2022-04-15,기아,쏘렌토 하이브리드,2021,SUV
2022-04-15,기아,쏘렌토 하이브리드,2022,SUV
2022-04-15,기아,쏘렌토 하이브리드,2021,SUV
2022-04-15,기아,쏘렌토 하이브리드,2021,SUV
2022-04-15,기아,쏘렌토 하이브리드,2021,SUV
2022-04-15,기아,쏘렌토 하이브리드,2021,SUV
2022-04-15,기아,쏘렌토 하이브리드,2022,SUV
2022-04-15,기아,쏘렌토 하이브리드,2022,SUV
2022-04-15,기아,쏘렌토 하이브리드,2021,SUV
2022-04-15,기아,쏘렌토 하이브리드,2022,SUV
2022-04-15,기아,쏘렌토 하이브리드,2022,SUV
2022-04-15,기아,쏘렌토 하이브리드,2022,SUV
2022-04-15,기아,쏘렌토 하이브리드,2022,SUV
2022-04-15,기아,쏘렌토 하이브리드,2022,SUV
2022-04-15,기아,쏘렌토 하이브리드,2021,SUV
2022-04-15,기아,쏘렌토 하이브리드,2021,SUV
2022-04-15,기아,쏘렌토 하이브리드,2021,SUV
2022-04-15,기아,쏘렌토 하이브리드,2022,SUV
2022-04-15,기아,쏘렌토 하이브리드,2022,SUV
2022-04-15,기아,쏘렌토 하이브리드,2022,SUV
2022-04-15,현대자동차,투싼 하이브리드(TUCSON HYBRID),2021,SUV
2022-04-15,기아,쏘렌토 하이브리드,2021,SUV
2022-04-15,기아,스포티지 하이브리드,2022,SUV
2022-04-14,기아,쏘렌토 하이브리드,2022,SUV
2022-04-15,기아,쏘렌토 하이브리드,2021,SUV
2022-04-15,기아,쏘렌토 하이브리드,2021,SUV
2022-04-15,기아,니로 하이브리드,2019,SUV
2022-04-15,기아,쏘렌토 하이브리드,2021,SUV
2022-04-15,기아,쏘렌토 하이브리드,2021,SUV
2022-04-15,기아,쏘렌토 하이브리드,2022,SUV
2022-04-14,KG 모빌리티,G4 렉스턴,2019,SUV
2022-04-18,기아,쏘렌토 하이브리드,2021,SUV
2022-04-15,기아,쏘렌토 하이브리드,2021,SUV
2022-04-15,기아,쏘렌토 하이브리드,2021,SUV
2022-04-15,기아,쏘렌토 하이브리드,2021,SUV
2022-04-15,기아,쏘렌토 하이브리드,2021,SUV
2022-04-15,기아,쏘렌토 하이브리드,2021,SUV
2022-04-14,현대자동차,투싼(TUCSON),2021,SUV
2022-04-14,기아,스포티지 하이브리드,2022,SUV
2022-04-14,기아,쏘렌토 하이브리드,2021,SUV
2022-04-14,기아,쏘렌토 하이브리드,2022,SUV
2022-04-14,기아,쏘렌토 하이브리드,2022,SUV
2022-04-14,기아,쏘렌토 하이브리드,2021,SUV
2022-04-14,기아,쏘렌토 하이브리드,2022,SUV
2022-04-14,기아,쏘렌토 하이브리드,2021,SUV
2022-04-14,기아,쏘렌토 하이브리드,2021,SUV
2022-04-14,기아,스포티지 하이브리드,2022,SUV
2022-04-15,현대자동차,투싼 하이브리드(TUCSON HYBRID),2021,SUV
2022-04-14,기아,스포티지 하이브리드,2022,SUV
2022-04-14,기아,스포티지 하이브리드,2022,SUV
2022-04-14,기아,스포티지 하이브리드,2022,SUV
2022-04-14,기아,스포티지 하이브리드,2022,SUV
2022-04-14,기아,쏘렌토 하이브리드,2021,SUV
2022-04-14,기아,스포티지 하이브리드,2022,SUV
2022-04-14,기아,쏘렌토 하이브리드,2021,SUV
2022-04-14,기아,스포티지 하이브리드,2022,SUV
2022-04-13,기아,쏘렌토 하이브리드,2021,SUV
2022-04-13,기아,스포티지 하이브리드,2022,SUV
2022-04-13,기아,스포티지 하이브리드,2022,SUV
2022-04-13,기아,스포티지 하이브리드,2022,SUV
2022-04-13,기아,스포티지 하이브리드,2022,SUV
2022-04-13,기아,스포티지 하이브리드,2022,SUV
2022-04-13,기아,스포티지 하이브리드,2022,SUV
2022-04-13,기아,스포티지 하이브리드,2022,SUV
2022-04-13,기아,스포티지 하이브리드,2022,SUV
2022-04-13,현대자동차,투싼 하이브리드(TUCSON HYBRID),2021,SUV
2022-04-13,기아,스포티지 하이브리드,2022,SUV
2022-04-13,혼다코리아,ODYSSEY,2021,MPV/미니밴
2022-04-13,현대자동차,싼타페(SANTAFE),2019,SUV
2022-04-13,기아,쏘렌토 하이브리드,2021,SUV
2022-04-13,기아,쏘렌토 하이브리드,2021,SUV
2022-04-13,기아,쏘렌토 하이브리드,2022,SUV
2022-04-13,기아,쏘렌토,2021,SUV
2022-04-13,기아,스포티지 하이브리드,2022,SUV
2022-04-13,기아,스포티지 하이브리드,2022,SUV
2022-04-13,기아,스포티지 하이브리드,2022,SUV
2022-04-13,기아,스포티지 하이브리드,2022,SUV
2022-04-13,기아,스포티지 하이브리드,2022,SUV
2022-04-13,기아,스포티지 하이브리드,2022,SUV
2022-04-13,기아,스포티지 하이브리드,2022,SUV
2022-04-13,기아,스포티지 하이브리드,2022,SUV
2022-04-13,기아,카니발,2019,MPV/미니밴
2022-04-13,기아,스포티지 하이브리드,2022,SUV
2022-04-13,기아,스포티지,2022,SUV
2022-04-12,기아,스포티지 하이브리드,2022,SUV
2022-04-12,기아,스포티지 하이브리드,2022,SUV
2022-04-12,기아,스포티지,2022,SUV
2022-04-12,기아,스포티지,2022,SUV
2022-04-12,르노코리아,QM3,2015,SUV
2022-04-12,기아,쏘렌토 하이브리드,2021,SUV
2022-04-12,기아,스포티지 하이브리드,2022,SUV
2022-04-12,기아,스포티지 하이브리드,2022,SUV
2022-04-12,기아,스포티지 하이브리드,2022,SUV
2022-04-12,기아,스포티지 하이브리드,2022,SUV
2022-04-12,현대자동차,투싼(TUCSON),2016,SUV
2022-04-12,기아,스포티지 하이브리드,2022,SUV
2022-04-12,기아,스포티지 하이브리드,2022,SUV
2022-04-12,기아,스포티지 하이브리드,2022,SUV
2022-04-12,기아,스포티지,2016,SUV
2022-04-12,기아,니로 EV,2019,SUV
2022-04-12,기아,스포티지 하이브리드,2022,SUV
2022-04-12,기아,스포티지 하이브리드,2022,SUV
2022-04-12,기아,스포티지 하이브리드,2022,SUV
2022-04-12,현대자동차,투싼 하이브리드(TUCSON HYBRID),2021,SUV
2022-04-12,기아,스포티지 하이브리드,2022,SUV
2022-04-12,메르세데스 벤츠,GLC350 e 4Matic,2019,SUV
2022-04-12,현대자동차,투싼(TUCSON),2016,SUV
2022-04-11,기아,쏘렌토 하이브리드,2022,SUV
2022-04-12,기아,스포티지 하이브리드,2022,SUV
2022-04-11,기아,스포티지 하이브리드,2022,SUV
2022-04-11,기아,스포티지 하이브리드,2022,SUV
2022-04-11,기아,쏘렌토 하이브리드,2021,SUV
2022-04-11,기아,쏘렌토 하이브리드,2021,SUV
2022-04-11,기아,스포티지 하이브리드,2022,SUV
2022-04-11,기아,스포티지 하이브리드,2022,SUV
2022-04-11,기아,쏘렌토 하이브리드,2021,SUV
2022-04-12,기아,쏘렌토 하이브리드,2021,SUV
2022-04-08,기아,쏘렌토 하이브리드,2022,SUV
2022-04-08,기아,스포티지,2020,SUV
2022-04-12,현대자동차,싼타페 하이브리드(SANTAFE HYBRID),2022,SUV
2022-04-11,기아,스포티지 하이브리드,2022,SUV
2022-04-08,현대자동차,투싼(TUCSON),2016,SUV
2022-04-11,기아,쏘렌토 하이브리드,2021,SUV
2022-04-12,기아,카니발,2022,MPV/미니밴
2022-04-11,현대자동차,투싼 하이브리드(TUCSON HYBRID),2021,SUV
2022-04-08,기아,쏘렌토 하이브리드,2022,SUV
2022-04-07,재규어랜드로버,재규어 F-PACE 20d,2017,SUV
2022-04-08,기아,스포티지 하이브리드,2022,SUV
2022-04-08,기아,스포티지 하이브리드,2022,SUV
2022-04-08,재규어랜드로버,재규어 F-PACE 20d,2018,SUV
2022-04-07,기아,쏘렌토 하이브리드,2021,SUV
2022-04-07,재규어랜드로버,재규어 F-PACE 20d,2017,SUV
2022-04-08,기아,스포티지 하이브리드,2022,SUV
2022-04-08,기아,쏘렌토 하이브리드,2022,SUV
2022-04-08,기아,쏘렌토 하이브리드,2021,SUV
2022-04-07,기아,쏘렌토 하이브리드,2022,SUV
2022-04-08,기아,스포티지 하이브리드,2022,SUV
2022-04-08,기아,스포티지 하이브리드,2022,SUV
2022-04-08,기아,쏘렌토 하이브리드,2021,SUV
2022-04-08,기아,쏘렌토 하이브리드,2022,SUV
2022-04-08,기아,스포티지,2022,SUV
2022-04-08,기아,스포티지 하이브리드,2022,SUV
2022-04-08,기아,스포티지 하이브리드,2022,SUV
2022-04-07,기아,쏘렌토 하이브리드,2021,SUV
2022-04-08,현대자동차,싼타페(SANTAFE),2013,SUV
2022-04-08,기아,스포티지 하이브리드,2022,SUV
2022-04-08,기아,스포티지 하이브리드,2022,SUV
2022-04-08,기아,스포티지 하이브리드,2022,SUV
2022-04-08,현대자동차,투싼(TUCSON),2016,SUV
2022-04-08,기아,쏘렌토 하이브리드,2021,SUV
2022-04-08,기아,쏘렌토 하이브리드,2022,SUV
2022-04-07,기아,스포티지 하이브리드,2022,SUV
2022-04-07,기아,쏘렌토 하이브리드,2022,SUV
2022-04-07,기아,스포티지 하이브리드,2022,SUV
2022-04-07,기아,스포티지 하이브리드,2022,SUV
2022-04-07,기아,스포티지 하이브리드,2022,SUV
2022-04-07,현대자동차,투싼 하이브리드(TUCSON HYBRID),2021,SUV
2022-04-07,기아,스포티지 하이브리드,2022,SUV
2022-04-07,기아,스포티지 하이브리드,2022,SUV
2022-04-07,기아,스포티지 하이브리드,2022,SUV
2022-04-07,기아,스포티지 하이브리드,2022,SUV
2022-04-07,기아,스포티지 하이브리드,2022,SUV
2022-04-07,기아,스포티지 하이브리드,2022,SUV
2022-04-07,기아,스포티지 하이브리드,2022,SUV
2022-04-07,기아,스포티지 하이브리드,2022,SUV
2022-04-07,기아,쏘렌토 하이브리드,2022,SUV
2022-04-07,기아,스포티지 하이브리드,2022,SUV
2022-04-07,기아,스포티지 하이브리드,2022,SUV
2022-04-07,기아,스포티지 하이브리드,2022,SUV
2022-04-07,기아,스포티지 하이브리드,2022,SUV
2022-04-07,기아,쏘렌토 하이브리드,2022,SUV
2022-04-06,현대자동차,투싼(TUCSON),2019,SUV
2022-04-07,메르세데스 벤츠,GLC350 e 4Matic,2019,SUV
2022-04-07,현대자동차,스타리아 (STARIA),2022,MPV/미니밴
2022-04-07,현대자동차,투싼 하이브리드(TUCSON HYBRID),2021,SUV
2022-04-07,현대자동차,싼타페 하이브리드(SANTAFE HYBRID),2022,SUV
2022-04-06,현대자동차,싼타페 하이브리드(SANTAFE HYBRID),2022,SUV
2022-04-06,기아,니로 하이브리드,2020,SUV
2022-04-06,르노코리아,XM3,2020,SUV
2022-04-06,기아,쏘렌토 하이브리드,2021,SUV
2022-04-06,기아,쏘렌토 하이브리드,2021,SUV
2022-04-05,기아,쏘렌토 하이브리드,2022,SUV
2022-04-06,기아,스포티지,2016,SUV
2022-04-06,현대자동차,스타리아 (STARIA),2022,MPV/미니밴
2022-04-06,기아,쏘렌토 하이브리드,2022,SUV
2022-04-05,기아,쏘렌토 하이브리드,2021,SUV
2022-04-05,기아,쏘렌토 하이브리드,2021,SUV
2022-04-05,기아,쏘렌토 하이브리드,2022,SUV
2022-04-05,기아,쏘렌토 하이브리드,2022,SUV
2022-04-05,현대자동차,투싼 하이브리드(TUCSON HYBRID),2021,SUV
2022-04-05,기아,쏘렌토 하이브리드,2021,SUV
2022-04-05,르노코리아,QM3,2015,SUV
2022-04-05,현대자동차,스타리아 (STARIA),2022,MPV/미니밴
2022-04-04,기아,카니발,2016,MPV/미니밴
2022-04-05,기아,쏘렌토 하이브리드,2022,SUV
2022-04-05,기아,카니발,2021,MPV/미니밴
2022-04-05,현대자동차,싼타페(SANTAFE),2015,SUV
2022-04-04,기아,모하비,2021,SUV
2022-04-04,기아,쏘렌토 하이브리드,2021,SUV
2022-04-04,현대자동차,투싼(TUCSON),2016,SUV
2022-04-04,기아,쏘렌토 하이브리드,2021,SUV
2022-04-04,기아,쏘렌토 하이브리드,2021,SUV
2022-04-04,현대자동차,싼타페 하이브리드(SANTAFE HYBRID),2022,SUV
2022-04-04,현대자동차,싼타페(SANTAFE),2013,SUV
2022-04-04,기아,스포티지 하이브리드,2022,SUV
2022-04-04,현대자동차,투싼 하이브리드(TUCSON HYBRID),2021,SUV
2022-04-04,현대자동차,싼타페 하이브리드(SANTAFE HYBRID),2022,SUV
2022-04-04,기아,쏘렌토 하이브리드,2021,SUV
2022-04-04,기아,쏘렌토 하이브리드,2021,SUV
2022-04-04,기아,쏘렌토 하이브리드,2021,SUV
2022-04-04,현대자동차,싼타페 하이브리드(SANTAFE HYBRID),2022,SUV
2022-04-04,기아,쏘렌토 하이브리드,2022,SUV
2022-04-04,기아,스포티지 하이브리드,2022,SUV
2022-04-01,현대자동차,싼타페(SANTAFE),2021,SUV
2022-04-04,현대자동차,투싼 하이브리드(TUCSON HYBRID),2021,SUV
2022-04-04,현대자동차,GV70,2021,SUV
2022-04-04,기아,쏘렌토 하이브리드,2021,SUV
2022-04-04,현대자동차,투싼 하이브리드(TUCSON HYBRID),2021,SUV
2022-04-04,현대자동차,투싼 하이브리드(TUCSON HYBRID),2021,SUV
2022-04-04,현대자동차,투싼 하이브리드(TUCSON HYBRID),2022,SUV
2022-04-04,기아,쏘렌토 하이브리드,2021,SUV
2022-04-04,현대자동차,싼타페(SANTAFE),2013,SUV
2022-04-04,현대자동차,스타리아 (STARIA),2022,MPV/미니밴
2022-04-04,현대자동차,투싼 하이브리드(TUCSON HYBRID),2021,SUV
2022-04-04,기아,쏘렌토 하이브리드,2022,SUV
2022-04-04,현대자동차,싼타페(SANTAFE),2015,SUV
2022-04-04,기아,쏘렌토 하이브리드,2022,SUV
2022-04-01,기아,쏘렌토 하이브리드,2021,SUV
2022-04-01,기아,쏘렌토 하이브리드,2021,SUV
2022-04-01,재규어랜드로버,재규어 F-PACE 20d,2017,SUV
2022-04-01,기아,쏘렌토 하이브리드,2021,SUV
2022-04-01,기아,쏘렌토 하이브리드,2021,SUV
2022-04-01,현대자동차,싼타페 하이브리드(SANTAFE HYBRID),2022,SUV
2022-04-01,기아,쏘렌토 하이브리드,2021,SUV
2022-04-01,현대자동차,싼타페 하이브리드(SANTAFE HYBRID),2022,SUV
2022-04-01,기아,쏘렌토 하이브리드,2021,SUV
2022-04-01,기아,쏘렌토 하이브리드,2022,SUV
2022-04-01,기아,쏘렌토 하이브리드,2021,SUV
2022-04-01,기아,스포티지 하이브리드,2022,SUV
2022-03-31,기아,스포티지 하이브리드,2022,SUV
2022-04-01,기아,스포티지,2022,SUV
2022-03-31,기아,쏘렌토 하이브리드,2021,SUV
2022-03-31,기아,쏘렌토 하이브리드,2021,SUV
2022-03-31,기아,쏘렌토 하이브리드,2021,SUV
2022-03-31,기아,쏘렌토 하이브리드,2022,SUV
2022-03-31,기아,쏘렌토 하이브리드,2021,SUV
2022-03-30,현대자동차,투싼 하이브리드(TUCSON HYBRID),2021,SUV
2022-03-31,기아,쏘렌토 하이브리드,2021,SUV
2022-03-31,기아,쏘렌토 하이브리드,2021,SUV
2022-03-31,현대자동차,투싼 하이브리드(TUCSON HYBRID),2021,SUV
2022-03-30,현대자동차,투싼 하이브리드(TUCSON HYBRID),2022,SUV
2022-03-30,기아,스포티지 하이브리드,2022,SUV
2022-03-30,현대자동차,싼타페 하이브리드(SANTAFE HYBRID),2022,SUV
2022-03-30,기아,스포티지 하이브리드,2022,SUV
2022-03-29,현대자동차,싼타페(SANTAFE),2021,SUV
2022-03-30,현대자동차,투싼 하이브리드(TUCSON HYBRID),2021,SUV
2022-03-30,현대자동차,투싼 하이브리드(TUCSON HYBRID),2021,SUV
2022-03-30,기아,쏘렌토 하이브리드,2022,SUV
2022-03-30,기아,쏘렌토 하이브리드,2021,SUV
2022-03-30,기아,쏘렌토 하이브리드,2021,SUV
2022-03-30,현대자동차,투싼 하이브리드(TUCSON HYBRID),2021,SUV
2022-03-29,기아,쏘렌토 하이브리드,2021,SUV
2022-03-30,기아,쏘렌토 하이브리드,2021,SUV
2022-03-30,현대자동차,싼타페 하이브리드(SANTAFE HYBRID),2022,SUV
2022-03-30,기아,스포티지 하이브리드,2022,SUV
2022-03-30,기아,스포티지 하이브리드,2022,SUV
2022-03-30,혼다코리아,ODYSSEY,2019,MPV/미니밴
2022-03-29,기아,스포티지,2022,SUV
2022-03-29,기아,스포티지 하이브리드,2022,SUV
2022-03-29,현대자동차,투싼 하이브리드(TUCSON HYBRID),2021,SUV
2022-03-29,기아,스포티지 하이브리드,2022,SUV
2022-03-29,기아,쏘렌토 하이브리드,2021,SUV
2022-03-29,기아,스포티지 하이브리드,2022,SUV
2022-03-29,현대자동차,GV70,2022,SUV
2022-03-29,현대자동차,스타리아 (STARIA),2022,MPV/미니밴
2022-03-29,기아,스포티지 하이브리드,2022,SUV
2022-03-29,기아,쏘렌토 하이브리드,2022,SUV
2022-03-29,현대자동차,싼타페(SANTAFE),2021,SUV
2022-03-29,현대자동차,투싼 하이브리드(TUCSON HYBRID),2021,SUV
2022-03-29,기아,쏘렌토 하이브리드,2022,SUV
2022-03-28,기아,쏘렌토 하이브리드,2021,SUV
2022-03-28,기아,쏘렌토 하이브리드,2021,SUV
2022-03-28,기아,쏘렌토 하이브리드,2021,SUV
2022-03-29,기아,그랜드 카니발,2007,MPV/미니밴
2022-03-28,기아,쏘렌토 하이브리드,2021,SUV
2022-03-29,기아,쏘렌토 하이브리드,2021,SUV
2022-03-29,현대자동차,투싼 하이브리드(TUCSON HYBRID),2022,SUV
2022-03-29,기아,스포티지 하이브리드,2022,SUV
2022-03-29,기아,쏘렌토 하이브리드,2021,SUV
2022-03-29,현대자동차,투싼 하이브리드(TUCSON HYBRID),2021,SUV
2022-03-29,현대자동차,투싼 하이브리드(TUCSON HYBRID),2022,SUV
2022-03-28,현대자동차,싼타페 하이브리드(SANTAFE HYBRID),2022,SUV
2022-03-28,현대자동차,투싼 하이브리드(TUCSON HYBRID),2021,SUV
2022-03-29,기아,쏘렌토 하이브리드,2022,SUV
2022-03-29,기아,쏘렌토 하이브리드,2021,SUV
2022-03-29,현대자동차,투싼 하이브리드(TUCSON HYBRID),2022,SUV
2022-03-28,현대자동차,투싼 하이브리드(TUCSON HYBRID),2021,SUV
2022-03-28,현대자동차,싼타페 하이브리드(SANTAFE HYBRID),2022,SUV
2022-03-28,현대자동차,투싼 하이브리드(TUCSON HYBRID),2022,SUV
2022-03-28,현대자동차,GV70,2021,SUV
2022-03-28,기아,쏘렌토 하이브리드,2021,SUV
2022-03-28,현대자동차,GV70,2022,SUV
2022-03-28,기아,쏘렌토 하이브리드,2021,SUV
2022-03-28,기아,쏘렌토 하이브리드,2022,SUV
2022-03-28,기아,쏘렌토 하이브리드,2022,SUV
2022-03-28,기아,쏘렌토 하이브리드,2022,SUV
2022-03-28,현대자동차,투싼 하이브리드(TUCSON HYBRID),2021,SUV
2022-03-28,현대자동차,투싼 하이브리드(TUCSON HYBRID),2021,SUV
2022-03-28,기아,쏘렌토 하이브리드,2022,SUV
2022-03-28,현대자동차,투싼 하이브리드(TUCSON HYBRID),2022,SUV
2022-03-28,현대자동차,투싼 하이브리드(TUCSON HYBRID),2021,SUV
2022-03-28,기아,쏘렌토 하이브리드,2021,SUV
2022-03-28,현대자동차,싼타페 하이브리드(SANTAFE HYBRID),2022,SUV
2022-03-28,기아,스포티지 하이브리드,2022,SUV
2022-03-28,현대자동차,싼타페 하이브리드(SANTAFE HYBRID),2022,SUV
2022-03-28,현대자동차,싼타페(SANTAFE),2013,SUV
2022-03-28,기아,쏘렌토 하이브리드,2022,SUV
2022-03-28,현대자동차,싼타페 하이브리드(SANTAFE HYBRID),2022,SUV
2022-03-28,현대자동차,투싼 하이브리드(TUCSON HYBRID),2021,SUV
2022-03-28,현대자동차,투싼 하이브리드(TUCSON HYBRID),2021,SUV
2022-03-28,기아,쏘렌토 하이브리드,2021,SUV
2022-03-28,기아,쏘렌토 하이브리드,2021,SUV
2022-03-28,현대자동차,싼타페(SANTAFE),2015,SUV
2022-03-28,현대자동차,싼타페(SANTAFE),2015,SUV
2022-03-28,기아,쏘렌토 하이브리드,2021,SUV
2022-03-28,현대자동차,투싼 하이브리드(TUCSON HYBRID),2021,SUV
2022-03-28,현대자동차,투싼 하이브리드(TUCSON HYBRID),2021,SUV
2022-03-28,기아,쏘렌토 하이브리드,2021,SUV
2022-03-28,기아,쏘렌토 하이브리드,2021,SUV
2022-03-28,현대자동차,투싼 하이브리드(TUCSON HYBRID),2021,SUV
2022-03-28,현대자동차,투싼 하이브리드(TUCSON HYBRID),2021,SUV
2022-03-28,기아,쏘렌토 하이브리드,2022,SUV
2022-03-28,현대자동차,투싼 하이브리드(TUCSON HYBRID),2022,SUV
2022-03-28,현대자동차,투싼 하이브리드(TUCSON HYBRID),2022,SUV
2022-03-28,기아,쏘렌토 하이브리드,2021,SUV
2022-03-28,현대자동차,투싼 하이브리드(TUCSON HYBRID),2022,SUV
2022-03-28,기아,쏘렌토 하이브리드,2021,SUV
2022-03-28,기아,쏘렌토 하이브리드,2022,SUV
2022-03-28,기아,쏘렌토 하이브리드,2021,SUV
2022-03-25,기아,쏘렌토 하이브리드,2021,SUV
2022-03-25,현대자동차,싼타페 하이브리드(SANTAFE HYBRID),2022,SUV
2022-03-25,현대자동차,싼타페 하이브리드(SANTAFE HYBRID),2022,SUV
2022-03-28,현대자동차,투싼 하이브리드(TUCSON HYBRID),2022,SUV
2022-03-28,기아,쏘렌토 하이브리드,2021,SUV
2022-03-28,기아,쏘렌토 하이브리드,2021,SUV
2022-03-28,현대자동차,투싼 하이브리드(TUCSON HYBRID),2021,SUV
2022-03-28,기아,쏘렌토 하이브리드,2022,SUV
2022-03-28,기아,쏘렌토 하이브리드,2021,SUV
2022-03-28,기아,쏘렌토 하이브리드,2021,SUV
2022-03-28,현대자동차,투싼 하이브리드(TUCSON HYBRID),2021,SUV
2022-03-28,기아,쏘렌토 하이브리드,2021,SUV
2022-03-28,기아,쏘렌토 하이브리드,2022,SUV
2022-03-28,기아,쏘렌토 하이브리드,2021,SUV
2022-03-28,현대자동차,투싼 하이브리드(TUCSON HYBRID),2021,SUV
2022-03-28,기아,쏘렌토 하이브리드,2022,SUV
2022-03-28,기아,쏘렌토 하이브리드,2021,SUV
2022-03-28,기아,쏘렌토 하이브리드,2022,SUV
2022-03-28,기아,쏘렌토 하이브리드,2022,SUV
2022-03-28,기아,쏘렌토 하이브리드,2021,SUV
2022-03-28,기아,쏘렌토 하이브리드,2021,SUV
2022-03-28,기아,쏘렌토 하이브리드,2021,SUV
2022-03-28,기아,쏘렌토 하이브리드,2021,SUV
2022-03-28,기아,쏘렌토 하이브리드,2021,SUV
2022-03-28,기아,쏘렌토 하이브리드,2022,SUV
2022-03-28,기아,쏘렌토 하이브리드,2022,SUV
2022-03-25,기아,쏘렌토 하이브리드,2021,SUV
2022-03-25,기아,쏘렌토 하이브리드,2022,SUV
2022-03-25,기아,쏘렌토 하이브리드,2021,SUV
2022-03-25,기아,쏘렌토 하이브리드,2022,SUV
2022-03-25,기아,쏘렌토 하이브리드,2022,SUV
2022-03-25,기아,쏘렌토 하이브리드,2021,SUV
2022-03-25,기아,쏘렌토 하이브리드,2021,SUV
2022-03-25,기아,쏘렌토 하이브리드,2021,SUV
2022-03-25,기아,쏘렌토 하이브리드,2022,SUV
2022-03-25,기아,쏘렌토 하이브리드,2021,SUV
2022-03-25,기아,쏘렌토 하이브리드,2021,SUV
2022-03-25,기아,쏘렌토 하이브리드,2021,SUV
2022-03-25,기아,쏘렌토 하이브리드,2021,SUV
2022-03-25,현대자동차,투싼 하이브리드(TUCSON HYBRID),2021,SUV
2022-03-25,기아,쏘렌토 하이브리드,2021,SUV
2022-03-25,기아,쏘렌토 하이브리드,2021,SUV
2022-03-25,현대자동차,스타리아 (STARIA),2022,MPV/미니밴
2022-03-25,기아,쏘렌토 하이브리드,2021,SUV
2022-03-25,기아,쏘렌토 하이브리드,2021,SUV
2022-03-25,기아,쏘렌토 하이브리드,2021,SUV
2022-03-25,기아,쏘렌토 하이브리드,2021,SUV
2022-03-25,기아,쏘렌토 하이브리드,2021,SUV
2022-03-25,기아,쏘렌토 하이브리드,2022,SUV
2022-03-24,기아,스포티지 하이브리드,2022,SUV
2022-03-25,기아,쏘렌토 하이브리드,2021,SUV
2022-03-25,기아,쏘렌토 하이브리드,2021,SUV
2022-03-25,기아,쏘렌토 하이브리드,2021,SUV
2022-03-25,기아,쏘렌토 하이브리드,2022,SUV
2022-03-25,기아,쏘렌토 하이브리드,2022,SUV
2022-03-25,기아,쏘렌토 하이브리드,2021,SUV
2022-03-24,기아,쏘렌토 하이브리드,2021,SUV
2022-03-24,기아,쏘렌토 하이브리드,2021,SUV
2022-03-24,기아,쏘렌토 하이브리드,2022,SUV
2022-03-24,기아,쏘렌토,2021,SUV
2022-03-24,현대자동차,싼타페(SANTAFE),2015,SUV
2022-03-24,기아,쏘렌토 하이브리드,2021,SUV
2022-03-24,기아,쏘렌토 하이브리드,2022,SUV
2022-03-24,기아,쏘렌토 하이브리드,2021,SUV
2022-03-23,현대자동차,싼타페(SANTAFE),2015,SUV
2022-03-23,기아,쏘렌토 하이브리드,2021,SUV
2022-03-23,기아,쏘렌토 하이브리드,2022,SUV
2022-03-23,KG 모빌리티,티볼리,2015,SUV
2022-03-23,현대자동차,팰리세이드(PALISADE),2022,SUV
2022-03-23,기아,쏘렌토 하이브리드,2021,SUV
2022-03-22,기아,스포티지,2016,SUV
2022-03-22,기아,쏘렌토 하이브리드,2022,SUV
2022-03-22,기아,쏘렌토 하이브리드,2021,SUV
2022-03-22,기아,쏘렌토 하이브리드,2021,SUV
2022-03-22,기아,쏘렌토,2016,SUV
2022-03-22,기아,모하비,2021,SUV
2022-03-22,기아,쏘렌토 하이브리드,2021,SUV
2022-03-22,기아,쏘렌토 하이브리드,2021,SUV
2022-03-22,현대자동차,싼타페 하이브리드(SANTAFE HYBRID),2022,SUV
2022-03-21,현대자동차,GV70,2021,SUV
2022-03-22,기아,쏘렌토 하이브리드,2021,SUV
2022-03-22,기아,쏘렌토 하이브리드,2022,SUV
2022-03-22,기아,쏘렌토 하이브리드,2022,SUV
2022-03-22,기아,쏘렌토 하이브리드,2021,SUV
2022-03-22,기아,쏘렌토 하이브리드,2021,SUV
2022-03-22,기아,쏘렌토 하이브리드,2021,SUV
2022-03-22,기아,쏘렌토 하이브리드,2021,SUV
2022-03-22,기아,쏘렌토 하이브리드,2021,SUV
2022-03-21,기아,스포티지,2016,SUV
2022-03-21,현대자동차,투싼(TUCSON),2018,SUV
2022-03-21,현대자동차,싼타페(SANTAFE),2015,SUV
2022-03-21,현대자동차,스타리아 라운지 (STARIA LOUNGE),2022,MPV/미니밴
2022-03-21,현대자동차,스타리아 (STARIA),2022,MPV/미니밴
2022-03-21,현대자동차,스타리아 (STARIA),2022,MPV/미니밴
2022-03-21,기아,쏘렌토 하이브리드,2022,SUV
2022-03-21,기아,쏘렌토 하이브리드,2021,SUV
2022-03-21,현대자동차,투싼(TUCSON),2016,SUV
2022-03-18,기아,카니발,2015,MPV/미니밴
2022-03-18,재규어랜드로버,재규어 F-PACE 20d AWD,2019,SUV
2022-03-18,기아,스포티지,2016,SUV
2022-03-18,기아,쏘렌토 하이브리드,2021,SUV
2022-03-18,현대자동차,스타리아 라운지 (STARIA LOUNGE),2022,MPV/미니밴
2022-03-18,기아,쏘렌토 하이브리드,2021,SUV
2022-03-18,현대자동차,싼타페(SANTAFE),2014,SUV
2022-03-18,기아,쏘렌토 하이브리드,2021,SUV
2022-03-18,기아,쏘렌토 하이브리드,2021,SUV
2022-03-18,현대자동차,스타리아 (STARIA),2022,MPV/미니밴
2022-03-18,기아,쏘렌토 하이브리드,2021,SUV
2022-03-18,기아,쏘렌토 하이브리드,2022,SUV
2022-03-18,기아,쏘렌토,2021,SUV
2022-03-18,기아,니로 하이브리드,2020,SUV
2022-03-17,기아,카렌스,2016,MPV/미니밴
2022-03-16,르노코리아,XM3,2021,SUV
2022-03-17,기아,쏘렌토 하이브리드,2021,SUV
2022-03-17,기아,스포티지,2010,SUV
2022-03-17,재규어랜드로버,재규어 I-PACE EV400,2019,SUV
2022-03-17,현대자동차,싼타페(SANTAFE),2015,SUV
2022-03-17,기아,쏘렌토 하이브리드,2022,SUV
2022-03-17,기아,니로 하이브리드,2020,SUV
2022-03-17,현대자동차,싼타페(SANTAFE),2021,SUV
2022-03-17,기아,쏘렌토 하이브리드,2022,SUV
2022-03-17,기아,쏘렌토 하이브리드,2021,SUV
2022-03-17,기아,카니발,2022,MPV/미니밴
2022-03-18,기아,쏘렌토 하이브리드,2022,SUV
2022-03-17,기아,쏘렌토 하이브리드,2021,SUV
2022-03-17,기아,쏘렌토 하이브리드,2021,SUV
2022-03-17,현대자동차,싼타페(SANTAFE),2018,SUV
2022-03-16,기아,쏘렌토 하이브리드,2021,SUV
2022-03-16,기아,쏘렌토 하이브리드,2021,SUV
2022-03-16,기아,쏘렌토 하이브리드,2022,SUV
2022-03-16,기아,쏘렌토 하이브리드,2022,SUV
2022-03-16,기아,쏘렌토 하이브리드,2021,SUV
2022-03-16,현대자동차,팰리세이드(PALISADE),2022,SUV
2022-03-16,기아,쏘렌토 하이브리드,2021,SUV
2022-03-16,기아,쏘렌토 하이브리드,2021,SUV
2022-03-15,현대자동차,스타리아 라운지 (STARIA LOUNGE),2022,MPV/미니밴
2022-03-15,기아,쏘렌토 하이브리드,2022,SUV
2022-03-15,기아,쏘렌토 하이브리드,2021,SUV
2022-03-15,현대자동차,스타리아 (STARIA),2022,MPV/미니밴
2022-03-15,재규어랜드로버,재규어 I-PACE EV400,2019,SUV
2022-03-15,기아,쏘렌토 하이브리드,2021,SUV
2022-03-15,재규어랜드로버,재규어 I-PACE EV400,2020,SUV
2022-03-15,재규어랜드로버,재규어 I-PACE EV400,2019,SUV
2022-03-15,기아,카니발 아웃도어,2019,MPV/미니밴
2022-03-15,기아,쏘렌토 하이브리드,2021,SUV
2022-03-14,기아,쏘렌토 하이브리드,2021,SUV
2022-03-14,르노코리아,XM3,2020,SUV
2022-03-14,현대자동차,싼타페(SANTAFE),2015,SUV
2022-03-14,현대자동차,스타리아 라운지 (STARIA LOUNGE),2022,MPV/미니밴
2022-03-14,르노코리아,QM6,2017,SUV
2022-03-14,현대자동차,코나(KONA),2018,SUV
2022-03-14,현대자동차,싼타페(SANTAFE),2018,SUV
2022-03-15,현대자동차,팰리세이드(PALISADE),2022,SUV
2022-03-14,현대자동차,싼타페(SANTAFE),2015,SUV
2022-03-14,현대자동차,싼타페(SANTAFE),2015,SUV
2022-03-14,메르세데스 벤츠,Mercedes-Benz GLA250 4MATIC,2020,SUV
2022-03-14,르노코리아,QM3,2014,SUV
2022-03-14,현대자동차,싼타페(SANTAFE),2016,SUV
2022-03-14,재규어랜드로버,재규어 F-PACE 20d,2018,SUV
2022-03-11,현대자동차,투싼 하이브리드(TUCSON HYBRID),2021,SUV
2022-03-11,현대자동차,투싼 하이브리드(TUCSON HYBRID),2021,SUV
2022-03-11,현대자동차,투싼 하이브리드(TUCSON HYBRID),2021,SUV
2022-03-11,현대자동차,GV70,2021,SUV
2022-03-10,BMW,BMW X5 xDrive45e iPerformance,2021,SUV
2022-03-11,현대자동차,싼타페(SANTAFE),2016,SUV
2022-03-11,기아,모하비,2021,SUV
2022-03-10,현대자동차,스타리아 (STARIA),2022,MPV/미니밴
2022-03-10,현대자동차,스타리아 (STARIA),2022,MPV/미니밴
2022-03-10,기아,카니발,2016,MPV/미니밴
2022-03-10,현대자동차,스타리아 라운지 (STARIA LOUNGE),2022,MPV/미니밴
2022-03-10,현대자동차,스타리아 (STARIA),2022,MPV/미니밴
2022-03-08,재규어랜드로버,재규어 F-PACE 20d,2018,SUV
2022-03-08,현대자동차,싼타페(SANTAFE),2019,SUV
2022-03-10,재규어랜드로버,재규어 F-PACE 20d,2018,SUV
2022-03-10,현대자동차,싼타페(SANTAFE),2021,SUV
2022-03-08,기아,스포티지,2016,SUV
2022-03-08,재규어랜드로버,재규어 F-PACE 20d,2017,SUV
2022-03-08,기아,스포티지,2015,SUV
2022-03-08,현대자동차,싼타페(SANTAFE),2015,SUV
2022-03-08,현대자동차,스타리아 라운지 (STARIA LOUNGE),2022,MPV/미니밴
2022-03-08,현대자동차,스타리아 (STARIA),2022,MPV/미니밴
2022-03-07,현대자동차,스타리아 (STARIA),2022,MPV/미니밴
2022-03-07,기아,니로 EV,2019,SUV
2022-03-07,현대자동차,스타리아 (STARIA),2022,MPV/미니밴
2022-03-07,재규어랜드로버,재규어 F-PACE 20d,2018,SUV
2022-03-07,현대자동차,스타리아 (STARIA),2022,MPV/미니밴
2022-03-07,현대자동차,스타리아 라운지 (STARIA LOUNGE),2022,MPV/미니밴
2022-03-07,현대자동차,스타리아 라운지 (STARIA LOUNGE),2022,MPV/미니밴
2022-03-04,기아,카니발,2019,MPV/미니밴
2022-03-07,현대자동차,스타리아 (STARIA),2022,MPV/미니밴
2022-03-04,재규어랜드로버,재규어 I-PACE EV400,2019,SUV
2022-03-04,기아,쏘렌토,2016,SUV
2022-03-04,르노코리아,QM3,2018,SUV
2022-03-04,현대자동차,스타리아 라운지 (STARIA LOUNGE),2022,MPV/미니밴
2022-03-03,포드,Explorer 2.3,2021,SUV
2022-03-03,현대자동차,투싼(TUCSON),2021,SUV
2022-03-03,재규어랜드로버,재규어 I-PACE EV400,2019,SUV
2022-03-02,기아,쏘렌토,2015,SUV
2022-03-02,현대자동차,싼타페(SANTAFE),2021,SUV
2022-02-28,기아,쏘렌토 하이브리드,2021,SUV
2022-03-02,르노코리아,XM3,2020,SUV
2022-03-02,르노코리아,QM6,2017,SUV
2022-03-02,현대자동차,투싼 하이브리드(TUCSON HYBRID),2021,SUV
2022-03-02,르노코리아,QM6,2017,SUV
2022-02-28,현대자동차,스타리아 라운지 (STARIA LOUNGE),2022,MPV/미니밴
2022-02-28,현대자동차,스타리아 라운지 (STARIA LOUNGE),2022,MPV/미니밴
2022-02-28,현대자동차,스타리아 (STARIA),2022,MPV/미니밴
2022-02-28,현대자동차,스타리아 라운지 (STARIA LOUNGE),2022,MPV/미니밴
2022-02-28,현대자동차,싼타페(SANTAFE),2021,SUV
2022-02-28,현대자동차,스타리아 라운지 (STARIA LOUNGE),2022,MPV/미니밴
2022-02-25,현대자동차,스타리아 (STARIA),2022,MPV/미니밴
2022-02-25,기아,카니발,2017,MPV/미니밴
2022-02-25,기아,쏘렌토,2019,SUV
2022-02-25,현대자동차,싼타페(SANTAFE),2015,SUV
2022-02-25,현대자동차,스타리아 라운지 (STARIA LOUNGE),2022,MPV/미니밴
2022-02-25,현대자동차,스타리아 (STARIA),2022,MPV/미니밴
2022-02-25,현대자동차,스타리아 라운지 (STARIA LOUNGE),2022,MPV/미니밴
2022-02-24,현대자동차,싼타페(SANTAFE),2014,SUV
2022-02-24,현대자동차,GV70,2021,SUV
2022-02-24,메르세데스 벤츠,Mercedes-Benz GLB250 4MATIC,2021,SUV
2022-02-24,현대자동차,스타리아 (STARIA),2022,MPV/미니밴
2022-02-23,현대자동차,스타리아 라운지 (STARIA LOUNGE),2022,MPV/미니밴
2022-02-24,현대자동차,스타리아 라운지 (STARIA LOUNGE),2022,MPV/미니밴
2022-02-23,현대자동차,스타리아 라운지 (STARIA LOUNGE),2022,MPV/미니밴
2022-02-24,현대자동차,투싼 하이브리드(TUCSON HYBRID),2021,SUV
2022-02-24,현대자동차,스타리아 라운지 (STARIA LOUNGE),2022,MPV/미니밴
2022-02-24,현대자동차,스타리아 (STARIA),2022,MPV/미니밴
2022-02-23,현대자동차,스타리아 (STARIA),2022,MPV/미니밴
2022-02-23,현대자동차,스타리아 (STARIA),2022,MPV/미니밴
2022-02-23,현대자동차,스타리아 라운지 (STARIA LOUNGE),2022,MPV/미니밴
2022-02-23,현대자동차,스타리아 라운지 (STARIA LOUNGE),2022,MPV/미니밴
2022-02-22,재규어랜드로버,재규어 F-PACE 20d,2018,SUV
2022-02-23,현대자동차,싼타페(SANTAFE),2014,SUV
2022-02-23,현대자동차,싼타페(SANTAFE),2014,SUV
2022-02-23,현대자동차,싼타페(SANTAFE),2015,SUV
2022-02-23,현대자동차,스타리아 (STARIA),2022,MPV/미니밴
2022-02-23,현대자동차,스타리아 (STARIA),2022,MPV/미니밴
2022-02-23,현대자동차,싼타페(SANTAFE),2015,SUV
2022-02-23,현대자동차,코나 일렉트릭 (KONA ELECTRIC),2019,SUV
2022-02-21,현대자동차,싼타페(SANTAFE),2016,SUV
2022-02-22,현대자동차,스타리아 (STARIA),2022,MPV/미니밴
2022-02-22,KG 모빌리티,티볼리,2022,SUV
2022-02-22,현대자동차,싼타페(SANTAFE),2014,SUV
2022-02-22,현대자동차,스타리아 (STARIA),2022,MPV/미니밴
2022-02-21,현대자동차,싼타페(SANTAFE),2014,SUV
2022-02-21,현대자동차,싼타페(SANTAFE),2014,SUV
2022-02-21,기아,쏘렌토 하이브리드,2022,SUV
2022-02-21,현대자동차,싼타페(SANTAFE),2013,SUV
2022-02-22,기아,쏘렌토,2021,SUV
2022-02-21,현대자동차,스타리아 라운지 (STARIA LOUNGE),2022,MPV/미니밴
2022-02-21,기아,쏘렌토 하이브리드,2021,SUV
2022-02-18,KG 모빌리티,티볼리,2019,SUV
2022-02-18,현대자동차,스타리아 라운지 (STARIA LOUNGE),2022,MPV/미니밴
2022-02-18,현대자동차,그랜드 스타렉스(GRAND STAREX),2010,MPV/미니밴
2022-02-18,현대자동차,싼타페(SANTAFE),2015,SUV
2022-02-17,KG 모빌리티,렉스턴스포츠 칸,2020,SUV
2022-02-17,현대자동차,스타리아 라운지 (STARIA LOUNGE),2022,MPV/미니밴
2022-02-17,재규어랜드로버,재규어 F-PACE 20d,2017,SUV
2022-02-17,현대자동차,싼타페(SANTAFE),2015,SUV
2022-02-16,재규어랜드로버,재규어 F-PACE 20d,2017,SUV
2022-02-17,현대자동차,싼타페(SANTAFE),2014,SUV
2022-02-16,현대자동차,싼타페(SANTAFE),2013,SUV
2022-02-16,현대자동차,싼타페(SANTAFE),2014,SUV
2022-02-16,기아,모하비,2021,SUV
2022-02-16,기아,카니발,2021,MPV/미니밴
2022-02-15,재규어랜드로버,재규어 F-PACE 20d AWD,2019,SUV
2022-02-16,현대자동차,싼타페(SANTAFE),2013,SUV
2022-02-15,메르세데스 벤츠,GLC350 e 4Matic,2019,SUV
2022-02-15,현대자동차,싼타페(SANTAFE),2010,SUV
2022-02-15,현대자동차,투싼(TUCSON),2019,SUV
2022-02-15,혼다코리아,ODYSSEY,2018,MPV/미니밴
2022-02-15,기아,쏘렌토,2021,SUV
2022-02-15,현대자동차,스타리아 (STARIA),2022,MPV/미니밴
2022-02-15,포드,Explorer 2.3,2021,SUV
2022-02-15,포드,Explorer 3.0,2021,SUV
2022-02-15,포드,Explorer 2.3,2021,SUV
2022-02-15,현대자동차,스타리아 라운지 (STARIA LOUNGE),2022,MPV/미니밴
2022-02-15,포드,Explorer 2.3,2021,SUV
2022-02-14,현대자동차,싼타페(SANTAFE),2014,SUV
2022-02-14,현대자동차,투싼(TUCSON),2021,SUV
2022-02-14,기아,모하비,2021,SUV
2022-02-14,현대자동차,싼타페(SANTAFE),2014,SUV
2022-02-11,르노코리아,QM6,2017,SUV
2022-02-14,KG 모빌리티,렉스턴,2021,SUV
2022-02-11,현대자동차,스타리아 (STARIA),2022,MPV/미니밴
2022-02-11,현대자동차,싼타페(SANTAFE),2014,SUV
2022-02-09,현대자동차,싼타페(SANTAFE),2014,SUV
2022-02-08,기아,쏘렌토,2021,SUV
2022-02-09,기아,카니발,2021,MPV/미니밴
2022-02-09,현대자동차,스타리아 (STARIA),2022,MPV/미니밴
2022-02-09,현대자동차,스타리아 (STARIA),2022,MPV/미니밴
2022-02-08,현대자동차,스타리아 라운지 (STARIA LOUNGE),2022,MPV/미니밴
2022-02-08,현대자동차,싼타페(SANTAFE),2013,SUV
2022-02-08,현대자동차,스타리아 (STARIA),2022,MPV/미니밴
2022-02-08,현대자동차,싼타페(SANTAFE),2014,SUV
2022-02-08,현대자동차,싼타페(SANTAFE),2015,SUV
2022-02-07,현대자동차,스타리아 (STARIA),2022,MPV/미니밴
2022-02-07,현대자동차,스타리아 (STARIA),2022,MPV/미니밴
2022-02-07,현대자동차,싼타페(SANTAFE),2021,SUV
2022-02-07,현대자동차,싼타페(SANTAFE),2017,SUV
2022-02-07,르노코리아,QM6,2020,SUV
2022-02-04,현대자동차,싼타페 하이브리드(SANTAFE HYBRID),2022,SUV
2022-02-07,현대자동차,스타리아 (STARIA),2022,MPV/미니밴
2022-02-07,현대자동차,싼타페(SANTAFE),2015,SUV
2022-02-07,현대자동차,싼타페(SANTAFE),2013,SUV
2022-02-07,현대자동차,싼타페(SANTAFE),2015,SUV
2022-02-07,기아,모하비,2021,SUV
2022-02-03,기아,쏘렌토,2021,SUV
2022-02-03,기아,그랜드카니발,2006,MPV/미니밴
2022-02-07,현대자동차,싼타페(SANTAFE),2014,SUV
2022-02-07,현대자동차,싼타페(SANTAFE),2019,SUV
2022-02-04,기아,카니발,2021,MPV/미니밴
2022-02-04,기아,쏘렌토 하이브리드,2021,SUV
2022-02-04,현대자동차,스타리아 (STARIA),2022,MPV/미니밴
2022-02-04,현대자동차,스타리아 라운지 (STARIA LOUNGE),2022,MPV/미니밴
2022-02-04,현대자동차,스타리아 (STARIA),2022,MPV/미니밴
2022-02-04,기아,쏘렌토,2021,SUV
2022-02-03,르노코리아,QM6,2017,SUV
2022-02-03,기아,쏘렌토,2021,SUV
2022-02-04,르노코리아,QM6,2020,SUV
2022-02-03,기아,쏘렌토 하이브리드,2021,SUV
2022-02-03,기아,니로 하이브리드,2020,SUV
2022-02-03,현대자동차,스타리아 라운지 (STARIA LOUNGE),2022,MPV/미니밴
2022-02-03,현대자동차,팰리세이드(PALISADE),2021,SUV
2022-02-03,현대자동차,스타리아 (STARIA),2022,MPV/미니밴
2022-02-03,현대자동차,싼타페(SANTAFE),2015,SUV
2022-02-03,현대자동차,코나 일렉트릭 (KONA ELECTRIC),2019,SUV
2022-02-03,르노코리아,QM6,2020,SUV
2022-02-03,현대자동차,스타리아 라운지 (STARIA LOUNGE),2022,MPV/미니밴
2022-02-03,현대자동차,스타리아 (STARIA),2022,MPV/미니밴
2022-01-27,현대자동차,GV70,2021,SUV
2022-01-28,현대자동차,싼타페(SANTAFE),2014,SUV
2022-01-28,현대자동차,투싼(TUCSON),2017,SUV
2022-01-28,현대자동차,스타리아 라운지 (STARIA LOUNGE),2022,MPV/미니밴
2022-01-28,기아,모하비,2020,SUV
2022-01-28,포드,Explorer 2.3,2020,SUV
2022-01-28,기아,모하비,2020,SUV
2022-01-28,현대자동차,스타리아 (STARIA),2022,MPV/미니밴
2022-01-27,현대자동차,스타리아 (STARIA),2022,MPV/미니밴
2022-01-27,현대자동차,투싼(TUCSON),2016,SUV
2022-01-27,르노코리아,QM6,2019,SUV
2022-01-26,기아,스포티지,2022,SUV
2022-01-27,현대자동차,투싼(TUCSON),2016,SUV
2022-01-26,기아,그랜드 카니발,2008,MPV/미니밴
2022-01-26,기아,쏘렌토,2019,SUV
2022-01-26,현대자동차,싼타페(SANTAFE),2015,SUV
2022-01-26,현대자동차,싼타페(SANTAFE),2014,SUV
2022-01-26,현대자동차,싼타페(SANTAFE),2014,SUV
2022-01-25,현대자동차,스타리아 (STARIA),2022,MPV/미니밴
2022-01-25,기아,쏘렌토,2021,SUV
2022-01-25,재규어랜드로버,재규어 F-PACE 20d,2018,SUV
2022-01-25,현대자동차,스타리아 (STARIA),2022,MPV/미니밴
2022-01-25,기아,그랜드 카니발,2011,MPV/미니밴
2022-01-25,기아,쏘렌토 하이브리드,2021,SUV
2022-01-25,현대자동차,싼타페(SANTAFE),2013,SUV
2022-01-24,현대자동차,스타리아 (STARIA),2022,MPV/미니밴
2022-01-24,현대자동차,스타리아 (STARIA),2022,MPV/미니밴
2022-01-24,기아,카니발,2021,MPV/미니밴
2022-01-24,현대자동차,싼타페(SANTAFE),2019,SUV
2022-01-24,현대자동차,싼타페(SANTAFE),2019,SUV
2022-01-24,기아,쏘렌토 하이브리드,2021,SUV
2022-01-24,기아,쏘렌토,2021,SUV
2022-01-21,기아,카니발,2019,MPV/미니밴
2022-01-24,현대자동차,싼타페(SANTAFE),2008,SUV
2022-01-24,현대자동차,스타리아 라운지 (STARIA LOUNGE),2022,MPV/미니밴
2022-01-21,기아,그랜드 카니발,2009,MPV/미니밴
2022-01-24,현대자동차,싼타페(SANTAFE),2016,SUV
2022-01-21,기아,쏘렌토,2015,SUV
2022-01-21,혼다코리아,ODYSSEY,2019,MPV/미니밴
2022-01-21,현대자동차,싼타페(SANTAFE),2021,SUV
2022-01-21,현대자동차,스타리아 라운지 (STARIA LOUNGE),2022,MPV/미니밴
2022-01-20,현대자동차,스타리아 (STARIA),2022,MPV/미니밴
2022-01-21,현대자동차,스타리아 라운지 (STARIA LOUNGE),2022,MPV/미니밴
2022-01-24,현대자동차,스타리아 라운지 (STARIA LOUNGE),2022,MPV/미니밴
2022-01-21,현대자동차,스타리아 라운지 (STARIA LOUNGE),2022,MPV/미니밴
2022-01-21,현대자동차,스타리아 라운지 (STARIA LOUNGE),2022,MPV/미니밴
2022-01-21,현대자동차,스타리아 (STARIA),2022,MPV/미니밴
2022-01-20,포드,Explorer 3.0 PHEV,2021,SUV
2022-01-20,현대자동차,스타리아 라운지 (STARIA LOUNGE),2022,MPV/미니밴
2022-01-20,현대자동차,스타리아 (STARIA),2022,MPV/미니밴
2022-01-20,현대자동차,싼타페(SANTAFE),2021,SUV
2022-01-20,기아,스포티지,2017,SUV
2022-01-19,현대자동차,스타리아 (STARIA),2022,MPV/미니밴
2022-01-19,현대자동차,스타리아 (STARIA),2022,MPV/미니밴
2022-01-19,기아,그랜드 카니발,2010,MPV/미니밴
2022-01-19,메르세데스 벤츠,GLK220 CDI 4Matic,2010,SUV
2022-01-19,현대자동차,스타리아 (STARIA),2022,MPV/미니밴
2022-01-18,현대자동차,스타리아 (STARIA),2022,MPV/미니밴
2022-01-18,기아,쏘렌토,2016,SUV
2022-01-18,기아,그랜드 카니발,2010,MPV/미니밴
2022-01-18,현대자동차,스타리아 라운지 (STARIA LOUNGE),2022,MPV/미니밴
2022-01-18,기아,모하비,2021,SUV
2022-01-18,현대자동차,스타리아 (STARIA),2022,MPV/미니밴
2022-01-18,현대자동차,스타리아 라운지 (STARIA LOUNGE),2022,MPV/미니밴
2022-01-18,기아,그랜드 카니발,2008,MPV/미니밴
2022-01-18,현대자동차,스타리아 라운지 (STARIA LOUNGE),2022,MPV/미니밴
2022-01-17,기아,쏘렌토,2017,SUV
2022-01-18,기아,그랜드 카니발,2009,MPV/미니밴
2022-01-18,기아,그랜드 카니발,2008,MPV/미니밴
2022-01-18,기아,그랜드 카니발,2009,MPV/미니밴
2022-01-18,기아,그랜드 카니발,2009,MPV/미니밴
2022-01-17,르노코리아,XM3,2020,SUV
2022-01-17,기아,그랜드 카니발,2008,MPV/미니밴
2022-01-17,기아,카니발,2008,MPV/미니밴
2022-01-17,현대자동차,스타리아 라운지 (STARIA LOUNGE),2022,MPV/미니밴
2022-01-17,현대자동차,스타리아 라운지 (STARIA LOUNGE),2022,MPV/미니밴
2022-01-17,현대자동차,싼타페(SANTAFE),2013,SUV
2022-01-17,현대자동차,스타리아 (STARIA),2022,MPV/미니밴
2022-01-17,현대자동차,스타리아 (STARIA),2022,MPV/미니밴
2022-01-17,현대자동차,스타리아 (STARIA),2022,MPV/미니밴
2022-01-17,현대자동차,스타리아 (STARIA),2022,MPV/미니밴
2022-01-17,현대자동차,스타리아 라운지 (STARIA LOUNGE),2022,MPV/미니밴
2022-01-17,현대자동차,스타리아 라운지 (STARIA LOUNGE),2022,MPV/미니밴
2022-01-17,현대자동차,스타리아 (STARIA),2022,MPV/미니밴
2022-01-18,기아,모하비,2021,SUV
2022-01-18,현대자동차,스타리아 (STARIA),2022,MPV/미니밴
2022-01-17,기아,모하비,2015,SUV
2022-01-17,현대자동차,스타리아 라운지 (STARIA LOUNGE),2022,MPV/미니밴
2022-01-17,현대자동차,스타리아 (STARIA),2022,MPV/미니밴
2022-01-17,현대자동차,스타리아 라운지 (STARIA LOUNGE),2022,MPV/미니밴
2022-01-17,현대자동차,스타리아 (STARIA),2022,MPV/미니밴
2022-01-17,현대자동차,투싼(TUCSON),2017,SUV
2022-01-17,기아,쏘렌토 하이브리드,2021,SUV
2022-01-17,기아,쏘렌토,2015,SUV
2022-01-17,기아,니로 하이브리드,2018,SUV
2022-01-17,현대자동차,스타리아 라운지 (STARIA LOUNGE),2022,MPV/미니밴
2022-01-17,현대자동차,스타리아 라운지 (STARIA LOUNGE),2022,MPV/미니밴
2022-01-14,기아,모하비,2021,SUV
2022-01-14,현대자동차,스타리아 (STARIA),2022,MPV/미니밴
2022-01-14,현대자동차,스타리아 라운지 (STARIA LOUNGE),2022,MPV/미니밴
2022-01-14,현대자동차,스타리아 (STARIA),2022,MPV/미니밴
2022-01-14,현대자동차,스타리아 (STARIA),2022,MPV/미니밴
2022-01-14,현대자동차,팰리세이드(PALISADE),2022,SUV
2022-01-14,현대자동차,스타리아 (STARIA),2022,MPV/미니밴
2022-01-14,현대자동차,스타리아 라운지 (STARIA LOUNGE),2022,MPV/미니밴
2022-01-14,현대자동차,스타리아 라운지 (STARIA LOUNGE),2022,MPV/미니밴
2022-01-14,현대자동차,스타리아 (STARIA),2022,MPV/미니밴
2022-01-14,현대자동차,싼타페(SANTAFE),2014,SUV
2022-01-14,기아,모하비,2021,SUV
2022-01-14,기아,모하비,2021,SUV
2022-01-14,기아,모하비,2021,SUV
2022-01-13,현대자동차,스타리아 라운지 (STARIA LOUNGE),2022,MPV/미니밴
2022-01-14,현대자동차,스타리아 라운지 (STARIA LOUNGE),2022,MPV/미니밴
2022-01-14,현대자동차,팰리세이드(PALISADE),2021,SUV
2022-01-14,르노코리아,QM3,2015,SUV
2022-01-14,현대자동차,스타리아 라운지 (STARIA LOUNGE),2022,MPV/미니밴
2022-01-14,현대자동차,스타리아 라운지 (STARIA LOUNGE),2022,MPV/미니밴
2022-01-14,현대자동차,스타리아 (STARIA),2022,MPV/미니밴
2022-01-14,현대자동차,스타리아 라운지 (STARIA LOUNGE),2022,MPV/미니밴
2022-01-14,현대자동차,스타리아 (STARIA),2022,MPV/미니밴
2022-01-14,현대자동차,싼타페(SANTAFE),2014,SUV
2022-01-14,현대자동차,스타리아 (STARIA),2022,MPV/미니밴
2022-01-14,현대자동차,스타리아 (STARIA),2022,MPV/미니밴
2022-01-13,현대자동차,스타리아 (STARIA),2022,MPV/미니밴
2022-01-13,현대자동차,스타리아 라운지 (STARIA LOUNGE),2022,MPV/미니밴
2022-01-13,현대자동차,스타리아 라운지 (STARIA LOUNGE),2022,MPV/미니밴
2022-01-13,현대자동차,스타리아 (STARIA),2022,MPV/미니밴
2022-01-13,현대자동차,스타리아 (STARIA),2022,MPV/미니밴
2022-01-13,현대자동차,스타리아 (STARIA),2022,MPV/미니밴
2022-01-13,현대자동차,스타리아 라운지 (STARIA LOUNGE),2022,MPV/미니밴
2022-01-13,현대자동차,스타리아 라운지 (STARIA LOUNGE),2022,MPV/미니밴
2022-01-13,현대자동차,스타리아 (STARIA),2022,MPV/미니밴
2022-01-13,기아,쏘렌토,2015,SUV
2022-01-13,현대자동차,스타리아 라운지 (STARIA LOUNGE),2022,MPV/미니밴
2022-01-13,현대자동차,스타리아 라운지 (STARIA LOUNGE),2022,MPV/미니밴
2022-01-13,현대자동차,스타리아 (STARIA),2022,MPV/미니밴
2022-01-13,현대자동차,스타리아 (STARIA),2022,MPV/미니밴
2022-01-13,현대자동차,스타리아 라운지 (STARIA LOUNGE),2022,MPV/미니밴
2022-01-13,현대자동차,스타리아 라운지 (STARIA LOUNGE),2022,MPV/미니밴
2022-01-13,현대자동차,스타리아 라운지 (STARIA LOUNGE),2022,MPV/미니밴
2022-01-13,현대자동차,스타리아 (STARIA),2022,MPV/미니밴
2022-01-13,현대자동차,스타리아 (STARIA),2022,MPV/미니밴
2022-01-13,현대자동차,스타리아 라운지 (STARIA LOUNGE),2022,MPV/미니밴
2022-01-13,현대자동차,스타리아 (STARIA),2022,MPV/미니밴
2022-01-13,현대자동차,스타리아 라운지 (STARIA LOUNGE),2022,MPV/미니밴
2022-01-13,현대자동차,스타리아 (STARIA),2022,MPV/미니밴
2022-01-13,현대자동차,싼타페(SANTAFE),2021,SUV
2022-01-13,현대자동차,스타리아 라운지 (STARIA LOUNGE),2022,MPV/미니밴
2022-01-13,현대자동차,스타리아 라운지 (STARIA LOUNGE),2022,MPV/미니밴
2022-01-13,현대자동차,스타리아 라운지 (STARIA LOUNGE),2022,MPV/미니밴
2022-01-13,기아,쏘렌토,2021,SUV
2022-01-13,기아,모하비,2021,SUV
2022-01-12,기아,쏘렌토 하이브리드,2022,SUV
2022-01-12,현대자동차,스타리아 (STARIA),2022,MPV/미니밴
2022-01-11,현대자동차,투싼(TUCSON),2019,SUV
2022-01-11,KG 모빌리티,티볼리,2022,SUV
2022-01-11,기아,쏘렌토,2021,SUV
2022-01-11,기아,쏘렌토,2021,SUV
2022-01-10,기아,쏘렌토,2015,SUV
2022-01-10,포드,Explorer 3.0 PHEV,2021,SUV
2022-01-10,KG 모빌리티,티볼리,2016,SUV
2022-01-11,혼다코리아,ODYSSEY,2022,MPV/미니밴
2022-01-07,포드,Explorer 3.0 PHEV,2021,SUV
2022-01-07,현대자동차,싼타페(SANTAFE),2015,SUV
2022-01-07,현대자동차,싼타페(SANTAFE),2013,SUV
2022-01-06,현대자동차,투싼(TUCSON),2016,SUV
2022-01-07,현대자동차,스타리아 (STARIA),2022,MPV/미니밴
2022-01-06,현대자동차,팰리세이드(PALISADE),2022,SUV
2022-01-06,기아,카렌스,2014,MPV/미니밴
2022-01-06,현대자동차,GV80,2020,SUV
2022-01-06,현대자동차,스타리아 (STARIA),2022,MPV/미니밴
2022-01-06,현대자동차,스타리아 (STARIA),2022,MPV/미니밴
2022-01-06,현대자동차,싼타페(SANTAFE),2021,SUV
2022-01-05,현대자동차,싼타페(SANTAFE),2014,SUV
2022-01-05,현대자동차,스타리아 (STARIA),2022,MPV/미니밴
2022-01-05,기아,쏘렌토,2022,SUV
2022-01-04,현대자동차,싼타페(SANTAFE),2019,SUV
2022-01-04,현대자동차,투싼(TUCSON),2017,SUV
2022-01-04,기아,쏘렌토,2021,SUV
2022-01-03,기아,쏘렌토,2022,SUV
2022-01-03,기아,쏘렌토,2021,SUV
2022-01-03,현대자동차,싼타페(SANTAFE),2014,SUV
2022-01-03,메르세데스 벤츠,Mercedes-Benz GLE 450 4MATIC,2020,SUV
2022-01-03,기아,쏘렌토,2015,SUV
2024-01-02,기아,쏘렌토 하이브리드,2024,SUV
2024-01-02,기아,쏘렌토 하이브리드,2024,SUV
2024-01-02,현대자동차,싼타페 하이브리드(SANTAFE HYBRID),2024,SUV
2024-01-02,현대자동차,싼타페 하이브리드(SANTAFE HYBRID),2024,SUV
2024-01-02,현대자동차,GV80 쿠페(GV80 Coupe),2024,SUV
2024-01-03,현대자동차,투싼 하이브리드(TUCSON HYBRID),2022,SUV
2024-01-03,KG 모빌리티,토레스,2023,SUV
2024-01-03,KG 모빌리티,토레스,2023,SUV
2024-01-03,현대자동차,GV70,2024,SUV
2024-01-04,현대자동차,팰리세이드(PALISADE),2020,SUV
2024-01-04,KG 모빌리티,토레스 EVX,2024,SUV
2024-01-04,현대자동차,싼타페(SANTAFE),2023,SUV
2024-01-04,현대자동차,싼타페(SANTAFE),2019,SUV
2024-01-04,현대자동차,싼타페 하이브리드(SANTAFE HYBRID),2024,SUV
2024-01-04,기아,스포티지 하이브리드,2023,SUV
2024-01-05,현대자동차,투싼(TUCSON),2016,SUV
2024-01-05,현대자동차,싼타페 하이브리드(SANTAFE HYBRID),2024,SUV
2024-01-05,르노코리아,XM3,2020,SUV
2024-01-05,메르세데스 벤츠,Mercedes-Benz EQA250,2022,SUV
2024-01-08,KG 모빌리티,토레스,2023,SUV
2024-01-08,KG 모빌리티,토레스,2023,SUV
2024-01-08,KG 모빌리티,토레스,2023,SUV
2024-01-08,KG 모빌리티,토레스,2023,SUV
2024-01-08,KG 모빌리티,토레스,2024,SUV
2024-01-08,기아,카니발,2019,MPV/미니밴
2024-01-08,현대자동차,싼타페 하이브리드(SANTAFE HYBRID),2024,SUV
2024-01-08,현대자동차,싼타페 하이브리드(SANTAFE HYBRID),2024,SUV
2024-01-08,기아,스포티지,2016,SUV
2024-01-08,메르세데스 벤츠,Mercedes-Benz EQB300 4MATIC,2023,SUV
2024-01-08,현대자동차,GV70,2023,SUV
2024-01-08,포드,Explorer 2.3 AWD,2016,SUV
2024-01-09,KG 모빌리티,티볼리,2019,SUV
2024-01-09,KG 모빌리티,토레스,2023,SUV
2024-01-09,기아,쏘렌토 하이브리드,2023,SUV
2024-01-09,현대자동차,싼타페 하이브리드(SANTAFE HYBRID),2024,SUV
2024-01-09,현대자동차,싼타페 하이브리드(SANTAFE HYBRID),2024,SUV
2024-01-09,르노코리아,QM3,2014,SUV
2024-01-10,현대자동차,투싼(TUCSON),2016,SUV
2024-01-10,KG 모빌리티,토레스,2023,SUV
2024-01-10,현대자동차,코나 일렉트릭 (KONA ELECTRIC),2020,SUV
2024-01-10,기아,쏘렌토,2021,SUV
2024-01-10,기아,스포티지 하이브리드,2024,SUV
2024-01-11,현대자동차,투싼(TUCSON),2019,SUV
2024-01-11,현대자동차,투싼(TUCSON),2019,SUV
2024-01-11,현대자동차,투싼 하이브리드(TUCSON HYBRID),2023,SUV
2024-01-11,KG 모빌리티,토레스,2024,SUV
2024-01-11,기아,카니발,2019,MPV/미니밴
2024-01-11,포드,Explorer 2.3,2020,SUV
2024-01-12,KG 모빌리티,토레스,2023,SUV
2024-01-12,기아,쏘렌토,2021,SUV
2024-01-12,KG 모빌리티,렉스턴스포츠,2018,SUV
2024-01-12,메르세데스 벤츠,Mercedes-Benz GLE450 4MATIC,2023,SUV
2024-01-12,메르세데스 벤츠,GLK220 CDI 4Matic,2010,SUV
2024-01-15,현대자동차,투싼(TUCSON),2020,SUV
2024-01-15,현대자동차,투싼(TUCSON),2016,SUV
2024-01-15,현대자동차,코나(KONA),2020,SUV
2024-01-15,기아,쏘렌토 하이브리드,2022,SUV
2024-01-15,기아,쏘렌토,2021,SUV
2024-01-15,기아,쏘렌토,2019,SUV
2024-01-15,기아,쏘렌토,2019,SUV
2024-01-15,현대자동차,싼타페 하이브리드(SANTAFE HYBRID),2024,SUV
2024-01-15,현대자동차,GV80,2024,SUV
2024-01-16,현대자동차,투싼(TUCSON),2016,SUV
2024-01-16,기아,카니발,2021,MPV/미니밴
2024-01-16,기아,쏘렌토 하이브리드,2022,SUV
2024-01-16,기아,쏘렌토,2018,SUV
2024-01-16,기아,니로 하이브리드,2017,SUV
2024-01-16,기아,니로 하이브리드,2022,SUV
2024-01-16,메르세데스 벤츠,Mercedes-Benz EQB300 4MATIC,2024,SUV
2024-01-16,포드,Explorer 2.3 AWD,2018,SUV
2024-01-17,현대자동차,투싼(TUCSON),2024,SUV
2024-01-17,기아,카니발,2020,MPV/미니밴
2024-01-17,기아,카니발,2020,MPV/미니밴
2024-01-17,기아,쏘렌토 하이브리드,2021,SUV
2024-01-17,기아,모하비,2022,SUV
2024-01-17,KG 모빌리티,렉스턴스포츠,2023,SUV
2024-01-17,르노코리아,QM6,2021,SUV
2024-01-18,현대자동차,투싼(TUCSON),2016,SUV
2024-01-18,기아,카니발,2021,MPV/미니밴
2024-01-18,기아,쏘렌토 하이브리드,2024,SUV
2024-01-18,현대자동차,싼타페 하이브리드(SANTAFE HYBRID),2024,SUV
2024-01-18,현대자동차,싼타페 하이브리드(SANTAFE HYBRID),2024,SUV
2024-01-18,기아,스포티지,2018,SUV
2024-01-18,KG 모빌리티,렉스턴스포츠 쿨멘,2024,SUV
2024-01-18,메르세데스 벤츠,GLC350 e 4Matic,2019,SUV
2024-01-19,기아,카니발,2023,MPV/미니밴
2024-01-19,현대자동차,싼타페(SANTAFE),2014,SUV
2024-01-22,현대자동차,팰리세이드(PALISADE),2020,SUV
2024-01-22,현대자동차,투싼(TUCSON),2017,SUV
2024-01-22,기아,쏘렌토,2018,SUV
2024-01-22,현대자동차,싼타페 하이브리드(SANTAFE HYBRID),2024,SUV
2024-01-22,현대자동차,싼타페 하이브리드(SANTAFE HYBRID),2024,SUV
2024-01-22,현대자동차,싼타페 하이브리드(SANTAFE HYBRID),2024,SUV
2024-01-22,현대자동차,싼타페 하이브리드(SANTAFE HYBRID),2024,SUV
2024-01-22,현대자동차,싼타페 하이브리드(SANTAFE HYBRID),2024,SUV
2024-01-22,현대자동차,싼타페 하이브리드(SANTAFE HYBRID),2024,SUV
2024-01-22,현대자동차,싼타페 하이브리드(SANTAFE HYBRID),2024,SUV
2024-01-22,르노코리아,QM3,2014,SUV
2024-01-22,메르세데스 벤츠,Mercedes-Benz EQB300 4MATIC,2023,SUV
2024-01-23,토요타,토요타 RAV4 Hybrid AWD,2020,SUV
2024-01-23,KG 모빌리티,토레스 EVX,2024,SUV
2024-01-23,KG 모빌리티,토레스,2023,SUV
2024-01-23,기아,카니발,2021,MPV/미니밴
2024-01-23,기아,쏘렌토 하이브리드,2024,SUV
2024-01-23,현대자동차,싼타페(SANTAFE),2014,SUV
2024-01-23,현대자동차,싼타페 하이브리드(SANTAFE HYBRID),2024,SUV
2024-01-23,현대자동차,싼타페 하이브리드(SANTAFE HYBRID),2024,SUV
2024-01-23,기아,스포티지 하이브리드,2022,SUV
2024-01-23,기아,스포티지 하이브리드,2023,SUV
2024-01-24,현대자동차,투싼(TUCSON),2019,SUV
2024-01-24,기아,쏘렌토,2018,SUV
2024-01-24,현대자동차,싼타페(SANTAFE),2024,SUV
2024-01-24,현대자동차,싼타페 하이브리드(SANTAFE HYBRID),2024,SUV
2024-01-24,현대자동차,싼타페 하이브리드(SANTAFE HYBRID),2024,SUV
2024-01-24,현대자동차,GV70,2021,SUV
2024-01-25,기아,쏘렌토 하이브리드,2021,SUV
2024-01-25,현대자동차,싼타페 하이브리드(SANTAFE HYBRID),2024,SUV
2024-01-25,현대자동차,싼타페 하이브리드(SANTAFE HYBRID),2024,SUV
2024-01-25,기아,니로 EV,2023,SUV
2024-01-25,메르세데스 벤츠,Mercedes-Benz EQB300 4MATIC,2023,SUV
2024-01-26,기아,쏘렌토 하이브리드,2024,SUV
2024-01-26,기아,모하비,2017,SUV
2024-01-29,현대자동차,팰리세이드(PALISADE),2020,SUV
2024-01-29,KG 모빌리티,토레스,2023,SUV
2024-01-29,KG 모빌리티,토레스,2023,SUV
2024-01-29,기아,카렌스,2014,MPV/미니밴
2024-01-29,기아,쏘렌토 하이브리드,2023,SUV
2024-01-29,기아,쏘렌토,2019,SUV
2024-01-29,현대자동차,싼타페(SANTAFE),2024,SUV
2024-01-30,현대자동차,팰리세이드(PALISADE),2020,SUV
2024-01-30,현대자동차,팰리세이드(PALISADE),2023,SUV
2024-01-30,기아,쏘렌토 하이브리드,2022,SUV
2024-01-30,현대자동차,싼타페 하이브리드(SANTAFE HYBRID),2024,SUV
2024-01-30,BMW,BMW X5 xDrive40e iPerformance,2018,SUV
2024-01-31,현대자동차,팰리세이드(PALISADE),2021,SUV
2024-01-31,토요타,토요타 RAV4 Hybrid AWD,2023,SUV
2024-01-31,기아,카니발,2019,MPV/미니밴
2024-01-31,기아,쏘렌토 하이브리드,2024,SUV
2024-01-31,현대자동차,싼타페(SANTAFE),2024,SUV
2024-01-31,현대자동차,싼타페 하이브리드(SANTAFE HYBRID),2024,SUV
2024-01-31,현대자동차,싼타페 하이브리드(SANTAFE HYBRID),2024,SUV
2024-01-31,현대자동차,싼타페 하이브리드(SANTAFE HYBRID),2024,SUV
2024-01-31,현대자동차,싼타페 하이브리드(SANTAFE HYBRID),2024,SUV
2024-01-31,기아,니로 EV,2023,SUV
2024-01-31,르노코리아,XM3 하이브리드,2023,SUV
2024-02-01,현대자동차,투싼(TUCSON),2016,SUV
2024-02-01,KG 모빌리티,토레스,2023,SUV
2024-02-01,기아,카니발,2018,MPV/미니밴
2024-02-01,현대자동차,싼타페 하이브리드(SANTAFE HYBRID),2024,SUV
2024-02-01,현대자동차,싼타페 하이브리드(SANTAFE HYBRID),2024,SUV
2024-02-02,기아,카니발 하이브리드,2024,MPV/미니밴
2024-02-02,현대자동차,싼타페(SANTAFE),2024,SUV
2024-02-02,현대자동차,싼타페 하이브리드(SANTAFE HYBRID),2024,SUV
2024-02-02,현대자동차,싼타페 하이브리드(SANTAFE HYBRID),2024,SUV
2024-02-02,기아,니로 하이브리드,2017,SUV
2024-02-02,르노코리아,XM3 하이브리드,2023,SUV
2024-02-02,메르세데스 벤츠,GLC350 e 4Matic,2019,SUV
2024-02-05,기아,카니발,2019,MPV/미니밴
2024-02-05,기아,쏘렌토,2015,SUV
2024-02-05,기아,쏘렌토,2018,SUV
2024-02-05,현대자동차,싼타페 하이브리드(SANTAFE HYBRID),2024,SUV
2024-02-05,현대자동차,싼타페 하이브리드(SANTAFE HYBRID),2024,SUV
2024-02-05,현대자동차,싼타페 하이브리드(SANTAFE HYBRID),2024,SUV
2024-02-05,현대자동차,싼타페 하이브리드(SANTAFE HYBRID),2024,SUV
2024-02-05,현대자동차,스타리아 라운지 (STARIA LOUNGE),2024,MPV/미니밴
2024-02-05,기아,니로 하이브리드,2017,SUV
2024-02-06,현대자동차,투싼(TUCSON),2017,SUV
2024-02-06,기아,카니발,2023,MPV/미니밴
2024-02-06,기아,쏘렌토,2019,SUV
2024-02-06,현대자동차,싼타페(SANTAFE),2019,SUV
2024-02-06,현대자동차,싼타페(SANTAFE),2024,SUV
2024-02-06,현대자동차,싼타페(SANTAFE),2024,SUV
2024-02-06,현대자동차,싼타페 하이브리드(SANTAFE HYBRID),2024,SUV
2024-02-06,현대자동차,싼타페 하이브리드(SANTAFE HYBRID),2023,SUV
2024-02-06,현대자동차,싼타페 하이브리드(SANTAFE HYBRID),2024,SUV
2024-02-06,기아,니로 하이브리드,2017,SUV
2024-02-06,기아,그랜드 카니발,2011,MPV/미니밴
2024-02-07,기아,카니발,2019,MPV/미니밴
2024-02-07,현대자동차,싼타페(SANTAFE),2015,SUV
2024-02-07,현대자동차,싼타페(SANTAFE),2019,SUV
2024-02-07,현대자동차,싼타페 하이브리드(SANTAFE HYBRID),2024,SUV
2024-02-07,KG 모빌리티,렉스턴스포츠,2020,SUV
2024-02-07,르노코리아,XM3,2020,SUV
2024-02-07,KG 모빌리티,G4 렉스턴,2020,SUV
2024-02-08,기아,쏘렌토,2019,SUV
2024-02-08,현대자동차,싼타페 하이브리드(SANTAFE HYBRID),2024,SUV
2024-02-08,현대자동차,싼타페 하이브리드(SANTAFE HYBRID),2024,SUV
2024-02-08,기아,스포티지,2024,SUV
2024-02-08,르노코리아,CAPTUR,2020,SUV
2024-02-13,현대자동차,투싼(TUCSON),2016,SUV
2024-02-13,기아,쏘렌토 하이브리드,2022,SUV
2024-02-13,기아,쏘렌토 하이브리드,2024,SUV
2024-02-14,기아,쏘렌토 하이브리드,2024,SUV
2024-02-14,현대자동차,싼타페(SANTAFE),2024,SUV
2024-02-14,현대자동차,스타리아 (STARIA),2024,MPV/미니밴
2024-02-14,르노코리아,XM3,2020,SUV
2024-02-14,메르세데스 벤츠,Mercedes-Benz EQB300 4MATIC,2023,SUV
2024-02-15,KG 모빌리티,토레스,2023,SUV
2024-02-15,기아,쏘렌토 하이브리드,2022,SUV
2024-02-15,기아,쏘렌토 하이브리드,2021,SUV
2024-02-15,기아,쏘렌토,2017,SUV
2024-02-15,현대자동차,싼타페 하이브리드(SANTAFE HYBRID),2024,SUV
2024-02-16,현대자동차,투싼(TUCSON),2016,SUV
2024-02-16,KG 모빌리티,토레스,2023,SUV
2024-02-16,기아,쏘렌토 하이브리드,2024,SUV
2024-02-16,기아,쏘렌토,2021,SUV
2024-02-16,현대자동차,싼타페 하이브리드(SANTAFE HYBRID),2024,SUV
2024-02-16,현대자동차,싼타페 하이브리드(SANTAFE HYBRID),2024,SUV
2024-02-16,기아,니로 하이브리드,2017,SUV
2024-02-16,르노코리아,QM6,2018,SUV
2024-02-16,메르세데스 벤츠,Mercedes-Benz EQB300 4MATIC,2023,SUV
2024-02-19,기아,카니발,2019,MPV/미니밴
2024-02-19,기아,카니발,2019,MPV/미니밴
2024-02-19,기아,카니발,2021,MPV/미니밴
2024-02-19,기아,쏘렌토,2019,SUV
2024-02-19,현대자동차,싼타페(SANTAFE),2024,SUV
2024-02-19,현대자동차,싼타페(SANTAFE),2015,SUV
2024-02-19,현대자동차,싼타페 하이브리드(SANTAFE HYBRID),2024,SUV
2024-02-19,현대자동차,싼타페 하이브리드(SANTAFE HYBRID),2024,SUV
2024-02-19,현대자동차,싼타페 하이브리드(SANTAFE HYBRID),2023,SUV
2024-02-19,현대자동차,싼타페 하이브리드(SANTAFE HYBRID),2024,SUV
2024-02-19,현대자동차,싼타페 하이브리드(SANTAFE HYBRID),2024,SUV
2024-02-19,기아,니로 하이브리드,2017,SUV
2024-02-19,기아,니로 하이브리드,2017,SUV
2024-02-19,메르세데스 벤츠,Mercedes-Benz EQB300 4MATIC,2023,SUV
2024-02-19,르노코리아,CAPTUR,2020,SUV
2024-02-20,현대자동차,싼타페(SANTAFE),2013,SUV
2024-02-20,현대자동차,싼타페 하이브리드(SANTAFE HYBRID),2024,SUV
2024-02-20,현대자동차,싼타페 하이브리드(SANTAFE HYBRID),2024,SUV
2024-02-20,기아,스포티지,2019,SUV
2024-02-20,기아,니로 하이브리드,2018,SUV
2024-02-21,현대자동차,투싼(TUCSON),2017,SUV
2024-02-21,현대자동차,싼타페 하이브리드(SANTAFE HYBRID),2024,SUV
2024-02-21,현대자동차,싼타페 하이브리드(SANTAFE HYBRID),2024,SUV
2024-02-21,메르세데스 벤츠,Mercedes-Benz EQB300 4MATIC,2023,SUV
2024-02-22,현대자동차,싼타페(SANTAFE),2019,SUV
2024-02-22,현대자동차,싼타페 하이브리드(SANTAFE HYBRID),2024,SUV
2024-02-22,기아,니로 하이브리드,2017,SUV
2024-02-22,기아,니로 하이브리드,2017,SUV
2024-02-23,기아,쏘렌토,2018,SUV
2024-02-23,현대자동차,싼타페 하이브리드(SANTAFE HYBRID),2024,SUV
2024-02-23,기아,니로 EV,2020,SUV
2024-02-23,현대자동차,그랜드 스타렉스(GRAND STAREX),2017,MPV/미니밴
2024-02-23,르노코리아,QM3,2016,SUV
2024-02-23,현대자동차,GV70,2022,SUV
2024-02-26,KG 모빌리티,토레스,2024,SUV
2024-02-26,기아,카니발 하이브리드,2024,MPV/미니밴
2024-02-26,기아,스포티지,2022,SUV
2024-02-26,기아,스포티지,2022,SUV
2024-02-26,메르세데스 벤츠,Mercedes-Benz EQB300 4MATIC,2023,SUV
2024-02-27,현대자동차,팰리세이드(PALISADE),2022,SUV
2024-02-27,현대자동차,투싼(TUCSON),2016,SUV
2024-02-27,KG 모빌리티,토레스,2023,SUV
2024-02-27,기아,카니발 하이브리드,2024,MPV/미니밴
2024-02-27,재규어랜드로버,재규어 F-PACE 20d,2017,SUV
2024-02-27,현대자동차,싼타페 하이브리드(SANTAFE HYBRID),2024,SUV
2024-02-27,현대자동차,싼타페 하이브리드(SANTAFE HYBRID),2024,SUV
2024-02-27,현대자동차,GV70,2022,SUV
2024-02-28,KG 모빌리티,토레스,2024,SUV
2024-02-28,기아,카니발,2017,MPV/미니밴
2024-02-28,현대자동차,싼타페(SANTAFE),2024,SUV
2024-02-28,현대자동차,싼타페 하이브리드(SANTAFE HYBRID),2024,SUV
2024-02-28,현대자동차,싼타페 하이브리드(SANTAFE HYBRID),2024,SUV
2024-02-28,현대자동차,싼타페 하이브리드(SANTAFE HYBRID),2024,SUV
2024-02-28,현대자동차,싼타페 하이브리드(SANTAFE HYBRID),2024,SUV
2024-02-29,KG 모빌리티,토레스,2023,SUV
2024-02-29,KG 모빌리티,토레스,2024,SUV
2024-02-29,기아,카니발 하이브리드,2024,MPV/미니밴
2024-02-29,기아,쏘렌토 하이브리드,2024,SUV
2024-02-29,현대자동차,싼타페(SANTAFE),2024,SUV
2024-02-29,현대자동차,싼타페 하이브리드(SANTAFE HYBRID),2024,SUV
2024-02-29,현대자동차,싼타페 하이브리드(SANTAFE HYBRID),2024,SUV
2024-02-29,기아,스포티지 하이브리드,2023,SUV
2024-02-29,기아,니로 하이브리드,2020,SUV
2024-02-29,BMW,BMW X5 xDrive30d,2021,SUV
2024-03-04,현대자동차,투싼(TUCSON),2018,SUV
2024-03-04,현대자동차,싼타페(SANTAFE),2024,SUV
2024-03-04,현대자동차,싼타페 하이브리드(SANTAFE HYBRID),2024,SUV
2024-03-04,현대자동차,싼타페 하이브리드(SANTAFE HYBRID),2024,SUV
2024-03-04,현대자동차,싼타페 하이브리드(SANTAFE HYBRID),2024,SUV
2024-03-04,현대자동차,싼타페 하이브리드(SANTAFE HYBRID),2024,SUV
2024-03-04,현대자동차,싼타페 하이브리드(SANTAFE HYBRID),2024,SUV
2024-03-04,현대자동차,싼타페 하이브리드(SANTAFE HYBRID),2024,SUV
2024-03-04,현대자동차,GV70,2022,SUV
2024-03-05,기아,카렌스,2017,MPV/미니밴
2024-03-05,현대자동차,싼타페 하이브리드(SANTAFE HYBRID),2024,SUV
2024-03-05,기아,스포티지,2019,SUV
2024-03-06,토요타,토요타 Alphard Hybrid,2024,MPV/미니밴
2024-03-06,KG 모빌리티,토레스,2023,SUV
2024-03-06,현대자동차,코나(KONA),2018,SUV
2024-03-06,현대자동차,싼타페(SANTAFE),2024,SUV
2024-03-06,현대자동차,싼타페 하이브리드(SANTAFE HYBRID),2024,SUV
2024-03-06,현대자동차,싼타페 하이브리드(SANTAFE HYBRID),2024,SUV
2024-03-06,현대자동차,싼타페 하이브리드(SANTAFE HYBRID),2024,SUV
2024-03-06,현대자동차,싼타페 하이브리드(SANTAFE HYBRID),2024,SUV
2024-03-06,현대자동차,싼타페 하이브리드(SANTAFE HYBRID),2024,SUV
2024-03-06,현대자동차,싼타페 하이브리드(SANTAFE HYBRID),2024,SUV
2024-03-06,현대자동차,싼타페 하이브리드(SANTAFE HYBRID),2024,SUV
2024-03-06,현대자동차,싼타페 하이브리드(SANTAFE HYBRID),2024,SUV
2024-03-06,현대자동차,싼타페 하이브리드(SANTAFE HYBRID),2024,SUV
2024-03-06,현대자동차,싼타페 하이브리드(SANTAFE HYBRID),2024,SUV
2024-03-06,현대자동차,싼타페 하이브리드(SANTAFE HYBRID),2024,SUV
2024-03-06,현대자동차,싼타페 하이브리드(SANTAFE HYBRID),2024,SUV
2024-03-06,현대자동차,싼타페 하이브리드(SANTAFE HYBRID),2024,SUV
2024-03-06,현대자동차,싼타페 하이브리드(SANTAFE HYBRID),2024,SUV
2024-03-06,현대자동차,싼타페 하이브리드(SANTAFE HYBRID),2024,SUV
2024-03-06,현대자동차,싼타페 하이브리드(SANTAFE HYBRID),2024,SUV
2024-03-06,현대자동차,싼타페 하이브리드(SANTAFE HYBRID),2024,SUV
2024-03-06,현대자동차,싼타페 하이브리드(SANTAFE HYBRID),2024,SUV
2024-03-06,현대자동차,싼타페 하이브리드(SANTAFE HYBRID),2024,SUV
2024-03-06,현대자동차,싼타페 하이브리드(SANTAFE HYBRID),2024,SUV
2024-03-06,현대자동차,싼타페 하이브리드(SANTAFE HYBRID),2024,SUV
2024-03-06,현대자동차,싼타페 하이브리드(SANTAFE HYBRID),2024,SUV
2024-03-06,현대자동차,싼타페 하이브리드(SANTAFE HYBRID),2024,SUV
2024-03-06,현대자동차,싼타페 하이브리드(SANTAFE HYBRID),2024,SUV
2024-03-06,현대자동차,싼타페 하이브리드(SANTAFE HYBRID),2024,SUV
2024-03-06,현대자동차,싼타페 하이브리드(SANTAFE HYBRID),2024,SUV
2024-03-06,현대자동차,싼타페 하이브리드(SANTAFE HYBRID),2024,SUV
2024-03-06,현대자동차,싼타페 하이브리드(SANTAFE HYBRID),2024,SUV
2024-03-06,현대자동차,싼타페 하이브리드(SANTAFE HYBRID),2024,SUV
2024-03-06,현대자동차,싼타페 하이브리드(SANTAFE HYBRID),2024,SUV
2024-03-06,기아,니로 하이브리드,2017,SUV
2024-03-06,현대자동차,GV70,2022,SUV
2024-03-07,현대자동차,투싼(TUCSON),2019,SUV
2024-03-07,현대자동차,투싼(TUCSON),2016,SUV
2024-03-07,기아,카니발,2019,MPV/미니밴
2024-03-07,현대자동차,싼타페 하이브리드(SANTAFE HYBRID),2024,SUV
2024-03-07,현대자동차,싼타페 하이브리드(SANTAFE HYBRID),2024,SUV
2024-03-07,현대자동차,싼타페 하이브리드(SANTAFE HYBRID),2024,SUV
2024-03-07,현대자동차,싼타페 하이브리드(SANTAFE HYBRID),2024,SUV
2024-03-07,현대자동차,싼타페 하이브리드(SANTAFE HYBRID),2024,SUV
2024-03-07,현대자동차,싼타페 하이브리드(SANTAFE HYBRID),2024,SUV
2024-03-07,현대자동차,싼타페 하이브리드(SANTAFE HYBRID),2024,SUV
2024-03-07,현대자동차,싼타페 하이브리드(SANTAFE HYBRID),2024,SUV
2024-03-07,현대자동차,싼타페 하이브리드(SANTAFE HYBRID),2024,SUV
2024-03-07,현대자동차,싼타페 하이브리드(SANTAFE HYBRID),2024,SUV
2024-03-07,현대자동차,싼타페 하이브리드(SANTAFE HYBRID),2024,SUV
2024-03-07,현대자동차,싼타페 하이브리드(SANTAFE HYBRID),2024,SUV
2024-03-07,기아,모하비,2017,SUV
2024-03-07,르노코리아,XM3,2020,SUV
2024-03-08,기아,카니발,2021,MPV/미니밴
2024-03-08,기아,쏘렌토 하이브리드,2024,SUV
2024-03-08,현대자동차,싼타페(SANTAFE),2021,SUV
2024-03-08,현대자동차,싼타페 하이브리드(SANTAFE HYBRID),2024,SUV
2024-03-08,현대자동차,싼타페 하이브리드(SANTAFE HYBRID),2024,SUV
2024-03-08,현대자동차,싼타페 하이브리드(SANTAFE HYBRID),2024,SUV
2024-03-08,현대자동차,싼타페 하이브리드(SANTAFE HYBRID),2024,SUV
2024-03-08,현대자동차,싼타페 하이브리드(SANTAFE HYBRID),2024,SUV
2024-03-08,현대자동차,싼타페 하이브리드(SANTAFE HYBRID),2024,SUV
2024-03-08,현대자동차,싼타페 하이브리드(SANTAFE HYBRID),2024,SUV
2024-03-08,현대자동차,싼타페 하이브리드(SANTAFE HYBRID),2024,SUV
2024-03-08,현대자동차,싼타페 하이브리드(SANTAFE HYBRID),2024,SUV
2024-03-08,현대자동차,싼타페 하이브리드(SANTAFE HYBRID),2024,SUV
2024-03-08,현대자동차,싼타페 하이브리드(SANTAFE HYBRID),2024,SUV
2024-03-08,현대자동차,싼타페 하이브리드(SANTAFE HYBRID),2024,SUV
2024-03-08,현대자동차,싼타페 하이브리드(SANTAFE HYBRID),2024,SUV
2024-03-08,현대자동차,싼타페 하이브리드(SANTAFE HYBRID),2024,SUV
2024-03-08,현대자동차,싼타페 하이브리드(SANTAFE HYBRID),2024,SUV
2024-03-08,현대자동차,싼타페 하이브리드(SANTAFE HYBRID),2024,SUV
2024-03-08,현대자동차,싼타페 하이브리드(SANTAFE HYBRID),2024,SUV
2024-03-08,현대자동차,싼타페 하이브리드(SANTAFE HYBRID),2024,SUV
2024-03-08,현대자동차,싼타페 하이브리드(SANTAFE HYBRID),2024,SUV
2024-03-08,현대자동차,싼타페 하이브리드(SANTAFE HYBRID),2024,SUV
2024-03-08,현대자동차,싼타페 하이브리드(SANTAFE HYBRID),2024,SUV
2024-03-08,KG 모빌리티,렉스턴,2021,SUV
2024-03-08,기아,니로 하이브리드,2017,SUV
2024-03-08,르노코리아,QM6,2019,SUV
2024-03-11,현대자동차,팰리세이드(PALISADE),2023,SUV
2024-03-11,기아,쏘렌토,2021,SUV
2024-03-11,현대자동차,싼타페 하이브리드(SANTAFE HYBRID),2024,SUV
2024-03-11,현대자동차,싼타페 하이브리드(SANTAFE HYBRID),2024,SUV
2024-03-11,현대자동차,싼타페 하이브리드(SANTAFE HYBRID),2024,SUV
2024-03-11,현대자동차,싼타페 하이브리드(SANTAFE HYBRID),2024,SUV
2024-03-11,현대자동차,싼타페 하이브리드(SANTAFE HYBRID),2024,SUV
2024-03-11,현대자동차,싼타페 하이브리드(SANTAFE HYBRID),2024,SUV
2024-03-11,현대자동차,싼타페 하이브리드(SANTAFE HYBRID),2024,SUV
2024-03-11,현대자동차,싼타페 하이브리드(SANTAFE HYBRID),2024,SUV
2024-03-11,현대자동차,싼타페 하이브리드(SANTAFE HYBRID),2024,SUV
2024-03-11,현대자동차,싼타페 하이브리드(SANTAFE HYBRID),2024,SUV
2024-03-11,현대자동차,싼타페 하이브리드(SANTAFE HYBRID),2024,SUV
2024-03-11,현대자동차,싼타페 하이브리드(SANTAFE HYBRID),2024,SUV
2024-03-11,현대자동차,싼타페 하이브리드(SANTAFE HYBRID),2024,SUV
2024-03-11,현대자동차,싼타페 하이브리드(SANTAFE HYBRID),2024,SUV
2024-03-11,현대자동차,싼타페 하이브리드(SANTAFE HYBRID),2024,SUV
2024-03-11,현대자동차,싼타페 하이브리드(SANTAFE HYBRID),2024,SUV
2024-03-11,KG 모빌리티,렉스턴스포츠,2024,SUV
2024-03-11,KG 모빌리티,렉스턴,2021,SUV
2024-03-11,KG 모빌리티,렉스턴,2021,SUV
2024-03-11,기아,니로 하이브리드,2017,SUV
2024-03-11,기아,니로 EV,2023,SUV
2024-03-12,기아,쏘렌토 하이브리드,2023,SUV
2024-03-12,기아,쏘렌토 하이브리드,2024,SUV
2024-03-12,기아,쏘렌토 하이브리드,2024,SUV
2024-03-12,현대자동차,싼타페 하이브리드(SANTAFE HYBRID),2024,SUV
2024-03-12,현대자동차,싼타페 하이브리드(SANTAFE HYBRID),2024,SUV
2024-03-12,현대자동차,싼타페 하이브리드(SANTAFE HYBRID),2024,SUV
2024-03-12,현대자동차,싼타페 하이브리드(SANTAFE HYBRID),2024,SUV
2024-03-12,현대자동차,싼타페 하이브리드(SANTAFE HYBRID),2024,SUV
2024-03-12,현대자동차,싼타페 하이브리드(SANTAFE HYBRID),2024,SUV
2024-03-12,메르세데스 벤츠,Mercedes-Benz EQB300 4MATIC,2024,SUV
2024-03-13,기아,카니발,2019,MPV/미니밴
2024-03-13,기아,쏘렌토 하이브리드,2024,SUV
2024-03-13,기아,쏘렌토 하이브리드,2024,SUV
2024-03-13,기아,쏘렌토 하이브리드,2024,SUV
2024-03-13,기아,쏘렌토 하이브리드,2024,SUV
2024-03-13,기아,쏘렌토 하이브리드,2024,SUV
2024-03-13,기아,쏘렌토,2024,SUV
2024-03-13,현대자동차,싼타페 하이브리드(SANTAFE HYBRID),2022,SUV
2024-03-13,현대자동차,싼타페 하이브리드(SANTAFE HYBRID),2024,SUV
2024-03-13,현대자동차,싼타페 하이브리드(SANTAFE HYBRID),2024,SUV
2024-03-13,기아,니로 하이브리드,2018,SUV
2024-03-13,현대자동차,GV80,2024,SUV
2024-03-13,현대자동차,GV70,2022,SUV
2024-03-14,기아,쏘렌토 하이브리드,2024,SUV
2024-03-14,기아,쏘렌토 하이브리드,2024,SUV
2024-03-14,현대자동차,싼타페 하이브리드(SANTAFE HYBRID),2024,SUV
2024-03-14,기아,스포티지,2016,SUV
2024-03-14,KG 모빌리티,렉스턴,2021,SUV
2024-03-14,기아,니로 하이브리드,2024,SUV
2024-03-14,기아,니로 하이브리드,2017,SUV
2024-03-15,KG 모빌리티,토레스,2023,SUV
2024-03-15,기아,쏘렌토 하이브리드,2024,SUV
2024-03-15,기아,쏘렌토 하이브리드,2024,SUV
2024-03-15,현대자동차,싼타페 하이브리드(SANTAFE HYBRID),2024,SUV
2024-03-15,르노코리아,XM3,2020,SUV
2024-03-18,현대자동차,투싼(TUCSON),2018,SUV
2024-03-18,KG 모빌리티,토레스 EVX,2024,SUV
2024-03-18,기아,카니발,2019,MPV/미니밴
2024-03-18,기아,카니발,2021,MPV/미니밴
2024-03-18,기아,카니발,2019,MPV/미니밴
2024-03-18,기아,쏘렌토 하이브리드,2024,SUV
2024-03-18,기아,쏘렌토 하이브리드,2024,SUV
2024-03-18,기아,쏘렌토 하이브리드,2023,SUV
2024-03-18,현대자동차,싼타페 하이브리드(SANTAFE HYBRID),2024,SUV
2024-03-18,현대자동차,싼타페 하이브리드(SANTAFE HYBRID),2024,SUV
2024-03-18,현대자동차,싼타페 하이브리드(SANTAFE HYBRID),2024,SUV
2024-03-18,현대자동차,스타리아 (STARIA),2024,MPV/미니밴
2024-03-18,기아,니로 하이브리드,2017,SUV
2024-03-18,기아,니로 EV,2019,SUV
2024-03-18,메르세데스 벤츠,GLC350 e 4Matic,2019,SUV
2024-03-19,현대자동차,투싼(TUCSON),2019,SUV
2024-03-19,현대자동차,코나 일렉트릭 (KONA ELECTRIC),2019,SUV
2024-03-19,기아,카니발,2021,MPV/미니밴
2024-03-19,기아,카니발,2024,MPV/미니밴
2024-03-19,현대자동차,싼타페 하이브리드(SANTAFE HYBRID),2024,SUV
2024-03-19,르노코리아,QM6,2024,SUV
2024-03-20,현대자동차,싼타페 하이브리드(SANTAFE HYBRID),2024,SUV
2024-03-20,현대자동차,싼타페 하이브리드(SANTAFE HYBRID),2024,SUV
2024-03-20,혼다코리아,ODYSSEY,2020,MPV/미니밴
2024-03-21,기아,카니발 하이브리드,2024,MPV/미니밴
2024-03-21,기아,쏘렌토,2019,SUV
2024-03-21,기아,쏘렌토,2019,SUV
2024-03-21,기아,쏘렌토,2016,SUV
2024-03-21,현대자동차,싼타페 하이브리드(SANTAFE HYBRID),2024,SUV
2024-03-22,현대자동차,싼타페 하이브리드(SANTAFE HYBRID),2024,SUV
2024-03-22,현대자동차,싼타페 하이브리드(SANTAFE HYBRID),2024,SUV
2024-03-22,현대자동차,싼타페 하이브리드(SANTAFE HYBRID),2024,SUV
2024-03-25,기아,카니발,2019,MPV/미니밴
2024-03-25,기아,쏘렌토 하이브리드,2024,SUV
2024-03-25,기아,쏘렌토,2024,SUV
2024-03-25,기아,쏘렌토,2018,SUV
2024-03-25,현대자동차,싼타페(SANTAFE),2019,SUV
2024-03-25,현대자동차,싼타페 하이브리드(SANTAFE HYBRID),2024,SUV
2024-03-25,현대자동차,스타렉스(STAREX),2006,MPV/미니밴
2024-03-25,기아,니로 EV,2019,SUV
2024-03-25,기아,니로 EV,2019,SUV
2024-03-26,현대자동차,코나 일렉트릭 (KONA ELECTRIC),2019,SUV
2024-03-26,기아,카니발,2024,MPV/미니밴
2024-03-26,기아,쏘렌토 하이브리드,2024,SUV
2024-03-26,기아,쏘렌토 하이브리드,2022,SUV
2024-03-26,현대자동차,싼타페(SANTAFE),2024,SUV
2024-03-26,현대자동차,그랜드 스타렉스(GRAND STAREX),2019,MPV/미니밴
2024-03-26,르노코리아,CAPTUR,2020,SUV
2024-03-27,현대자동차,투싼(TUCSON),2016,SUV
2024-03-27,기아,카니발,2021,MPV/미니밴
2024-03-27,기아,카니발,2024,MPV/미니밴
2024-03-27,현대자동차,싼타페(SANTAFE),2020,SUV
2024-03-27,현대자동차,싼타페(SANTAFE),2016,SUV
2024-03-27,기아,스포티지,2022,SUV
2024-03-27,르노코리아,QM6,2017,SUV
2024-03-27,메르세데스 벤츠,GLC350 e 4Matic,2019,SUV
2024-03-28,현대자동차,팰리세이드(PALISADE),2022,SUV
2024-03-28,KG 모빌리티,토레스,2023,SUV
2024-03-28,현대자동차,코나 일렉트릭 (KONA ELECTRIC),2019,SUV
2024-03-28,기아,쏘렌토,2016,SUV
2024-03-28,현대자동차,싼타페(SANTAFE),2013,SUV
2024-03-28,현대자동차,싼타페(SANTAFE),2019,SUV
2024-03-28,현대자동차,싼타페 하이브리드(SANTAFE HYBRID),2024,SUV
2024-03-28,현대자동차,싼타페 하이브리드(SANTAFE HYBRID),2024,SUV
2024-03-28,KG 모빌리티,렉스턴스포츠,2018,SUV
2024-03-28,기아,니로 하이브리드,2018,SUV
2024-03-28,KG 모빌리티,G4 렉스턴,2019,SUV
2024-03-29,현대자동차,팰리세이드(PALISADE),2020,SUV
2024-03-29,기아,쏘렌토 하이브리드,2023,SUV
2024-03-29,기아,쏘렌토 하이브리드,2024,SUV
2024-03-29,현대자동차,싼타페 하이브리드(SANTAFE HYBRID),2024,SUV
2024-04-01,현대자동차,코나 일렉트릭 (KONA ELECTRIC),2019,SUV
2024-04-01,재규어랜드로버,재규어 F-PACE 35t,2017,SUV
2024-04-01,기아,쏘렌토 하이브리드,2024,SUV
2024-04-01,기아,쏘렌토 하이브리드,2024,SUV
2024-04-01,현대자동차,싼타페 하이브리드(SANTAFE HYBRID),2024,SUV
2024-04-01,현대자동차,싼타페 하이브리드(SANTAFE HYBRID),2024,SUV
2024-04-02,현대자동차,투싼(TUCSON),2019,SUV
2024-04-02,기아,쏘렌토 하이브리드,2024,SUV
2024-04-02,기아,쏘렌토 하이브리드,2024,SUV
2024-04-02,현대자동차,싼타페 하이브리드(SANTAFE HYBRID),2024,SUV
2024-04-02,기아,스포티지,2019,SUV
2024-04-02,기아,니로 플러스,2023,SUV
2024-04-02,현대자동차,GV70,2022,SUV
2024-04-02,포드,Explorer 2.3 AWD,2016,SUV
2024-04-02,포드,Explorer 2.3 AWD,2016,SUV
2024-04-03,KG 모빌리티,토레스 EVX,2024,SUV
2024-04-03,기아,쏘렌토 하이브리드,2024,SUV
2024-04-03,기아,쏘렌토 하이브리드,2024,SUV
2024-04-03,기아,쏘렌토 하이브리드,2024,SUV
2024-04-03,현대자동차,싼타페 하이브리드(SANTAFE HYBRID),2024,SUV
2024-04-03,KG 모빌리티,렉스턴스포츠 칸,2019,SUV
2024-04-03,현대자동차,GV70,2024,SUV
2024-04-03,포드,Explorer 3.0,2022,SUV
2024-04-04,현대자동차,투싼(TUCSON),2018,SUV
2024-04-04,기아,카니발,2019,MPV/미니밴
2024-04-04,기아,쏘렌토,2024,SUV
2024-04-04,현대자동차,싼타페 하이브리드(SANTAFE HYBRID),2024,SUV
2024-04-04,메르세데스 벤츠,GLC350 e 4Matic,2018,SUV
2024-04-05,현대자동차,투싼(TUCSON),2019,SUV
2024-04-05,기아,쏘렌토 하이브리드,2024,SUV
2024-04-05,현대자동차,싼타페 하이브리드(SANTAFE HYBRID),2024,SUV
2024-04-05,현대자동차,싼타페 하이브리드(SANTAFE HYBRID),2024,SUV
2024-04-05,현대자동차,싼타페 하이브리드(SANTAFE HYBRID),2024,SUV
2024-04-05,현대자동차,싼타페 하이브리드(SANTAFE HYBRID),2024,SUV
2024-04-05,현대자동차,싼타페 하이브리드(SANTAFE HYBRID),2024,SUV
2024-04-05,기아,니로 하이브리드,2017,SUV
2024-04-05,현대자동차,그랜드 스타렉스(GRAND STAREX),2015,MPV/미니밴
2024-04-05,르노코리아,QM6,2018,SUV
2024-04-05,메르세데스 벤츠,Mercedes-Benz EQB300 4MATIC,2023,SUV
2024-04-08,현대자동차,투싼(TUCSON),2016,SUV
2024-04-08,KG 모빌리티,토레스 EVX,2024,SUV
2024-04-08,KG 모빌리티,토레스 EVX,2024,SUV
2024-04-08,현대자동차,코나 일렉트릭 (KONA ELECTRIC),2019,SUV
2024-04-08,기아,카니발,2023,MPV/미니밴
2024-04-08,기아,카니발,2016,MPV/미니밴
2024-04-08,기아,쏘렌토 하이브리드,2024,SUV
2024-04-08,기아,쏘렌토,2023,SUV
2024-04-08,현대자동차,싼타페 하이브리드(SANTAFE HYBRID),2024,SUV
2024-04-08,현대자동차,싼타페 하이브리드(SANTAFE HYBRID),2024,SUV
2024-04-08,현대자동차,싼타페 하이브리드(SANTAFE HYBRID),2024,SUV
2024-04-08,현대자동차,싼타페 하이브리드(SANTAFE HYBRID),2024,SUV
2024-04-08,기아,스포티지 하이브리드,2022,SUV
2024-04-09,현대자동차,팰리세이드(PALISADE),2019,SUV
2024-04-09,현대자동차,팰리세이드(PALISADE),2021,SUV
2024-04-09,현대자동차,투싼(TUCSON),2018,SUV
2024-04-09,기아,쏘렌토 하이브리드,2024,SUV
2024-04-09,현대자동차,싼타페 하이브리드(SANTAFE HYBRID),2024,SUV
2024-04-09,기아,스포티지,2016,SUV
2024-04-11,현대자동차,투싼(TUCSON),2016,SUV
2024-04-11,기아,쏘렌토 하이브리드,2024,SUV
2024-04-11,기아,쏘렌토 하이브리드,2024,SUV
2024-04-11,기아,쏘렌토 하이브리드,2024,SUV
2024-04-11,기아,쏘렌토 하이브리드,2024,SUV
2024-04-11,기아,쏘렌토 하이브리드,2024,SUV
2024-04-11,기아,쏘렌토,2016,SUV
2024-04-11,현대자동차,싼타페 하이브리드(SANTAFE HYBRID),2024,SUV
2024-04-11,현대자동차,싼타페 하이브리드(SANTAFE HYBRID),2024,SUV
2024-04-12,현대자동차,투싼(TUCSON),2016,SUV
2024-04-12,KG 모빌리티,토레스 EVX,2024,SUV
2024-04-12,기아,쏘렌토 하이브리드,2024,SUV
2024-04-12,현대자동차,스타리아 라운지 (STARIA LOUNGE),2023,MPV/미니밴
2024-04-12,기아,니로 하이브리드,2017,SUV
2024-04-12,르노코리아,XM3 하이브리드,2024,SUV
2024-04-15,현대자동차,코나 일렉트릭 (KONA ELECTRIC),2020,SUV
2024-04-15,기아,쏘렌토 하이브리드,2024,SUV
2024-04-15,기아,쏘렌토 하이브리드,2024,SUV
2024-04-15,기아,쏘렌토,2018,SUV
2024-04-15,현대자동차,싼타페(SANTAFE),2015,SUV
2024-04-15,현대자동차,싼타페 하이브리드(SANTAFE HYBRID),2024,SUV
2024-04-15,기아,스포티지,2018,SUV
2024-04-16,현대자동차,투싼(TUCSON),2016,SUV
2024-04-16,현대자동차,투싼(TUCSON),2016,SUV
2024-04-16,현대자동차,투싼(TUCSON),2017,SUV
2024-04-16,KG 모빌리티,토레스 EVX,2024,SUV
2024-04-16,기아,쏘렌토 하이브리드,2024,SUV
2024-04-16,기아,쏘렌토 하이브리드,2024,SUV
2024-04-16,현대자동차,싼타페 하이브리드(SANTAFE HYBRID),2024,SUV
2024-04-16,현대자동차,싼타페 하이브리드(SANTAFE HYBRID),2024,SUV
2024-04-17,현대자동차,팰리세이드(PALISADE),2021,SUV
2024-04-17,현대자동차,투싼(TUCSON),2016,SUV
2024-04-17,기아,카니발,2018,MPV/미니밴
2024-04-17,기아,쏘렌토 하이브리드,2021,SUV
2024-04-17,기아,쏘렌토 하이브리드,2023,SUV
2024-04-17,토요타,렉서스 RX500h,2023,SUV
2024-04-17,기아,니로 하이브리드,2020,SUV
2024-04-18,현대자동차,투싼(TUCSON),2016,SUV
2024-04-18,기아,카니발 하이브리드,2024,MPV/미니밴
2024-04-18,기아,카니발,2021,MPV/미니밴
2024-04-18,기아,쏘렌토 하이브리드,2024,SUV
2024-04-18,현대자동차,싼타페 하이브리드(SANTAFE HYBRID),2024,SUV
2024-04-18,기아,스포티지,2023,SUV
2024-04-18,현대자동차,스타리아 (STARIA),2022,MPV/미니밴
2024-04-19,현대자동차,코나 일렉트릭 (KONA ELECTRIC),2020,SUV
2024-04-19,기아,카니발,2019,MPV/미니밴
2024-04-19,현대자동차,싼타페(SANTAFE),2024,SUV
2024-04-22,현대자동차,투싼(TUCSON),2016,SUV
2024-04-22,현대자동차,투싼(TUCSON),2016,SUV
2024-04-22,기아,카니발,2018,MPV/미니밴
2024-04-22,기아,카니발,2019,MPV/미니밴
2024-04-22,기아,쏘렌토 하이브리드,2022,SUV
2024-04-22,기아,쏘렌토,2024,SUV
2024-04-22,현대자동차,싼타페(SANTAFE),2024,SUV
2024-04-22,기아,스포티지,2024,SUV
2024-04-22,기아,니로 EV,2023,SUV
2024-04-22,메르세데스 벤츠,GLC350 e 4Matic,2019,SUV
2024-04-22,르노코리아,CAPTUR,2020,SUV
2024-04-23,현대자동차,투싼(TUCSON),2021,SUV
2024-04-23,현대자동차,싼타페 하이브리드(SANTAFE HYBRID),2024,SUV
2024-04-23,현대자동차,싼타페 하이브리드(SANTAFE HYBRID),2024,SUV
2024-04-24,현대자동차,투싼(TUCSON),2016,SUV
2024-04-24,기아,쏘렌토 하이브리드,2024,SUV
2024-04-24,기아,쏘렌토 하이브리드,2024,SUV
2024-04-24,르노코리아,XM3 하이브리드,2023,SUV
2024-04-24,르노코리아,QM3,2015,SUV
2024-04-25,현대자동차,투싼(TUCSON),2019,SUV
2024-04-25,기아,카니발,2021,MPV/미니밴
2024-04-25,기아,쏘렌토 하이브리드,2024,SUV
2024-04-29,현대자동차,팰리세이드(PALISADE),2020,SUV
2024-04-29,현대자동차,투싼(TUCSON),2016,SUV
2024-04-29,KG 모빌리티,토레스 EVX,2024,SUV
2024-04-29,현대자동차,싼타페 하이브리드(SANTAFE HYBRID),2024,SUV
2024-04-29,현대자동차,싼타페 하이브리드(SANTAFE HYBRID),2024,SUV
2024-04-29,기아,니로 하이브리드,2018,SUV
2024-04-29,현대자동차,GV70,2023,SUV
2024-04-30,현대자동차,투싼(TUCSON),2016,SUV
2024-04-30,현대자동차,투싼(TUCSON),2019,SUV
2024-04-30,기아,카니발,2019,MPV/미니밴
2024-04-30,기아,쏘렌토,2018,SUV
2024-04-30,기아,쏘렌토,2020,SUV
2024-04-30,기아,니로 플러스,2023,SUV
2024-04-30,르노코리아,XM3 하이브리드,2024,SUV
2024-05-02,현대자동차,투싼(TUCSON),2016,SUV
2024-05-02,현대자동차,투싼(TUCSON),2016,SUV
2024-05-02,현대자동차,투싼(TUCSON),2016,SUV
2024-05-02,현대자동차,투싼 하이브리드(TUCSON HYBRID),2023,SUV
2024-05-02,현대자동차,코나 일렉트릭 (KONA ELECTRIC),2019,SUV
2024-05-02,기아,쏘렌토 하이브리드,2021,SUV
2024-05-02,기아,쏘렌토 하이브리드,2022,SUV
2024-05-02,기아,쏘렌토 하이브리드,2023,SUV
2024-05-02,기아,쏘렌토 하이브리드,2024,SUV
2024-05-02,기아,쏘렌토,2024,SUV
2024-05-02,기아,쏘렌토,2021,SUV
2024-05-02,기아,쏘렌토,2015,SUV
2024-05-02,기아,니로 EV,2020,SUV
2024-05-03,현대자동차,투싼(TUCSON),2016,SUV
2024-05-03,현대자동차,투싼(TUCSON),2016,SUV
2024-05-03,현대자동차,코나 하이브리드(KONA HYBRID),2020,SUV
2024-05-03,기아,카니발 하이브리드,2024,MPV/미니밴
2024-05-03,기아,쏘렌토 하이브리드,2024,SUV
2024-05-03,현대자동차,싼타페(SANTAFE),2024,SUV
2024-05-03,현대자동차,싼타페 하이브리드(SANTAFE HYBRID),2024,SUV
2024-05-03,기아,스포티지,2020,SUV
2024-05-03,혼다코리아,ODYSSEY,2019,MPV/미니밴
2024-05-03,메르세데스 벤츠,Mercedes-Benz EQA250,2024,SUV
2024-05-07,현대자동차,투싼(TUCSON),2016,SUV
2024-05-07,기아,카니발,2024,MPV/미니밴
2024-05-07,기아,쏘렌토 하이브리드,2024,SUV
2024-05-07,현대자동차,싼타페 하이브리드(SANTAFE HYBRID),2024,SUV
2024-05-07,현대자동차,싼타페 하이브리드(SANTAFE HYBRID),2024,SUV
2024-05-07,현대자동차,싼타페 하이브리드(SANTAFE HYBRID),2024,SUV
2024-05-07,혼다코리아,ODYSSEY,2019,MPV/미니밴
2024-05-08,기아,쏘렌토 하이브리드,2021,SUV
2024-05-08,기아,쏘렌토 하이브리드,2024,SUV
2024-05-08,기아,쏘렌토 하이브리드,2024,SUV
2024-05-08,기아,쏘렌토,2019,SUV
2024-05-08,현대자동차,싼타페 하이브리드(SANTAFE HYBRID),2024,SUV
2024-05-08,현대자동차,싼타페 하이브리드(SANTAFE HYBRID),2024,SUV
2024-05-08,현대자동차,싼타페 하이브리드(SANTAFE HYBRID),2024,SUV
2024-05-08,기아,스포티지,2024,SUV
2024-05-08,현대자동차,스타리아 (STARIA),2023,MPV/미니밴
2024-05-08,르노코리아,QM3,2014,SUV
2024-05-08,르노코리아,QM3,2014,SUV
2024-05-08,현대자동차,GV80,2024,SUV
2024-05-09,현대자동차,투싼(TUCSON),2016,SUV
2024-05-09,현대자동차,코나 일렉트릭 (KONA ELECTRIC),2019,SUV
2024-05-09,기아,카니발,2019,MPV/미니밴
2024-05-09,기아,카니발,2021,MPV/미니밴
2024-05-09,기아,쏘렌토 하이브리드,2024,SUV
2024-05-09,기아,모하비,2018,SUV
2024-05-09,기아,니로 하이브리드,2020,SUV
2024-05-09,르노코리아,QM6,2021,SUV
2024-05-09,르노코리아,QM6,2017,SUV
2024-05-10,현대자동차,투싼 하이브리드(TUCSON HYBRID),2023,SUV
2024-05-10,현대자동차,코나 일렉트릭 (KONA ELECTRIC),2019,SUV
2024-05-10,기아,카니발,2019,MPV/미니밴
2024-05-10,KG 모빌리티,렉스턴스포츠 칸 쿨멘,2024,SUV
2024-05-10,르노코리아,QM6,2019,SUV
2024-05-10,포드,Explorer 2.3 AWD,2017,SUV
2024-05-13,현대자동차,투싼(TUCSON),2017,SUV
2024-05-13,기아,카니발 하이브리드,2024,MPV/미니밴
2024-05-13,기아,카니발,2020,MPV/미니밴
2024-05-13,KG 모빌리티,렉스턴스포츠 칸,2020,SUV
2024-05-13,포드,Explorer 2.3,2020,SUV
2024-05-13,르노코리아,ARKANA,2025,SUV
2024-05-14,현대자동차,팰리세이드(PALISADE),2020,SUV
2024-05-14,현대자동차,팰리세이드(PALISADE),2021,SUV
2024-05-14,KG 모빌리티,토레스 EVX,2024,SUV
2024-05-14,KG 모빌리티,토레스 EVX,2024,SUV
2024-05-14,기아,카니발,2024,MPV/미니밴
2024-05-14,기아,쏘렌토 하이브리드,2024,SUV
2024-05-14,현대자동차,싼타페 하이브리드(SANTAFE HYBRID),2024,SUV
2024-05-14,기아,니로 하이브리드,2017,SUV
2024-05-14,기아,니로 EV,2020,SUV
2024-05-16,KG 모빌리티,토레스 EVX,2024,SUV
2024-05-16,KG 모빌리티,토레스 EVX,2024,SUV
2024-05-16,KG 모빌리티,토레스 EVX,2024,SUV
2024-05-16,KG 모빌리티,토레스 EVX,2024,SUV
2024-05-16,KG 모빌리티,토레스 EVX,2024,SUV
2024-05-16,KG 모빌리티,토레스 EVX,2024,SUV
2024-05-16,KG 모빌리티,토레스 EVX,2024,SUV
2024-05-16,KG 모빌리티,토레스 EVX,2024,SUV
2024-05-16,KG 모빌리티,토레스 EVX,2024,SUV
2024-05-16,KG 모빌리티,토레스 EVX,2024,SUV
2024-05-16,KG 모빌리티,토레스 EVX,2024,SUV
2024-05-16,KG 모빌리티,토레스 EVX,2024,SUV
2024-05-16,KG 모빌리티,토레스 EVX,2024,SUV
2024-05-16,KG 모빌리티,토레스 EVX,2024,SUV
2024-05-16,KG 모빌리티,토레스 EVX,2024,SUV
2024-05-16,기아,쏘렌토 하이브리드,2024,SUV
2024-05-16,현대자동차,싼타페 하이브리드(SANTAFE HYBRID),2024,SUV
2024-05-16,KG 모빌리티,렉스턴스포츠,2022,SUV
2024-05-17,현대자동차,투싼(TUCSON),2016,SUV
2024-05-17,현대자동차,투싼(TUCSON),2016,SUV
2024-05-17,KG 모빌리티,토레스 EVX,2024,SUV
2024-05-17,KG 모빌리티,토레스 EVX,2024,SUV
2024-05-17,KG 모빌리티,토레스 EVX,2024,SUV
2024-05-17,KG 모빌리티,토레스 EVX,2024,SUV
2024-05-17,KG 모빌리티,토레스 EVX,2024,SUV
2024-05-17,KG 모빌리티,토레스 EVX,2024,SUV
2024-05-17,KG 모빌리티,토레스 EVX,2024,SUV
2024-05-17,KG 모빌리티,토레스 EVX,2024,SUV
2024-05-17,KG 모빌리티,토레스 EVX,2024,SUV
2024-05-17,KG 모빌리티,토레스 EVX,2024,SUV
2024-05-17,KG 모빌리티,토레스 EVX,2024,SUV
2024-05-17,KG 모빌리티,토레스 EVX,2024,SUV
2024-05-17,KG 모빌리티,토레스 EVX,2024,SUV
2024-05-17,KG 모빌리티,토레스 EVX,2024,SUV
2024-05-17,KG 모빌리티,토레스 EVX,2024,SUV
2024-05-17,기아,카니발,2022,MPV/미니밴
2024-05-17,기아,카니발,2021,MPV/미니밴
2024-05-17,기아,카니발,2019,MPV/미니밴
2024-05-17,기아,쏘렌토 하이브리드,2024,SUV
2024-05-17,기아,쏘렌토,2022,SUV
2024-05-17,기아,니로 하이브리드,2017,SUV
2024-05-17,기아,니로 하이브리드,2022,SUV
2024-05-17,기아,니로 EV,2022,SUV
2024-05-17,BMW,BMW X5 xDrive45e iPerformance,2022,SUV
2024-05-20,현대자동차,팰리세이드(PALISADE),2019,SUV
2024-05-20,KG 모빌리티,토레스 EVX,2024,SUV
2024-05-20,기아,쏘렌토 하이브리드,2024,SUV
2024-05-20,기아,쏘렌토,2021,SUV
2024-05-20,르노코리아,XM3,2020,SUV
2024-05-20,메르세데스 벤츠,Mercedes-Benz GLE450 4MATIC,2023,SUV
2024-05-20,메르세데스 벤츠,ML350 BlueTEC 4Matic,2013,SUV
2024-05-21,현대자동차,코나 일렉트릭 (KONA ELECTRIC),2020,SUV
2024-05-21,기아,쏘렌토,2020,SUV
2024-05-21,현대자동차,싼타페(SANTAFE),2013,SUV
2024-05-21,기아,니로 하이브리드,2017,SUV
2024-05-21,기아,니로 하이브리드,2021,SUV
2024-05-21,기아,니로 하이브리드,2017,SUV
2024-05-21,기아,니로 하이브리드,2017,SUV
2024-05-21,기아,니로 하이브리드,2017,SUV
2024-05-21,현대자동차,GV80,2020,SUV
2024-05-21,포드,Explorer 2.3 AWD,2018,SUV
2024-05-22,현대자동차,팰리세이드(PALISADE),2021,SUV
2024-05-22,기아,카니발,2019,MPV/미니밴
2024-05-22,기아,쏘렌토 하이브리드,2024,SUV
2024-05-22,기아,쏘렌토 하이브리드,2024,SUV
2024-05-22,기아,쏘렌토 하이브리드,2021,SUV
2024-05-22,기아,쏘렌토,2018,SUV
2024-05-22,현대자동차,싼타페(SANTAFE),2024,SUV
2024-05-22,현대자동차,싼타페 하이브리드(SANTAFE HYBRID),2024,SUV
2024-05-22,기아,스포티지,2016,SUV
2024-05-22,기아,니로 하이브리드,2017,SUV
2024-05-22,기아,니로 하이브리드,2017,SUV
2024-05-22,기아,니로 하이브리드,2017,SUV
2024-05-22,기아,니로 하이브리드,2017,SUV
2024-05-22,르노코리아,QM6,2020,SUV
2024-05-23,현대자동차,팰리세이드(PALISADE),2021,SUV
2024-05-23,기아,쏘렌토 하이브리드,2024,SUV
2024-05-23,현대자동차,싼타페(SANTAFE),2024,SUV
2024-05-23,현대자동차,싼타페(SANTAFE),2024,SUV
2024-05-23,현대자동차,싼타페 하이브리드(SANTAFE HYBRID),2024,SUV
2024-05-23,현대자동차,싼타페 하이브리드(SANTAFE HYBRID),2024,SUV
2024-05-23,현대자동차,싼타페 하이브리드(SANTAFE HYBRID),2024,SUV
2024-05-23,기아,스포티지 하이브리드,2022,SUV
2024-05-23,현대자동차,GV70,2022,SUV
2024-05-23,메르세데스 벤츠,GLC350 e 4Matic,2019,SUV
2024-05-23,포드,Explorer 2.3L,2022,SUV
2024-05-23,르노코리아,CAPTUR,2020,SUV
2024-05-23,르노코리아,ARKANA,2025,SUV
2024-05-24,현대자동차,투싼(TUCSON),2016,SUV
2024-05-24,현대자동차,코나 일렉트릭 (KONA ELECTRIC),2019,SUV
2024-05-24,기아,쏘렌토,2021,SUV
2024-05-24,현대자동차,싼타페 하이브리드(SANTAFE HYBRID),2024,SUV
2024-05-24,기아,니로 하이브리드,2017,SUV
2024-05-24,혼다코리아,ODYSSEY,2019,MPV/미니밴
2024-05-27,현대자동차,투싼(TUCSON),2016,SUV
2024-05-27,현대자동차,투싼(TUCSON),2017,SUV
2024-05-27,기아,카니발,2017,MPV/미니밴
2024-05-27,기아,쏘렌토 하이브리드,2024,SUV
2024-05-27,기아,쏘렌토,2019,SUV
2024-05-27,기아,쏘렌토,2019,SUV
2024-05-27,기아,쏘렌토,2017,SUV
2024-05-27,현대자동차,싼타페(SANTAFE),2024,SUV
2024-05-27,현대자동차,싼타페 하이브리드(SANTAFE HYBRID),2024,SUV
2024-05-27,현대자동차,싼타페 하이브리드(SANTAFE HYBRID),2024,SUV
2024-05-27,볼보,볼보 XC90T8 AWD,2017,SUV
2024-05-27,혼다코리아,ODYSSEY,2021,MPV/미니밴
2024-05-27,BMW,BMW X5 xDrive30d,2021,SUV
2024-05-28,현대자동차,팰리세이드(PALISADE),2021,SUV
2024-05-28,현대자동차,투싼(TUCSON),2016,SUV
2024-05-28,기아,쏘렌토 하이브리드,2021,SUV
2024-05-28,기아,쏘렌토 하이브리드,2022,SUV
2024-05-28,기아,니로 하이브리드,2018,SUV
2024-05-28,기아,니로 EV,2020,SUV
2024-05-28,르노코리아,XM3,2020,SUV
2024-05-29,현대자동차,투싼(TUCSON),2016,SUV
2024-05-29,현대자동차,투싼(TUCSON),2016,SUV
2024-05-29,기아,카니발,2021,MPV/미니밴
2024-05-29,기아,쏘렌토 하이브리드,2024,SUV
2024-05-29,기아,쏘렌토,2021,SUV
2024-05-29,현대자동차,싼타페(SANTAFE),2005,SUV
2024-05-29,기아,니로 하이브리드,2018,SUV
2024-05-29,기아,니로 하이브리드,2017,SUV
2024-05-29,기아,니로 하이브리드,2018,SUV
2024-05-29,기아,니로 EV,2019,SUV
2024-05-29,KG 모빌리티,G4 렉스턴,2019,SUV
2024-05-30,토요타,토요타 RAV4 Hybrid AWD,2019,SUV
2024-05-31,현대자동차,투싼(TUCSON),2016,SUV
2024-05-31,현대자동차,투싼(TUCSON),2019,SUV
2024-05-31,현대자동차,투싼(TUCSON),2016,SUV
2024-05-31,KG 모빌리티,토레스 EVX,2024,SUV
2024-05-31,현대자동차,코나 일렉트릭(KONA Electric),2023,SUV
2024-05-31,기아,쏘렌토 하이브리드,2021,SUV
2024-05-31,KG 모빌리티,렉스턴스포츠 칸,2021,SUV
2024-05-31,현대자동차,GV80,2022,SUV
2024-06-03,현대자동차,팰리세이드(PALISADE),2021,SUV
2024-06-03,현대자동차,투싼(TUCSON),2016,SUV
2024-06-03,현대자동차,투싼(TUCSON),2016,SUV
2024-06-03,기아,카니발,2021,MPV/미니밴
2024-06-03,기아,카니발,2019,MPV/미니밴
2024-06-03,기아,쏘렌토,2021,SUV
2024-06-03,기아,쏘렌토,2024,SUV
2024-06-03,현대자동차,싼타페 하이브리드(SANTAFE HYBRID),2024,SUV
2024-06-03,KG 모빌리티,렉스턴스포츠,2022,SUV
2024-06-03,기아,니로 하이브리드,2017,SUV
2024-06-03,메르세데스 벤츠,Mercedes-Benz EQB300 4MATIC,2023,SUV
2024-06-04,기아,카니발,2021,MPV/미니밴
2024-06-04,기아,쏘렌토 하이브리드,2021,SUV
2024-06-04,혼다코리아,ODYSSEY,2019,MPV/미니밴
2024-06-04,메르세데스 벤츠,Mercedes-Benz EQB300 4MATIC,2023,SUV
2024-06-05,현대자동차,팰리세이드(PALISADE),2020,SUV
2024-06-05,현대자동차,투싼(TUCSON),2016,SUV
2024-06-05,현대자동차,투싼(TUCSON),2016,SUV
2024-06-05,현대자동차,투싼 하이브리드(TUCSON HYBRID),2023,SUV
2024-06-05,KG 모빌리티,토레스,2024,SUV
2024-06-05,기아,쏘렌토 하이브리드,2024,SUV
2024-06-05,르노코리아,XM3,2020,SUV
2024-06-05,르노코리아,QM3,2015,SUV
2024-06-05,현대자동차,GV80,2024,SUV
2024-06-07,현대자동차,투싼(TUCSON),2016,SUV
2024-06-07,기아,카니발,2019,MPV/미니밴
2024-06-07,기아,쏘렌토,2019,SUV
2024-06-07,기아,쏘렌토,2015,SUV
2024-06-07,현대자동차,싼타페 하이브리드(SANTAFE HYBRID),2024,SUV
2024-06-07,현대자동차,싼타페 하이브리드(SANTAFE HYBRID),2024,SUV
2024-06-07,현대자동차,싼타페 하이브리드(SANTAFE HYBRID),2024,SUV
2024-06-07,현대자동차,스타리아 (STARIA),2024,MPV/미니밴
2024-06-10,현대자동차,팰리세이드(PALISADE),2021,SUV
2024-06-10,현대자동차,투싼(TUCSON),2016,SUV
2024-06-10,현대자동차,투싼(TUCSON),2016,SUV
2024-06-10,현대자동차,투싼 하이브리드(TUCSON HYBRID),2024,SUV
2024-06-10,기아,카니발,2023,MPV/미니밴
2024-06-10,기아,카니발,2019,MPV/미니밴
2024-06-10,기아,카니발,2021,MPV/미니밴
2024-06-10,기아,쏘렌토 하이브리드,2022,SUV
2024-06-10,기아,쏘렌토 하이브리드,2024,SUV
2024-06-10,현대자동차,싼타페 하이브리드(SANTAFE HYBRID),2024,SUV
2024-06-10,현대자동차,싼타페 하이브리드(SANTAFE HYBRID),2024,SUV
2024-06-10,현대자동차,싼타페 하이브리드(SANTAFE HYBRID),2024,SUV
2024-06-10,현대자동차,GV80,2024,SUV
2024-06-11,현대자동차,팰리세이드(PALISADE),2023,SUV
2024-06-11,기아,쏘렌토 하이브리드,2024,SUV
2024-06-11,현대자동차,싼타페(SANTAFE),2024,SUV
2024-06-11,기아,니로 하이브리드,2017,SUV
2024-06-11,포드,Explorer 3.0,2022,SUV
2024-06-12,현대자동차,투싼(TUCSON),2016,SUV
2024-06-12,현대자동차,코나(KONA),2019,SUV
2024-06-12,기아,니로 하이브리드,2020,SUV
2024-06-12,혼다코리아,ODYSSEY,2020,MPV/미니밴
2024-06-13,현대자동차,팰리세이드(PALISADE),2021,SUV
2024-06-13,기아,카니발,2018,MPV/미니밴
2024-06-13,현대자동차,싼타페 하이브리드(SANTAFE HYBRID),2024,SUV
2024-06-13,기아,니로 하이브리드,2020,SUV
2024-06-13,르노코리아,QM6,2017,SUV
2024-06-14,현대자동차,팰리세이드(PALISADE),2022,SUV
2024-06-14,현대자동차,투싼(TUCSON),2016,SUV
2024-06-14,기아,카니발,2019,MPV/미니밴
2024-06-14,기아,쏘렌토 하이브리드,2023,SUV
2024-06-14,기아,쏘렌토,2024,SUV
2024-06-14,현대자동차,싼타페 하이브리드(SANTAFE HYBRID),2024,SUV
2024-06-17,현대자동차,팰리세이드(PALISADE),2022,SUV
2024-06-17,현대자동차,코나 일렉트릭 (KONA ELECTRIC),2019,SUV
2024-06-17,현대자동차,코나 일렉트릭 (KONA ELECTRIC),2019,SUV
2024-06-17,기아,카렌스,2014,MPV/미니밴
2024-06-17,기아,카니발 하이브리드,2024,MPV/미니밴
2024-06-17,기아,카니발,2016,MPV/미니밴
2024-06-17,기아,카니발,2019,MPV/미니밴
2024-06-17,기아,쏘렌토 하이브리드,2024,SUV
2024-06-17,기아,모하비,2020,SUV
2024-06-17,기아,니로 하이브리드,2017,SUV
2024-06-17,기아,니로 하이브리드,2020,SUV
2024-06-17,기아,니로 EV,2019,SUV
2024-06-17,르노코리아,QM6,2017,SUV
2024-06-17,르노코리아,QM6,2022,SUV
2024-06-17,혼다코리아,ODYSSEY,2019,MPV/미니밴
2024-06-18,현대자동차,팰리세이드(PALISADE),2021,SUV
2024-06-18,현대자동차,팰리세이드(PALISADE),2023,SUV
2024-06-18,현대자동차,팰리세이드(PALISADE),2021,SUV
2024-06-18,현대자동차,팰리세이드(PALISADE),2023,SUV
2024-06-18,현대자동차,코나 일렉트릭 (KONA ELECTRIC),2019,SUV
2024-06-18,기아,쏘렌토,2017,SUV
2024-06-18,현대자동차,싼타페(SANTAFE),2013,SUV
2024-06-18,KG 모빌리티,렉스턴스포츠,2020,SUV
2024-06-18,르노코리아,QM3,2015,SUV
2024-06-18,메르세데스 벤츠,GLC350 e 4Matic,2019,SUV
2024-06-18,BMW,BMW X7 xDrive40i,2023,SUV
2024-06-19,현대자동차,팰리세이드(PALISADE),2023,SUV
2024-06-19,현대자동차,팰리세이드(PALISADE),2022,SUV
2024-06-19,현대자동차,투싼(TUCSON),2016,SUV
2024-06-19,기아,카니발,2024,MPV/미니밴
2024-06-19,기아,쏘렌토 하이브리드,2022,SUV
2024-06-19,기아,쏘렌토,2021,SUV
2024-06-19,르노코리아,QM3,2015,SUV
2024-06-19,메르세데스 벤츠,ML350 BlueTEC 4Matic,2013,SUV
2024-06-20,현대자동차,팰리세이드(PALISADE),2023,SUV
2024-06-20,기아,쏘렌토 하이브리드,2024,SUV
2024-06-20,기아,쏘렌토,2019,SUV
2024-06-20,메르세데스 벤츠,Mercedes-Benz EQB300 4MATIC,2024,SUV
2024-06-21,기아,카니발,2019,MPV/미니밴
2024-06-21,기아,스포티지,2016,SUV
2024-06-21,기아,니로 EV,2022,SUV
2024-06-21,르노코리아,XM3 하이브리드,2023,SUV
2024-06-24,현대자동차,투싼(TUCSON),2018,SUV
2024-06-24,기아,카니발,2019,MPV/미니밴
2024-06-24,기아,쏘렌토 하이브리드,2024,SUV
2024-06-24,현대자동차,싼타페 하이브리드(SANTAFE HYBRID),2024,SUV
2024-06-24,기아,모하비,2017,SUV
2024-06-24,기아,니로 하이브리드,2020,SUV
2024-06-24,기아,니로 플러스,2024,SUV
2024-06-25,재규어랜드로버,재규어 F-PACE 20d AWD,2019,SUV
2024-06-25,기아,쏘렌토,2023,SUV
2024-06-25,기아,쏘렌토,2020,SUV
2024-06-25,기아,쏘렌토,2019,SUV
2024-06-25,기아,쏘렌토,2021,SUV
2024-06-25,KG 모빌리티,렉스턴스포츠 칸,2020,SUV
2024-06-25,기아,니로 하이브리드,2020,SUV
2024-06-25,기아,니로 하이브리드,2017,SUV
2024-06-25,르노코리아,QM6,2017,SUV
2024-06-25,르노코리아,QM3,2014,SUV
2024-06-25,르노코리아,QM3,2014,SUV
2024-06-26,기아,쏘렌토,2019,SUV
2024-06-27,기아,카렌스,2008,MPV/미니밴
2024-06-27,기아,카니발,2018,MPV/미니밴
2024-06-27,기아,쏘렌토 하이브리드,2021,SUV
2024-06-27,기아,니로 EV,2022,SUV
2024-06-28,현대자동차,팰리세이드(PALISADE),2024,SUV
2024-06-28,현대자동차,투싼(TUCSON),2016,SUV
2024-06-28,현대자동차,싼타페(SANTAFE),2020,SUV
2024-06-28,현대자동차,싼타페 하이브리드(SANTAFE HYBRID),2024,SUV
2024-06-28,현대자동차,스타리아 (STARIA),2025,MPV/미니밴
2024-07-01,기아,니로 하이브리드,2024,SUV
2024-07-01,르노코리아,QM3,2015,SUV
2024-07-01,기아,쏘렌토 하이브리드,2023,SUV
2024-07-01,현대자동차,팰리세이드(PALISADE),2020,SUV
2024-07-01,현대자동차,싼타페 하이브리드(SANTAFE HYBRID),2024,SUV
2024-07-01,현대자동차,싼타페 하이브리드(SANTAFE HYBRID),2024,SUV
2024-07-01,현대자동차,GV80,2023,SUV
2024-07-02,현대자동차,싼타페 하이브리드(SANTAFE HYBRID),2024,SUV
2024-07-02,현대자동차,싼타페 하이브리드(SANTAFE HYBRID),2024,SUV
2024-07-02,현대자동차,싼타페 하이브리드(SANTAFE HYBRID),2024,SUV
2024-07-02,기아,카니발,2016,MPV/미니밴
2024-07-02,현대자동차,투싼(TUCSON),2016,SUV
2024-07-02,현대자동차,싼타페 하이브리드(SANTAFE HYBRID),2024,SUV
2024-07-03,현대자동차,싼타페(SANTAFE),2021,SUV
2024-07-03,기아,스포티지,2024,SUV
2024-07-03,르노코리아,QM3,2014,SUV
2024-07-03,현대자동차,투싼(TUCSON),2016,SUV
2024-07-03,기아,카렌스,2012,MPV/미니밴
2024-07-04,현대자동차,싼타페 하이브리드(SANTAFE HYBRID),2024,SUV
2024-07-04,기아,카니발,2017,MPV/미니밴
2024-07-04,현대자동차,투싼(TUCSON),2017,SUV
2024-07-04,기아,니로 하이브리드,2018,SUV
2024-07-04,현대자동차,GV80 쿠페(GV80 Coupe),2024,SUV
2024-07-04,BMW,BMW X7 xDrive40d,2024,SUV
2024-07-04,현대자동차,싼타페 하이브리드(SANTAFE HYBRID),2024,SUV
2024-07-04,현대자동차,GV80,2024,SUV
2024-07-04,기아,쏘렌토,2021,SUV
2024-07-04,현대자동차,싼타페 하이브리드(SANTAFE HYBRID),2024,SUV
2024-07-05,기아,니로 하이브리드,2018,SUV
2024-07-05,기아,스포티지,2018,SUV
2024-07-05,KG 모빌리티,G4 렉스턴,2018,SUV
2024-07-05,기아,쏘렌토,2019,SUV
2024-07-05,기아,스포티지,2011,SUV
2024-07-05,기아,니로 하이브리드,2017,SUV
2024-07-05,혼다코리아,ODYSSEY,2019,MPV/미니밴
2024-07-08,현대자동차,투싼 하이브리드(TUCSON HYBRID),2024,SUV
2024-07-08,현대자동차,싼타페 하이브리드(SANTAFE HYBRID),2024,SUV
2024-07-08,현대자동차,팰리세이드(PALISADE),2021,SUV
2024-07-08,메르세데스 벤츠,GLC350 e 4Matic,2019,SUV
2024-07-08,현대자동차,투싼(TUCSON),2016,SUV
2024-07-08,현대자동차,싼타페 하이브리드(SANTAFE HYBRID),2024,SUV
2024-07-08,현대자동차,팰리세이드(PALISADE),2021,SUV
2024-07-09,기아,스포티지,2007,SUV
2024-07-09,기아,카니발 하이브리드,2024,MPV/미니밴
2024-07-09,현대자동차,GV80,2024,SUV
2024-07-09,기아,쏘렌토 하이브리드,2021,SUV
2024-07-09,현대자동차,싼타페 하이브리드(SANTAFE HYBRID),2024,SUV
2024-07-09,현대자동차,싼타페 하이브리드(SANTAFE HYBRID),2024,SUV
2024-07-09,현대자동차,싼타페 하이브리드(SANTAFE HYBRID),2024,SUV
2024-07-09,현대자동차,싼타페(SANTAFE),2024,SUV
2024-07-10,현대자동차,코나(KONA),2024,SUV
2024-07-10,기아,쏘렌토 하이브리드,2024,SUV
2024-07-10,현대자동차,싼타페 하이브리드(SANTAFE HYBRID),2024,SUV
2024-07-10,KG 모빌리티,토레스 EVX,2024,SUV
2024-07-10,기아,니로 하이브리드,2017,SUV
2024-07-11,르노코리아,XM3,2020,SUV
2024-07-11,현대자동차,팰리세이드(PALISADE),2021,SUV
2024-07-11,기아,모하비,2021,SUV
2024-07-11,기아,쏘렌토 하이브리드,2022,SUV
2024-07-11,현대자동차,투싼(TUCSON),2016,SUV
2024-07-11,현대자동차,팰리세이드(PALISADE),2021,SUV
2024-07-11,현대자동차,싼타페 하이브리드(SANTAFE HYBRID),2024,SUV
2024-07-11,현대자동차,싼타페 하이브리드(SANTAFE HYBRID),2024,SUV
2024-07-11,현대자동차,싼타페 하이브리드(SANTAFE HYBRID),2024,SUV
2024-07-12,현대자동차,투싼 하이브리드(TUCSON HYBRID),2021,SUV
2024-07-12,현대자동차,투싼(TUCSON),2016,SUV
2024-07-12,KG 모빌리티,G4 렉스턴,2018,SUV
2024-07-12,기아,쏘렌토 하이브리드,2024,SUV
2024-07-12,기아,쏘렌토 하이브리드,2024,SUV
2024-07-12,현대자동차,GV70,2024,SUV
2024-07-12,기아,쏘렌토 하이브리드,2021,SUV
2024-07-15,현대자동차,팰리세이드(PALISADE),2020,SUV
2024-07-15,현대자동차,팰리세이드(PALISADE),2020,SUV
2024-07-15,현대자동차,GV80,2024,SUV
2024-07-15,현대자동차,팰리세이드(PALISADE),2021,SUV
2024-07-15,현대자동차,싼타페 하이브리드(SANTAFE HYBRID),2024,SUV
2024-07-16,현대자동차,싼타페 하이브리드(SANTAFE HYBRID),2024,SUV
2024-07-16,기아,니로 하이브리드,2023,SUV
2024-07-16,현대자동차,싼타페 하이브리드(SANTAFE HYBRID),2024,SUV
2024-07-16,르노코리아,QM6,2018,SUV
2024-07-16,현대자동차,GV70,2025,SUV
2024-07-16,르노코리아,QM3,2015,SUV
2024-07-17,기아,쏘렌토 하이브리드,2024,SUV
2024-07-17,기아,쏘렌토 하이브리드,2024,SUV
2024-07-17,현대자동차,싼타페(SANTAFE),2020,SUV
2024-07-17,현대자동차,싼타페(SANTAFE),2020,SUV
2024-07-17,KG 모빌리티,토레스 EVX,2024,SUV
2024-07-17,현대자동차,싼타페 하이브리드(SANTAFE HYBRID),2023,SUV
2024-07-17,KG 모빌리티,렉스턴스포츠 칸 쿨멘,2024,SUV
2024-07-18,현대자동차,싼타페 하이브리드(SANTAFE HYBRID),2024,SUV
2024-07-18,현대자동차,팰리세이드(PALISADE),2022,SUV
2024-07-18,기아,쏘렌토 하이브리드,2024,SUV
2024-07-18,KG 모빌리티,렉스턴스포츠 칸,2022,SUV
2024-07-18,현대자동차,싼타페(SANTAFE),2015,SUV
2024-07-18,현대자동차,팰리세이드(PALISADE),2021,SUV
2024-07-19,KG 모빌리티,토레스 EVX,2024,SUV
2024-07-19,메르세데스 벤츠,Mercedes-Benz GLA 250 4MATIC,2024,SUV
2024-07-19,기아,스포티지,2022,SUV
2024-07-19,현대자동차,싼타페 하이브리드(SANTAFE HYBRID),2024,SUV
2024-07-19,기아,니로 하이브리드,2018,SUV
2024-07-19,기아,쏘렌토 하이브리드,2021,SUV
2024-07-19,현대자동차,팰리세이드(PALISADE),2021,SUV
2024-07-19,KG 모빌리티,G4 렉스턴,2018,SUV
2024-07-19,현대자동차,투싼(TUCSON),2016,SUV
2024-07-19,기아,스포티지,2013,SUV
2024-07-19,기아,쏘렌토 하이브리드,2024,SUV
2024-07-22,현대자동차,싼타페(SANTAFE),2013,SUV
2024-07-22,기아,쏘렌토 하이브리드,2022,SUV
2024-07-22,기아,카니발,2019,MPV/미니밴
2024-07-22,현대자동차,팰리세이드(PALISADE),2021,SUV
2024-07-22,현대자동차,팰리세이드(PALISADE),2022,SUV
2024-07-22,기아,쏘렌토,2018,SUV
2024-07-22,기아,쏘렌토,2018,SUV
2024-07-22,현대자동차,팰리세이드(PALISADE),2021,SUV
2024-07-22,기아,쏘렌토,2024,SUV
2024-07-22,현대자동차,팰리세이드(PALISADE),2021,SUV
2024-07-22,현대자동차,팰리세이드(PALISADE),2020,SUV
2024-07-22,현대자동차,코나 일렉트릭 (KONA ELECTRIC),2020,SUV
2024-07-22,기아,니로 하이브리드,2018,SUV
2024-07-22,기아,쏘렌토 하이브리드,2022,SUV
2024-07-22,KG 모빌리티,토레스 EVX,2024,SUV
2024-07-22,현대자동차,팰리세이드(PALISADE),2021,SUV
2024-07-22,KG 모빌리티,토레스 EVX,2024,SUV
2024-07-22,KG 모빌리티,토레스 EVX,2024,SUV
2024-07-22,현대자동차,싼타페 하이브리드(SANTAFE HYBRID),2024,SUV
2024-07-23,기아,쏘렌토 하이브리드,2024,SUV
2024-07-23,기아,쏘렌토 하이브리드,2022,SUV
2024-07-23,현대자동차,투싼(TUCSON),2019,SUV
2024-07-23,현대자동차,싼타페 하이브리드(SANTAFE HYBRID),2024,SUV
2024-07-23,현대자동차,싼타페 하이브리드(SANTAFE HYBRID),2024,SUV
2024-07-23,르노코리아,XM3,2020,SUV
2024-07-23,기아,쏘렌토 하이브리드,2023,SUV
2024-07-24,현대자동차,GV80,2020,SUV
2024-07-24,현대자동차,팰리세이드(PALISADE),2022,SUV
2024-07-24,메르세데스 벤츠,Mercedes-Benz EQB300 4MATIC,2023,SUV
2024-07-24,기아,카니발,2020,MPV/미니밴
2024-07-24,현대자동차,GV80,2024,SUV
2024-07-25,기아,니로 하이브리드,2017,SUV
2024-07-25,현대자동차,팰리세이드(PALISADE),2022,SUV
2024-07-25,현대자동차,투싼 하이브리드(TUCSON HYBRID),2021,SUV
2024-07-25,현대자동차,싼타페 하이브리드(SANTAFE HYBRID),2024,SUV
2024-07-25,현대자동차,싼타페 하이브리드(SANTAFE HYBRID),2024,SUV
2024-07-25,현대자동차,싼타페 하이브리드(SANTAFE HYBRID),2024,SUV
2024-07-25,현대자동차,싼타페 하이브리드(SANTAFE HYBRID),2024,SUV
2024-07-25,기아,카니발,2020,MPV/미니밴
2024-07-25,KG 모빌리티,G4 렉스턴,2018,SUV
2024-07-26,기아,니로 하이브리드,2017,SUV
2024-07-26,기아,카니발,2018,MPV/미니밴
2024-07-26,현대자동차,투싼(TUCSON),2017,SUV
2024-07-26,현대자동차,코나(KONA),2023,SUV
2024-07-26,현대자동차,코나(KONA),2023,SUV
2024-07-26,현대자동차,코나(KONA),2023,SUV
2024-07-26,현대자동차,코나(KONA),2024,SUV
2024-07-26,현대자동차,싼타페 하이브리드(SANTAFE HYBRID),2024,SUV
2024-07-26,기아,카니발,2022,MPV/미니밴
2024-07-29,기아,카니발,2022,MPV/미니밴
2024-07-29,르노코리아,QM6,2017,SUV
2024-07-29,현대자동차,코나(KONA),2024,SUV
2024-07-29,현대자동차,팰리세이드(PALISADE),2019,SUV
2024-07-29,기아,스포티지,2023,SUV
2024-07-29,KG 모빌리티,G4 렉스턴,2019,SUV
2024-07-29,현대자동차,싼타페(SANTAFE),2019,SUV
2024-07-29,기아,쏘렌토 하이브리드,2021,SUV
2024-07-29,KG 모빌리티,렉스턴,2021,SUV
2024-07-29,기아,카니발,2021,MPV/미니밴
2024-07-29,기아,쏘렌토 하이브리드,2021,SUV
2024-07-29,KG 모빌리티,티볼리,2015,SUV
2024-07-29,현대자동차,싼타페 하이브리드(SANTAFE HYBRID),2024,SUV
2024-07-29,현대자동차,코나(KONA),2024,SUV
2024-07-29,기아,카니발,2015,MPV/미니밴
2024-07-29,KG 모빌리티,토레스 EVX,2024,SUV
2024-07-29,현대자동차,팰리세이드(PALISADE),2022,SUV
2024-07-30,기아,스포티지 하이브리드,2024,SUV
2024-07-30,메르세데스 벤츠,Mercedes-Benz EQB300 4MATIC,2023,SUV
2024-07-30,현대자동차,투싼(TUCSON),2017,SUV
2024-07-30,기아,니로 하이브리드,2017,SUV
2024-07-30,기아,카니발,2015,MPV/미니밴
2024-07-30,기아,쏘렌토 하이브리드,2021,SUV
2024-07-30,현대자동차,코나(KONA),2023,SUV
2024-07-30,기아,쏘렌토,2021,SUV
2024-07-30,현대자동차,팰리세이드(PALISADE),2021,SUV
2024-07-30,기아,쏘렌토 하이브리드,2023,SUV
2024-07-30,기아,쏘렌토,2022,SUV
2024-07-30,기아,쏘렌토 하이브리드,2021,SUV
2024-07-30,현대자동차,코나(KONA),2023,SUV
2024-07-31,현대자동차,팰리세이드(PALISADE),2019,SUV
2024-07-31,기아,쏘렌토 하이브리드,2024,SUV
2024-07-31,현대자동차,팰리세이드(PALISADE),2022,SUV
2024-07-31,기아,스포티지,2005,SUV
2024-07-31,메르세데스 벤츠,Mercedes-Benz GLA 250 4MATIC,2024,SUV
2024-07-31,현대자동차,싼타페 하이브리드(SANTAFE HYBRID),2024,SUV
2024-07-31,현대자동차,코나 일렉트릭 (KONA ELECTRIC),2019,SUV
2024-07-31,기아,스포티지 하이브리드,2022,SUV
2024-08-01,기아,쏘렌토 하이브리드,2021,SUV
2024-08-01,메르세데스 벤츠,ML350 BlueTEC 4Matic,2015,SUV
2024-08-01,현대자동차,코나(KONA),2023,SUV
2024-08-01,현대자동차,팰리세이드(PALISADE),2021,SUV
2024-08-01,현대자동차,싼타페 하이브리드(SANTAFE HYBRID),2024,SUV
2024-08-01,KG 모빌리티,토레스 EVX,2024,SUV
2024-08-02,기아,쏘렌토 하이브리드,2024,SUV
2024-08-02,기아,쏘렌토 하이브리드,2021,SUV
2024-08-02,현대자동차,싼타페 하이브리드(SANTAFE HYBRID),2024,SUV
2024-08-02,기아,카니발,2016,MPV/미니밴
2024-08-02,기아,쏘렌토 하이브리드,2022,SUV
2024-08-02,현대자동차,싼타페 하이브리드(SANTAFE HYBRID),2024,SUV
2024-08-02,메르세데스 벤츠,GLC350 e 4Matic,2019,SUV
2024-08-02,현대자동차,투싼(TUCSON),2017,SUV
2024-08-02,KG 모빌리티,토레스 EVX,2024,SUV
2024-08-05,기아,쏘렌토 하이브리드,2022,SUV
2024-08-05,르노코리아,QM6,2021,SUV
2024-08-05,현대자동차,코나 일렉트릭 (KONA ELECTRIC),2019,SUV
2024-08-05,기아,쏘렌토 하이브리드,2021,SUV
2024-08-05,현대자동차,싼타페 하이브리드(SANTAFE HYBRID),2024,SUV
2024-08-05,기아,스포티지,2018,SUV
2024-08-05,기아,니로 EV,2022,SUV
2024-08-05,현대자동차,싼타페 하이브리드(SANTAFE HYBRID),2024,SUV
2024-08-05,기아,쏘렌토 하이브리드,2024,SUV
2024-08-05,기아,쏘렌토,2021,SUV
2024-08-05,현대자동차,싼타페 하이브리드(SANTAFE HYBRID),2023,SUV
2024-08-05,현대자동차,코나(KONA),2025,SUV
2024-08-06,기아,카니발,2019,MPV/미니밴
2024-08-06,현대자동차,투싼 하이브리드(TUCSON HYBRID),2021,SUV
2024-08-06,현대자동차,투싼(TUCSON),2017,SUV
2024-08-06,현대자동차,코나 하이브리드(KONA HYBRID),2024,SUV
2024-08-06,기아,쏘렌토,2021,SUV
2024-08-06,재규어랜드로버,재규어 F-PACE 20d,2017,SUV
2024-08-06,기아,니로 하이브리드,2018,SUV
2024-08-06,현대자동차,코나(KONA),2023,SUV
2024-08-06,현대자동차,투싼(TUCSON),2023,SUV
2024-08-06,르노코리아,QM3,2016,SUV
2024-08-07,기아,카니발,2024,MPV/미니밴
2024-08-07,기아,카니발 하이브리드,2024,MPV/미니밴
2024-08-07,현대자동차,코나 하이브리드(KONA HYBRID),2020,SUV
2024-08-07,기아,카니발,2019,MPV/미니밴
2024-08-07,기아,카니발 하이브리드,2024,MPV/미니밴
2024-08-07,현대자동차,코나(KONA),2024,SUV
2024-08-07,현대자동차,투싼(TUCSON),2016,SUV
2024-08-07,현대자동차,코나 하이브리드(KONA HYBRID),2023,SUV
2024-08-07,현대자동차,코나(KONA),2023,SUV
2024-08-07,르노코리아,QM6,2017,SUV
2024-08-08,기아,카니발,2025,MPV/미니밴
2024-08-08,기아,카니발 하이브리드,2025,MPV/미니밴
2024-08-08,현대자동차,팰리세이드(PALISADE),2022,SUV
2024-08-08,KG 모빌리티,G4 렉스턴,2020,SUV
2024-08-08,기아,카니발 하이브리드,2024,MPV/미니밴
2024-08-08,현대자동차,코나(KONA),2023,SUV
2024-08-08,르노코리아,QM6,2019,SUV
2024-08-08,현대자동차,코나(KONA),2023,SUV
2024-08-08,KG 모빌리티,G4 렉스턴,2018,SUV
2024-08-08,현대자동차,싼타페(SANTAFE),2013,SUV
2024-08-08,기아,카니발,2025,MPV/미니밴
2024-08-08,기아,쏘렌토 하이브리드,2024,SUV
2024-08-09,현대자동차,코나 하이브리드(KONA HYBRID),2023,SUV
2024-08-09,현대자동차,코나(KONA),2023,SUV
2024-08-09,현대자동차,코나(KONA),2025,SUV
2024-08-09,기아,카니발 하이브리드,2025,MPV/미니밴
2024-08-09,기아,쏘렌토 하이브리드,2021,SUV
2024-08-09,현대자동차,팰리세이드(PALISADE),2021,SUV
2024-08-09,기아,쏘렌토 하이브리드,2024,SUV
2024-08-09,현대자동차,싼타페(SANTAFE),2024,SUV
2024-08-09,KG 모빌리티,렉스턴스포츠 칸,2022,SUV
2024-08-09,기아,카니발,2024,MPV/미니밴
2024-08-09,기아,카니발 하이브리드,2025,MPV/미니밴
2024-08-09,현대자동차,팰리세이드(PALISADE),2021,SUV
2024-08-09,현대자동차,투싼 하이브리드(TUCSON HYBRID),2021,SUV
2024-08-09,기아,쏘렌토 하이브리드,2022,SUV
2024-08-09,기아,쏘렌토 하이브리드,2022,SUV
2024-08-09,기아,카니발 하이브리드,2025,MPV/미니밴
2024-08-09,기아,카니발 하이브리드,2024,MPV/미니밴
2024-08-09,기아,카니발,2018,MPV/미니밴
2024-08-09,기아,카니발 하이브리드,2025,MPV/미니밴
2024-08-09,현대자동차,코나 일렉트릭 (KONA ELECTRIC),2020,SUV
2024-08-09,기아,스포티지,2016,SUV
2024-08-09,기아,카니발,2024,MPV/미니밴
2024-08-09,기아,카니발 하이브리드,2025,MPV/미니밴
2024-08-09,기아,쏘렌토,2021,SUV
2024-08-12,기아,카니발,2023,MPV/미니밴
2024-08-12,기아,카니발,2025,MPV/미니밴
2024-08-12,현대자동차,투싼(TUCSON),2016,SUV
2024-08-12,기아,쏘렌토 하이브리드,2024,SUV
2024-08-12,기아,쏘렌토 하이브리드,2024,SUV
2024-08-12,기아,카니발 하이브리드,2024,MPV/미니밴
2024-08-12,기아,카니발 하이브리드,2024,MPV/미니밴
2024-08-12,현대자동차,코나 하이브리드(KONA HYBRID),2025,SUV
2024-08-12,기아,쏘렌토,2024,SUV
2024-08-12,현대자동차,팰리세이드(PALISADE),2021,SUV
2024-08-12,기아,쏘렌토 하이브리드,2024,SUV
2024-08-12,기아,쏘렌토,2024,SUV
2024-08-12,기아,쏘렌토 하이브리드,2024,SUV
2024-08-12,기아,쏘렌토 하이브리드,2024,SUV
2024-08-12,기아,쏘렌토 하이브리드,2024,SUV
2024-08-12,기아,쏘렌토,2021,SUV
2024-08-12,현대자동차,코나 하이브리드(KONA HYBRID),2023,SUV
2024-08-12,기아,쏘렌토,2024,SUV
2024-08-12,현대자동차,팰리세이드(PALISADE),2021,SUV
2024-08-12,현대자동차,팰리세이드(PALISADE),2023,SUV
2024-08-12,기아,니로 EV,2019,SUV
2024-08-12,현대자동차,투싼(TUCSON),2016,SUV
2024-08-12,기아,쏘렌토 하이브리드,2024,SUV
2024-08-12,기아,카니발 하이브리드,2024,MPV/미니밴
2024-08-12,현대자동차,코나 하이브리드(KONA HYBRID),2025,SUV
2024-08-12,기아,쏘렌토 하이브리드,2022,SUV
2024-08-13,르노코리아,QM6,2017,SUV
2024-08-13,기아,쏘렌토 하이브리드,2024,SUV
2024-08-13,KG 모빌리티,G4 렉스턴,2019,SUV
2024-08-13,현대자동차,팰리세이드(PALISADE),2021,SUV
2024-08-13,현대자동차,투싼 하이브리드(TUCSON HYBRID),2021,SUV
2024-08-13,기아,카니발 하이브리드,2025,MPV/미니밴
2024-08-13,기아,카니발 하이브리드,2024,MPV/미니밴
2024-08-13,현대자동차,그랜드 스타렉스(GRAND STAREX),2021,MPV/미니밴
2024-08-13,BMW,BMW X5 xDrive40i,2023,SUV
2024-08-13,기아,카니발 하이브리드,2025,MPV/미니밴
2024-08-13,기아,쏘렌토,2024,SUV
2024-08-13,현대자동차,코나(KONA),2024,SUV
2024-08-13,메르세데스 벤츠,Mercedes-Benz GLB250 4MATIC,2021,SUV
2024-08-13,현대자동차,투싼(TUCSON),2014,SUV
2024-08-14,기아,카니발,2019,MPV/미니밴
2024-08-14,기아,카니발 하이브리드,2025,MPV/미니밴
2024-08-14,기아,쏘렌토,2017,SUV
2024-08-14,기아,쏘렌토 하이브리드,2024,SUV
2024-08-14,기아,카니발,2019,MPV/미니밴
2024-08-14,현대자동차,스타리아 (STARIA),2025,MPV/미니밴
2024-08-14,기아,카니발,2025,MPV/미니밴
2024-08-14,기아,쏘렌토 하이브리드,2024,SUV
2024-08-14,기아,니로 EV,2022,SUV
2024-08-14,기아,카니발 하이브리드,2025,MPV/미니밴
2024-08-14,기아,쏘렌토 하이브리드,2024,SUV
2024-08-14,기아,니로 하이브리드,2024,SUV
2024-08-14,현대자동차,싼타페 하이브리드(SANTAFE HYBRID),2024,SUV
2024-08-14,기아,쏘렌토,2024,SUV
2024-08-14,현대자동차,싼타페 하이브리드(SANTAFE HYBRID),2024,SUV
2024-08-16,기아,쏘렌토 하이브리드,2024,SUV
2024-08-16,기아,카니발 하이브리드,2024,MPV/미니밴
2024-08-16,기아,쏘렌토 하이브리드,2024,SUV
2024-08-16,기아,쏘렌토 하이브리드,2024,SUV
2024-08-16,KG 모빌리티,렉스턴,2021,SUV
2024-08-16,기아,쏘렌토,2024,SUV
2024-08-16,기아,쏘렌토 하이브리드,2024,SUV
2024-08-16,기아,쏘렌토 하이브리드,2024,SUV
2024-08-16,기아,쏘렌토,2024,SUV
2024-08-16,기아,쏘렌토 하이브리드,2024,SUV
2024-08-16,기아,쏘렌토 하이브리드,2024,SUV
2024-08-16,기아,쏘렌토,2024,SUV
2024-08-16,기아,쏘렌토 하이브리드,2024,SUV
2024-08-16,기아,쏘렌토 하이브리드,2024,SUV
2024-08-16,현대자동차,투싼 하이브리드(TUCSON HYBRID),2021,SUV
2024-08-16,기아,쏘렌토 하이브리드,2024,SUV
2024-08-16,메르세데스 벤츠,GLC350 e 4Matic,2019,SUV
2024-08-16,기아,카니발,2024,MPV/미니밴
2024-08-16,메르세데스 벤츠,GLC350 e 4Matic,2019,SUV
2024-08-16,기아,쏘렌토,2024,SUV
2024-08-16,현대자동차,투싼(TUCSON),2022,SUV
2024-08-16,기아,카니발 하이브리드,2024,MPV/미니밴
2024-08-16,기아,쏘렌토 하이브리드,2024,SUV
2024-08-16,기아,쏘렌토 하이브리드,2024,SUV
2024-08-19,기아,쏘렌토 하이브리드,2024,SUV
2024-08-19,기아,쏘렌토 하이브리드,2024,SUV
2024-08-19,현대자동차,팰리세이드(PALISADE),2020,SUV
2024-08-19,기아,쏘렌토 하이브리드,2024,SUV
2024-08-19,기아,쏘렌토 하이브리드,2024,SUV
2024-08-19,기아,쏘렌토 하이브리드,2024,SUV
2024-08-19,기아,쏘렌토 하이브리드,2024,SUV
2024-08-19,현대자동차,투싼(TUCSON),2016,SUV
2024-08-19,기아,쏘렌토,2024,SUV
2024-08-19,기아,카니발 하이브리드,2024,MPV/미니밴
2024-08-19,기아,쏘렌토,2024,SUV
2024-08-19,기아,카니발,2024,MPV/미니밴
2024-08-19,기아,카니발 하이브리드,2024,MPV/미니밴
2024-08-19,현대자동차,팰리세이드(PALISADE),2020,SUV
2024-08-19,기아,스포티지,2016,SUV
2024-08-19,기아,쏘렌토 하이브리드,2022,SUV
2024-08-19,기아,쏘렌토 하이브리드,2024,SUV
2024-08-19,메르세데스 벤츠,Mercedes-Benz EQB300 4MATIC,2023,SUV
2024-08-19,현대자동차,코나 하이브리드(KONA HYBRID),2025,SUV
2024-08-19,현대자동차,코나 일렉트릭 (KONA ELECTRIC),2019,SUV
2024-08-20,기아,카니발,2024,MPV/미니밴
2024-08-20,현대자동차,싼타페 하이브리드(SANTAFE HYBRID),2024,SUV
2024-08-20,현대자동차,팰리세이드(PALISADE),2021,SUV
2024-08-20,현대자동차,팰리세이드(PALISADE),2021,SUV
2024-08-20,혼다코리아,ODYSSEY,2019,MPV/미니밴
2024-08-20,현대자동차,코나 일렉트릭 (KONA ELECTRIC),2019,SUV
2024-08-20,현대자동차,싼타페 하이브리드(SANTAFE HYBRID),2024,SUV
2024-08-20,기아,쏘렌토 하이브리드,2024,SUV
2024-08-20,기아,스포티지,2023,SUV
2024-08-20,기아,스포티지,2023,SUV
2024-08-20,기아,쏘렌토 하이브리드,2021,SUV
2024-08-20,기아,쏘렌토 하이브리드,2024,SUV
2024-08-20,기아,쏘렌토 하이브리드,2024,SUV
2024-08-20,KG 모빌리티,티볼리,2024,SUV
2024-08-20,현대자동차,팰리세이드(PALISADE),2021,SUV
2024-08-20,기아,쏘렌토 하이브리드,2024,SUV
2024-08-20,기아,쏘렌토 하이브리드,2024,SUV
2024-08-20,기아,쏘렌토 하이브리드,2024,SUV
2024-08-20,현대자동차,싼타페 하이브리드(SANTAFE HYBRID),2024,SUV
2024-08-20,현대자동차,팰리세이드(PALISADE),2022,SUV
2024-08-21,기아,쏘렌토 하이브리드,2022,SUV
2024-08-21,혼다코리아,ODYSSEY,2018,MPV/미니밴
2024-08-21,현대자동차,팰리세이드(PALISADE),2024,SUV
2024-08-21,현대자동차,싼타페(SANTAFE),2024,SUV
2024-08-21,현대자동차,투싼 하이브리드(TUCSON HYBRID),2021,SUV
2024-08-21,기아,니로 하이브리드,2024,SUV
2024-08-21,기아,쏘렌토,2024,SUV
2024-08-21,기아,쏘렌토 하이브리드,2024,SUV
2024-08-21,현대자동차,싼타페 하이브리드(SANTAFE HYBRID),2024,SUV
2024-08-22,기아,스포티지,2011,SUV
2024-08-22,기아,스포티지,2016,SUV
2024-08-22,메르세데스 벤츠,GLC350 e 4Matic,2019,SUV
2024-08-22,현대자동차,스타리아 라운지 (STARIA LOUNGE),2022,MPV/미니밴
2024-08-22,현대자동차,싼타페 하이브리드(SANTAFE HYBRID),2024,SUV
2024-08-22,메르세데스 벤츠,ML350 BlueTEC 4Matic,2015,SUV
2024-08-22,KG 모빌리티,G4 렉스턴,2018,SUV
2024-08-22,르노코리아,XM3,2020,SUV
2024-08-22,기아,쏘렌토 하이브리드,2024,SUV
2024-08-22,기아,쏘렌토 하이브리드,2021,SUV
2024-08-22,현대자동차,투싼(TUCSON),2016,SUV
2024-08-23,기아,카니발 하이브리드,2024,MPV/미니밴
2024-08-23,기아,쏘렌토 하이브리드,2021,SUV
2024-08-23,기아,카니발,2025,MPV/미니밴
2024-08-23,현대자동차,투싼 하이브리드(TUCSON HYBRID),2021,SUV
2024-08-23,기아,니로 하이브리드,2020,SUV
2024-08-23,기아,카니발 하이브리드,2025,MPV/미니밴
2024-08-23,기아,카니발,2018,MPV/미니밴
2024-08-23,KG 모빌리티,토레스 EVX,2024,SUV
2024-08-23,기아,카니발 아웃도어,2019,MPV/미니밴
2024-08-26,현대자동차,팰리세이드(PALISADE),2021,SUV
2024-08-26,현대자동차,팰리세이드(PALISADE),2021,SUV
2024-08-26,현대자동차,투싼(TUCSON),2016,SUV
2024-08-26,기아,쏘렌토 하이브리드,2024,SUV
2024-08-26,KG 모빌리티,티볼리,2017,SUV
2024-08-26,기아,쏘렌토 하이브리드,2021,SUV
2024-08-26,기아,스포티지,2024,SUV
2024-08-26,기아,쏘렌토 하이브리드,2021,SUV
2024-08-26,기아,스포티지,2022,SUV
2024-08-27,기아,쏘렌토 하이브리드,2021,SUV
2024-08-27,현대자동차,팰리세이드(PALISADE),2022,SUV
2024-08-27,기아,쏘렌토 하이브리드,2024,SUV
2024-08-27,현대자동차,팰리세이드(PALISADE),2022,SUV
2024-08-27,현대자동차,팰리세이드(PALISADE),2022,SUV
2024-08-27,르노코리아,QM6,2017,SUV
2024-08-27,메르세데스 벤츠,Mercedes-Benz GLB250 4MATIC,2021,SUV
2024-08-27,현대자동차,투싼 하이브리드(TUCSON HYBRID),2021,SUV
2024-08-27,기아,카니발 하이브리드,2025,MPV/미니밴
2024-08-27,기아,쏘렌토 하이브리드,2024,SUV
2024-08-27,기아,카니발 하이브리드,2024,MPV/미니밴
2024-08-27,현대자동차,싼타페(SANTAFE),2024,SUV
2024-08-27,현대자동차,싼타페(SANTAFE),2024,SUV
2024-08-27,현대자동차,싼타페 하이브리드(SANTAFE HYBRID),2024,SUV
2024-08-28,기아,카니발,2019,MPV/미니밴
2024-08-28,기아,쏘렌토,2019,SUV
2024-08-28,현대자동차,싼타페 하이브리드(SANTAFE HYBRID),2024,SUV
2024-08-28,현대자동차,투싼(TUCSON),2016,SUV
2024-08-28,기아,쏘렌토,2018,SUV
2024-08-28,현대자동차,투싼 하이브리드(TUCSON HYBRID),2021,SUV
2024-08-28,기아,니로 하이브리드,2018,SUV
2024-08-28,현대자동차,투싼 하이브리드(TUCSON HYBRID),2021,SUV
2024-08-29,현대자동차,싼타페(SANTAFE),2021,SUV
2024-08-29,기아,카니발,2021,MPV/미니밴
2024-08-29,기아,쏘렌토,2024,SUV
2024-08-29,기아,니로 하이브리드,2017,SUV
2024-08-29,기아,카니발,2025,MPV/미니밴
2024-08-29,현대자동차,팰리세이드(PALISADE),2021,SUV
2024-08-30,기아,쏘렌토 하이브리드,2022,SUV
2024-08-30,현대자동차,투싼 하이브리드(TUCSON HYBRID),2022,SUV
2024-08-30,현대자동차,투싼(TUCSON),2016,SUV
2024-08-30,기아,카니발 하이브리드,2025,MPV/미니밴
2024-08-30,현대자동차,팰리세이드(PALISADE),2019,SUV
2024-08-30,현대자동차,투싼(TUCSON),2016,SUV
2024-08-30,기아,스포티지,2022,SUV
2024-09-02,기아,쏘렌토 하이브리드,2021,SUV
2024-09-02,기아,쏘렌토,2021,SUV
2024-09-02,현대자동차,팰리세이드(PALISADE),2021,SUV
2024-09-02,기아,쏘렌토 하이브리드,2021,SUV
2024-09-02,현대자동차,싼타페 하이브리드(SANTAFE HYBRID),2024,SUV
2024-09-02,기아,카니발,2018,MPV/미니밴
2024-09-02,현대자동차,투싼 하이브리드(TUCSON HYBRID),2022,SUV
2024-09-02,기아,쏘렌토 하이브리드,2021,SUV
2024-09-02,기아,카니발 하이브리드,2024,MPV/미니밴
2024-09-02,현대자동차,싼타페 하이브리드(SANTAFE HYBRID),2024,SUV
2024-09-02,기아,쏘렌토 하이브리드,2024,SUV
2024-09-02,현대자동차,팰리세이드(PALISADE),2020,SUV
2024-09-02,기아,니로 EV,2019,SUV
2024-09-02,기아,스포티지,2024,SUV
2024-09-02,기아,쏘렌토 하이브리드,2022,SUV
2024-09-02,현대자동차,싼타페(SANTAFE),2015,SUV
2024-09-02,현대자동차,투싼 하이브리드(TUCSON HYBRID),2021,SUV
2024-09-02,현대자동차,팰리세이드(PALISADE),2021,SUV
2024-09-02,현대자동차,싼타페 하이브리드(SANTAFE HYBRID),2024,SUV
2024-09-02,기아,쏘렌토 하이브리드,2021,SUV
2024-09-03,기아,쏘렌토 하이브리드,2021,SUV
2024-09-03,기아,쏘렌토 하이브리드,2021,SUV
2024-09-03,기아,쏘렌토 하이브리드,2021,SUV
2024-09-03,기아,카니발 하이브리드,2024,MPV/미니밴
2024-09-03,기아,쏘렌토,2020,SUV
2024-09-03,현대자동차,투싼(TUCSON),2016,SUV
2024-09-03,기아,카니발,2019,MPV/미니밴
2024-09-03,현대자동차,싼타페(SANTAFE),2024,SUV
2024-09-03,기아,쏘렌토 하이브리드,2021,SUV
2024-09-03,기아,쏘렌토 하이브리드,2021,SUV
2024-09-03,기아,니로 하이브리드,2018,SUV
2024-09-03,기아,카니발 하이브리드,2025,MPV/미니밴
2024-09-04,재규어랜드로버,재규어 E-PACE P250,2019,SUV
2024-09-04,기아,쏘렌토 하이브리드,2024,SUV
2024-09-04,현대자동차,스타리아 라운지 (STARIA LOUNGE),2025,MPV/미니밴
2024-09-04,기아,니로 EV,2022,SUV
2024-09-04,기아,니로 EV,2022,SUV
2024-09-04,기아,쏘렌토 하이브리드,2021,SUV
2024-09-04,기아,쏘렌토 하이브리드,2022,SUV
2024-09-04,기아,쏘렌토 하이브리드,2021,SUV
2024-09-04,기아,쏘렌토 하이브리드,2021,SUV
2024-09-04,기아,카니발 하이브리드,2024,MPV/미니밴
2024-09-04,기아,스포티지,2023,SUV
2024-09-04,기아,스포티지,2023,SUV
2024-09-04,KG 모빌리티,G4 렉스턴,2019,SUV
2024-09-04,기아,쏘렌토 하이브리드,2021,SUV
2024-09-04,기아,카니발 하이브리드,2024,MPV/미니밴
2024-09-05,기아,스포티지,2023,SUV
2024-09-05,BMW,BMW X5 xDrive50e,2024,SUV
2024-09-05,기아,쏘렌토 하이브리드,2021,SUV
2024-09-05,기아,카니발,2019,MPV/미니밴
2024-09-06,현대자동차,GV70,2021,SUV
2024-09-06,기아,쏘렌토 하이브리드,2022,SUV
2024-09-06,현대자동차,투싼(TUCSON),2012,SUV
2024-09-06,KG 모빌리티,티볼리,2021,SUV
2024-09-06,현대자동차,팰리세이드(PALISADE),2021,SUV
2024-09-06,기아,카니발 하이브리드,2025,MPV/미니밴
2024-09-06,기아,쏘렌토 하이브리드,2021,SUV
2024-09-09,현대자동차,투싼(TUCSON),2016,SUV
2024-09-09,기아,카니발,2018,MPV/미니밴
2024-09-09,현대자동차,팰리세이드(PALISADE),2021,SUV
2024-09-09,기아,쏘렌토 하이브리드,2024,SUV
2024-09-09,현대자동차,팰리세이드(PALISADE),2022,SUV
2024-09-09,재규어랜드로버,재규어 I-PACE EV400,2019,SUV
2024-09-09,기아,스포티지 하이브리드,2023,SUV
2024-09-09,현대자동차,코나 일렉트릭 (KONA ELECTRIC),2020,SUV
2024-09-09,현대자동차,코나 하이브리드(KONA HYBRID),2020,SUV
2024-09-09,현대자동차,싼타페 하이브리드(SANTAFE HYBRID),2024,SUV
2024-09-09,현대자동차,싼타페(SANTAFE),2013,SUV
2024-09-10,기아,쏘렌토 하이브리드,2021,SUV
2024-09-10,BMW,BMW X5 xDrive40i,2024,SUV
2024-09-10,현대자동차,싼타페 하이브리드(SANTAFE HYBRID),2024,SUV
2024-09-10,기아,니로 하이브리드,2018,SUV
2024-09-10,재규어랜드로버,재규어 E-PACE P250,2019,SUV
2024-09-10,기아,쏘렌토 하이브리드,2024,SUV
2024-09-10,현대자동차,싼타페 하이브리드(SANTAFE HYBRID),2024,SUV
2024-09-10,현대자동차,싼타페 하이브리드(SANTAFE HYBRID),2024,SUV
2024-09-10,기아,쏘렌토,2025,SUV
2024-09-11,현대자동차,싼타페 하이브리드(SANTAFE HYBRID),2024,SUV
2024-09-11,기아,쏘렌토 하이브리드,2021,SUV
2024-09-11,기아,스포티지,2006,SUV
2024-09-11,BMW,BMW X5 xDrive40i,2021,SUV
2024-09-11,현대자동차,코나(KONA),2024,SUV
2024-09-11,기아,카니발,2019,MPV/미니밴
2024-09-11,현대자동차,싼타페 하이브리드(SANTAFE HYBRID),2024,SUV
2024-09-11,현대자동차,스타리아 (STARIA),2025,MPV/미니밴
2024-09-11,기아,쏘렌토 하이브리드,2021,SUV
2024-09-11,르노코리아,QM3,2015,SUV
2024-09-11,기아,쏘렌토 하이브리드,2021,SUV
2024-09-11,기아,카니발,2017,MPV/미니밴
2024-09-11,르노코리아,QM3,2014,SUV
2024-09-11,현대자동차,투싼 하이브리드(TUCSON HYBRID),2021,SUV
2024-09-12,기아,쏘렌토 하이브리드,2021,SUV
2024-09-12,현대자동차,팰리세이드(PALISADE),2019,SUV
2024-09-12,기아,카니발,2024,MPV/미니밴
2024-09-13,현대자동차,투싼(TUCSON),2016,SUV
2024-09-13,기아,쏘렌토,2024,SUV
2024-09-13,현대자동차,싼타페 하이브리드(SANTAFE HYBRID),2024,SUV
2024-09-13,현대자동차,스타리아 라운지 (STARIA LOUNGE),2023,MPV/미니밴
2024-09-13,현대자동차,싼타페 하이브리드(SANTAFE HYBRID),2024,SUV
2024-09-13,KG 모빌리티,G4 렉스턴,2019,SUV
2024-09-13,현대자동차,싼타페 하이브리드(SANTAFE HYBRID),2024,SUV
2024-09-13,르노코리아,QM6,2020,SUV
2024-09-19,현대자동차,투싼 하이브리드(TUCSON HYBRID),2021,SUV
2024-09-19,기아,쏘렌토 하이브리드,2021,SUV
2024-09-19,기아,쏘렌토 하이브리드,2021,SUV
2024-09-19,현대자동차,싼타페 하이브리드(SANTAFE HYBRID),2024,SUV
2024-09-19,현대자동차,싼타페 하이브리드(SANTAFE HYBRID),2024,SUV
2024-09-19,현대자동차,싼타페 하이브리드(SANTAFE HYBRID),2024,SUV
2024-09-19,르노코리아,QM6,2020,SUV
2024-09-19,기아,쏘렌토,2022,SUV
2024-09-19,현대자동차,투싼 하이브리드(TUCSON HYBRID),2022,SUV
2024-09-19,기아,쏘렌토,2021,SUV
2024-09-20,현대자동차,팰리세이드(PALISADE),2021,SUV
2024-09-20,기아,쏘렌토 하이브리드,2021,SUV
2024-09-20,르노코리아,QM3,2014,SUV
2024-09-20,현대자동차,투싼 하이브리드(TUCSON HYBRID),2021,SUV
2024-09-20,KG 모빌리티,티볼리,2020,SUV
2024-09-20,현대자동차,싼타페 하이브리드(SANTAFE HYBRID),2024,SUV
2024-09-20,기아,쏘렌토 하이브리드,2021,SUV
2024-09-20,르노코리아,XM3,2022,SUV
2024-09-23,현대자동차,GV80,2020,SUV
2024-09-23,기아,쏘렌토,2024,SUV
2024-09-23,현대자동차,싼타페 하이브리드(SANTAFE HYBRID),2024,SUV
2024-09-23,현대자동차,싼타페 하이브리드(SANTAFE HYBRID),2024,SUV
2024-09-23,기아,카니발,2020,MPV/미니밴
2024-09-23,기아,쏘렌토 하이브리드,2021,SUV
2024-09-23,기아,쏘렌토 하이브리드,2021,SUV
2024-09-23,기아,카니발,2016,MPV/미니밴
2024-09-23,현대자동차,싼타페 하이브리드(SANTAFE HYBRID),2024,SUV
2024-09-24,현대자동차,코나 하이브리드(KONA HYBRID),2023,SUV
2024-09-24,현대자동차,팰리세이드(PALISADE),2021,SUV
2024-09-24,기아,쏘렌토 하이브리드,2021,SUV
2024-09-24,현대자동차,팰리세이드(PALISADE),2020,SUV
2024-09-24,기아,쏘렌토 하이브리드,2025,SUV
2024-09-24,현대자동차,팰리세이드(PALISADE),2020,SUV
2024-09-24,기아,쏘렌토 하이브리드,2022,SUV
2024-09-24,현대자동차,싼타페 하이브리드(SANTAFE HYBRID),2024,SUV
2024-09-24,현대자동차,투싼 하이브리드(TUCSON HYBRID),2021,SUV
2024-09-24,기아,쏘렌토 하이브리드,2024,SUV
2024-09-24,현대자동차,투싼 하이브리드(TUCSON HYBRID),2022,SUV
2024-09-24,현대자동차,투싼 하이브리드(TUCSON HYBRID),2021,SUV
2024-09-24,기아,카니발,2015,MPV/미니밴
2024-09-24,현대자동차,투싼 하이브리드(TUCSON HYBRID),2021,SUV
2024-09-24,르노코리아,QM6,2017,SUV
2024-09-24,현대자동차,팰리세이드(PALISADE),2022,SUV
2024-09-24,현대자동차,팰리세이드(PALISADE),2021,SUV
2024-09-24,기아,카니발 하이브리드,2025,MPV/미니밴
2024-09-24,현대자동차,투싼 하이브리드(TUCSON HYBRID),2021,SUV
2024-09-24,현대자동차,팰리세이드(PALISADE),2020,SUV
2024-09-24,르노코리아,QM3,2014,SUV
2024-09-25,기아,카니발,2020,MPV/미니밴
2024-09-25,기아,니로 하이브리드,2020,SUV
2024-09-25,르노코리아,QM3,2015,SUV
2024-09-25,현대자동차,코나(KONA),2018,SUV
2024-09-25,기아,카니발,2020,MPV/미니밴
2024-09-25,KG 모빌리티,토레스 EVX,2024,SUV
2024-09-25,메르세데스 벤츠,Mercedes-Benz EQB300 4MATIC,2023,SUV
2024-09-25,재규어랜드로버,재규어 F-PACE 20d,2018,SUV
2024-09-25,기아,카니발,2021,MPV/미니밴
2024-09-25,기아,카니발,2021,MPV/미니밴
2024-09-26,기아,쏘렌토 하이브리드,2024,SUV
2024-09-26,현대자동차,투싼 하이브리드(TUCSON HYBRID),2021,SUV
2024-09-26,현대자동차,GV70,2024,SUV
2024-09-26,현대자동차,투싼(TUCSON),2016,SUV
2024-09-26,KG 모빌리티,G4 렉스턴,2018,SUV
2024-09-26,현대자동차,투싼 하이브리드(TUCSON HYBRID),2023,SUV
2024-09-26,르노코리아,ARKANA,2025,SUV
2024-09-26,현대자동차,투싼 하이브리드(TUCSON HYBRID),2024,SUV
2024-09-26,토요타,토요타 RAV4 PHEV,2023,SUV
2024-09-26,현대자동차,팰리세이드(PALISADE),2022,SUV
2024-09-26,기아,쏘렌토 하이브리드,2024,SUV
2024-09-26,현대자동차,투싼 하이브리드(TUCSON HYBRID),2021,SUV
2024-09-26,기아,쏘렌토,2022,SUV
2024-09-26,기아,카니발 하이브리드,2025,MPV/미니밴
2024-09-27,KG 모빌리티,G4 렉스턴,2019,SUV
2024-09-27,르노코리아,QM6,2020,SUV
2024-09-27,현대자동차,팰리세이드(PALISADE),2021,SUV
2024-09-27,기아,쏘렌토,2019,SUV
2024-09-27,기아,쏘렌토 하이브리드,2022,SUV
2024-09-27,기아,카니발,2019,MPV/미니밴
2024-09-27,현대자동차,팰리세이드(PALISADE),2021,SUV
2024-09-27,현대자동차,싼타페 하이브리드(SANTAFE HYBRID),2024,SUV
2024-09-27,기아,쏘렌토,2021,SUV
2024-09-27,현대자동차,GV80,2020,SUV
2024-09-27,기아,니로 하이브리드,2018,SUV
2024-09-30,현대자동차,싼타페 하이브리드(SANTAFE HYBRID),2024,SUV
2024-09-30,현대자동차,투싼 하이브리드(TUCSON HYBRID),2021,SUV
2024-09-30,현대자동차,투싼 하이브리드(TUCSON HYBRID),2021,SUV
2024-09-30,현대자동차,싼타페(SANTAFE),2015,SUV
2024-09-30,르노코리아,XM3,2020,SUV
2024-09-30,기아,쏘렌토 하이브리드,2023,SUV
2024-09-30,르노코리아,QM3,2016,SUV
2024-09-30,르노코리아,XM3,2020,SUV
2024-09-30,현대자동차,싼타페(SANTAFE),2020,SUV
2024-10-02,기아,쏘렌토,2021,SUV
2024-10-02,현대자동차,투싼 하이브리드(TUCSON HYBRID),2021,SUV
2024-10-02,메르세데스 벤츠,Mercedes-Benz EQA250,2023,SUV
2024-10-02,르노코리아,QM6,2017,SUV
2024-10-02,기아,카니발,2016,MPV/미니밴
2024-10-02,현대자동차,팰리세이드(PALISADE),2021,SUV
2024-10-02,메르세데스 벤츠,Mercedes-Benz EQA250,2021,SUV
2024-10-02,현대자동차,투싼 하이브리드(TUCSON HYBRID),2022,SUV
2024-10-02,기아,니로 하이브리드,2021,SUV
2024-10-02,현대자동차,싼타페 하이브리드(SANTAFE HYBRID),2025,SUV
2024-10-04,기아,카니발,2017,MPV/미니밴
2024-10-04,기아,쏘렌토 하이브리드,2024,SUV
2024-10-04,기아,쏘렌토 하이브리드,2021,SUV
2024-10-04,기아,카니발,2021,MPV/미니밴
2024-10-04,현대자동차,싼타페 하이브리드(SANTAFE HYBRID),2024,SUV
2024-10-04,현대자동차,GV80,2022,SUV
2024-10-04,기아,쏘렌토,2015,SUV
2024-10-04,르노코리아,QM3,2015,SUV
2024-10-04,현대자동차,투싼 하이브리드(TUCSON HYBRID),2021,SUV
2024-10-04,기아,카니발,2019,MPV/미니밴
2024-10-04,현대자동차,투싼 하이브리드(TUCSON HYBRID),2021,SUV
2024-10-04,기아,쏘렌토 하이브리드,2021,SUV
2024-10-04,KG 모빌리티,토레스 EVX,2024,SUV
2024-10-07,현대자동차,팰리세이드(PALISADE),2022,SUV
2024-10-07,현대자동차,투싼 하이브리드(TUCSON HYBRID),2022,SUV
2024-10-07,현대자동차,투싼(TUCSON),2017,SUV
2024-10-07,기아,쏘렌토,2018,SUV
2024-10-07,기아,쏘렌토 하이브리드,2021,SUV
2024-10-07,현대자동차,GV80,2020,SUV
2024-10-08,기아,쏘렌토 하이브리드,2022,SUV
2024-10-08,현대자동차,코나 일렉트릭 (KONA ELECTRIC),2019,SUV
2024-10-08,현대자동차,싼타페(SANTAFE),2025,SUV
2024-10-08,현대자동차,싼타페 하이브리드(SANTAFE HYBRID),2024,SUV
2024-10-08,혼다코리아,ODYSSEY,2019,MPV/미니밴
2024-10-10,기아,카니발,2015,MPV/미니밴
2024-10-10,기아,카니발,2015,MPV/미니밴
2024-10-10,KG 모빌리티,G4 렉스턴,2018,SUV
2024-10-10,현대자동차,투싼 하이브리드(TUCSON HYBRID),2023,SUV
2024-10-11,현대자동차,싼타페(SANTAFE),2013,SUV
2024-10-11,기아,스포티지,2023,SUV
2024-10-11,기아,쏘렌토 하이브리드,2023,SUV
2024-10-11,현대자동차,코나 일렉트릭 (KONA ELECTRIC),2019,SUV
2024-10-11,현대자동차,투싼(TUCSON),2017,SUV
2024-10-11,기아,쏘렌토 하이브리드,2024,SUV
2024-10-11,현대자동차,투싼 하이브리드(TUCSON HYBRID),2021,SUV
2024-10-11,현대자동차,투싼(TUCSON),2019,SUV
2024-10-14,기아,니로 EV,2022,SUV
2024-10-14,기아,카니발,2021,MPV/미니밴
2024-10-14,현대자동차,싼타페(SANTAFE),2013,SUV
2024-10-14,기아,쏘렌토 하이브리드,2021,SUV
2024-10-14,포드,Explorer 2.3,2020,SUV
2024-10-14,기아,쏘렌토,2019,SUV
2024-10-14,현대자동차,싼타페(SANTAFE),2020,SUV
2024-10-14,현대자동차,투싼(TUCSON),2016,SUV
2024-10-14,볼보,볼보 XC90D5 AWD,2018,SUV
2024-10-14,기아,스포티지 하이브리드,2022,SUV
2024-10-15,현대자동차,싼타페(SANTAFE),2024,SUV
2024-10-15,현대자동차,그랜드 스타렉스(GRAND STAREX),2017,MPV/미니밴
2024-10-15,기아,스포티지,2022,SUV
2024-10-15,현대자동차,투싼 하이브리드(TUCSON HYBRID),2021,SUV
2024-10-15,현대자동차,투싼 하이브리드(TUCSON HYBRID),2022,SUV
2024-10-15,기아,니로 EV,2019,SUV
2024-10-15,현대자동차,투싼 하이브리드(TUCSON HYBRID),2021,SUV
2024-10-16,기아,카니발,2020,MPV/미니밴
2024-10-16,기아,카니발,2019,MPV/미니밴
2024-10-17,현대자동차,싼타페 하이브리드(SANTAFE HYBRID),2024,SUV
2024-10-17,기아,카니발,2020,MPV/미니밴
2024-10-17,기아,카니발,2019,MPV/미니밴
2024-10-17,기아,카니발,2020,MPV/미니밴
2024-10-17,현대자동차,GV80,2024,SUV
2024-10-17,현대자동차,투싼 하이브리드(TUCSON HYBRID),2024,SUV
2024-10-17,기아,쏘렌토 하이브리드,2025,SUV
2024-10-17,현대자동차,코나 하이브리드(KONA HYBRID),2020,SUV
2024-10-18,르노코리아,KOLEOS Hybrid(콜레오스 하이브리드),2025,SUV
2024-10-18,기아,쏘렌토 하이브리드,2021,SUV
2024-10-18,기아,카니발,2021,MPV/미니밴
2024-10-18,현대자동차,싼타페 하이브리드(SANTAFE HYBRID),2024,SUV
2024-10-18,현대자동차,투싼 하이브리드(TUCSON HYBRID),2021,SUV
2024-10-18,현대자동차,싼타페 하이브리드(SANTAFE HYBRID),2024,SUV
2024-10-18,현대자동차,싼타페 하이브리드(SANTAFE HYBRID),2024,SUV
2024-10-18,KG 모빌리티,토레스,2023,SUV
2024-10-18,현대자동차,싼타페 하이브리드(SANTAFE HYBRID),2024,SUV
2024-10-18,기아,카니발,2019,MPV/미니밴
2024-10-18,현대자동차,싼타페 하이브리드(SANTAFE HYBRID),2024,SUV
2024-10-18,KG 모빌리티,렉스턴,2024,SUV
2024-10-18,현대자동차,투싼(TUCSON),2024,SUV
2024-10-18,르노코리아,QM6,2019,SUV
2024-10-21,현대자동차,싼타페(SANTAFE),2013,SUV
2024-10-21,기아,카니발,2025,MPV/미니밴
2024-10-21,기아,쏘렌토,2018,SUV
2024-10-21,KG 모빌리티,토레스,2025,SUV
2024-10-21,기아,쏘렌토,2018,SUV
2024-10-21,현대자동차,싼타페 하이브리드(SANTAFE HYBRID),2024,SUV
2024-10-21,현대자동차,투싼(TUCSON),2019,SUV
2024-10-21,기아,쏘렌토 하이브리드,2021,SUV
2024-10-22,기아,카니발,2021,MPV/미니밴
2024-10-22,기아,카니발,2019,MPV/미니밴
2024-10-22,기아,니로 EV,2019,SUV
2024-10-22,기아,쏘렌토 하이브리드,2022,SUV
2024-10-22,현대자동차,팰리세이드(PALISADE),2024,SUV
2024-10-23,기아,쏘렌토 하이브리드,2024,SUV
2024-10-23,기아,쏘렌토 하이브리드,2022,SUV
2024-10-23,기아,쏘렌토,2018,SUV
2024-10-23,현대자동차,싼타페(SANTAFE),2024,SUV
2024-10-23,KG 모빌리티,토레스 EVX,2024,SUV
2024-10-23,기아,카니발,2019,MPV/미니밴
2024-10-23,현대자동차,싼타페 하이브리드(SANTAFE HYBRID),2024,SUV
2024-10-23,현대자동차,스타리아 라운지 (STARIA LOUNGE),2022,MPV/미니밴
2024-10-23,기아,쏘렌토,2018,SUV
2024-10-24,현대자동차,싼타페 하이브리드(SANTAFE HYBRID),2024,SUV
2024-10-24,현대자동차,싼타페 하이브리드(SANTAFE HYBRID),2024,SUV
2024-10-24,현대자동차,싼타페 하이브리드(SANTAFE HYBRID),2024,SUV
2024-10-24,기아,쏘렌토,2021,SUV
2024-10-24,현대자동차,싼타페 하이브리드(SANTAFE HYBRID),2024,SUV
2024-10-24,기아,카니발,2022,MPV/미니밴
2024-10-24,KG 모빌리티,G4 렉스턴,2020,SUV
2024-10-24,현대자동차,싼타페 하이브리드(SANTAFE HYBRID),2024,SUV
2024-10-24,기아,쏘렌토,2020,SUV
2024-10-25,재규어랜드로버,재규어 I-PACE EV400,2019,SUV
2024-10-25,기아,쏘렌토,2021,SUV
2024-10-25,기아,쏘렌토 하이브리드,2024,SUV
2024-10-25,기아,카니발,2018,MPV/미니밴
2024-10-28,기아,스포티지,2023,SUV
2024-10-28,현대자동차,팰리세이드(PALISADE),2021,SUV
2024-10-28,현대자동차,싼타페 하이브리드(SANTAFE HYBRID),2025,SUV
2024-10-28,르노코리아,QM6,2024,SUV
2024-10-28,기아,니로 하이브리드,2021,SUV
2024-10-28,현대자동차,싼타페(SANTAFE),2024,SUV
2024-10-28,기아,쏘렌토 하이브리드,2022,SUV
2024-10-28,기아,쏘렌토 하이브리드,2021,SUV
2024-10-28,현대자동차,팰리세이드(PALISADE),2024,SUV
2024-10-28,기아,카니발,2019,MPV/미니밴
2024-10-28,현대자동차,팰리세이드(PALISADE),2019,SUV
2024-10-28,KG 모빌리티,렉스턴,2024,SUV
2024-10-29,르노코리아,QM3,2016,SUV
2024-10-29,기아,쏘렌토,2024,SUV
2024-10-29,기아,카니발,2019,MPV/미니밴
2024-10-29,볼보,볼보 XC90B6 AWD,2022,SUV
2024-10-29,현대자동차,싼타페 하이브리드(SANTAFE HYBRID),2024,SUV
2024-10-29,기아,쏘렌토,2018,SUV
2024-10-30,현대자동차,싼타페(SANTAFE),2019,SUV
2024-10-30,현대자동차,그랜드 스타렉스(GRAND STAREX),2014,MPV/미니밴
2024-10-30,현대자동차,투싼(TUCSON),2019,SUV
2024-10-30,현대자동차,싼타페 하이브리드(SANTAFE HYBRID),2025,SUV
2024-10-30,기아,니로 EV,2022,SUV
2024-10-30,현대자동차,싼타페 하이브리드(SANTAFE HYBRID),2024,SUV
2024-10-30,르노코리아,XM3,2020,SUV
2024-10-31,현대자동차,싼타페 하이브리드(SANTAFE HYBRID),2024,SUV
2024-10-31,기아,쏘렌토,2024,SUV
2024-10-31,기아,카니발,2019,MPV/미니밴
2024-10-31,혼다코리아,ODYSSEY,2019,MPV/미니밴
2024-10-31,기아,스포티지,2022,SUV
2024-10-31,현대자동차,스타리아 (STARIA),2022,MPV/미니밴
2024-11-01,르노코리아,ARKANA 하이브리드,2025,SUV
2024-11-01,현대자동차,투싼 하이브리드(TUCSON HYBRID),2022,SUV
2024-11-01,현대자동차,싼타페(SANTAFE),2020,SUV
2024-11-01,현대자동차,투싼(TUCSON),2018,SUV
2024-11-01,기아,스포티지,2024,SUV
2024-11-04,기아,쏘렌토,2023,SUV
2024-11-04,기아,카니발,2019,MPV/미니밴
2024-11-04,기아,카니발,2021,MPV/미니밴
2024-11-04,현대자동차,싼타페 하이브리드(SANTAFE HYBRID),2024,SUV
2024-11-04,현대자동차,싼타페(SANTAFE),2016,SUV
2024-11-04,메르세데스 벤츠,Mercedes-Benz GLB250 4MATIC,2020,SUV
2024-11-04,기아,쏘렌토 하이브리드,2022,SUV
2024-11-05,메르세데스 벤츠,Mercedes-Benz GLB250 4MATIC,2021,SUV
2024-11-05,현대자동차,싼타페 하이브리드(SANTAFE HYBRID),2025,SUV
2024-11-05,기아,카니발,2015,MPV/미니밴
2024-11-05,현대자동차,싼타페 하이브리드(SANTAFE HYBRID),2024,SUV
2024-11-05,KG 모빌리티,G4 렉스턴,2018,SUV
2024-11-05,기아,카니발,2019,MPV/미니밴
2024-11-05,현대자동차,팰리세이드(PALISADE),2021,SUV
2024-11-05,BMW,BMW X5 xDrive30d,2014,SUV
2024-11-06,메르세데스 벤츠,Mercedes-Benz EQB300 4MATIC,2023,SUV
2024-11-06,기아,쏘렌토,2017,SUV
2024-11-06,BMW,BMW X5 xDrive30d,2021,SUV
2024-11-06,기아,쏘렌토 하이브리드,2021,SUV
2024-11-06,KG 모빌리티,G4 렉스턴,2018,SUV
2024-11-06,현대자동차,GV70,2022,SUV
2024-11-07,현대자동차,싼타페 하이브리드(SANTAFE HYBRID),2024,SUV
2024-11-07,기아,스포티지,2016,SUV
2024-11-07,현대자동차,투싼 하이브리드(TUCSON HYBRID),2024,SUV
2024-11-07,현대자동차,싼타페 하이브리드(SANTAFE HYBRID),2024,SUV
2024-11-07,기아,스포티지,2024,SUV
2024-11-07,르노코리아,XM3,2023,SUV
2024-11-08,현대자동차,싼타페 하이브리드(SANTAFE HYBRID),2025,SUV
2024-11-08,현대자동차,싼타페 하이브리드(SANTAFE HYBRID),2024,SUV
2024-11-08,기아,카니발,2021,MPV/미니밴
2024-11-08,현대자동차,투싼 하이브리드(TUCSON HYBRID),2021,SUV
2024-11-11,현대자동차,투싼(TUCSON),2016,SUV
2024-11-11,현대자동차,팰리세이드(PALISADE),2021,SUV
2024-11-11,현대자동차,싼타페(SANTAFE),2024,SUV
2024-11-11,기아,쏘렌토,2018,SUV
2024-11-11,기아,카니발,2023,MPV/미니밴
2024-11-11,현대자동차,싼타페 하이브리드(SANTAFE HYBRID),2024,SUV
2024-11-11,현대자동차,싼타페(SANTAFE),2013,SUV
2024-11-11,현대자동차,팰리세이드(PALISADE),2021,SUV
2024-11-11,현대자동차,싼타페 하이브리드(SANTAFE HYBRID),2024,SUV
2024-11-11,현대자동차,팰리세이드(PALISADE),2023,SUV
2024-11-12,현대자동차,싼타페 하이브리드(SANTAFE HYBRID),2024,SUV
2024-11-12,현대자동차,팰리세이드(PALISADE),2019,SUV
2024-11-12,현대자동차,팰리세이드(PALISADE),2022,SUV
2024-11-12,기아,쏘렌토,2025,SUV
2024-11-12,르노코리아,KOLEOS Hybrid(콜레오스 하이브리드),2025,SUV
2024-11-12,기아,니로 하이브리드,2017,SUV
2024-11-12,현대자동차,싼타페 하이브리드(SANTAFE HYBRID),2024,SUV
2024-11-12,기아,쏘렌토,2018,SUV
2024-11-13,현대자동차,팰리세이드(PALISADE),2021,SUV
2024-11-13,현대자동차,팰리세이드(PALISADE),2020,SUV
2024-11-13,현대자동차,팰리세이드(PALISADE),2020,SUV
2024-11-13,현대자동차,팰리세이드(PALISADE),2022,SUV
2024-11-13,기아,쏘렌토 하이브리드,2022,SUV
2024-11-13,현대자동차,싼타페 하이브리드(SANTAFE HYBRID),2024,SUV
2024-11-14,기아,스포티지,2023,SUV
2024-11-14,KG 모빌리티,렉스턴스포츠 칸,2021,SUV
2024-11-14,KG 모빌리티,토레스,2023,SUV
2024-11-14,기아,쏘렌토 하이브리드,2022,SUV
2024-11-14,현대자동차,싼타페 하이브리드(SANTAFE HYBRID),2024,SUV
2024-11-14,기아,니로 하이브리드,2020,SUV
2024-11-15,기아,카니발,2019,MPV/미니밴
2024-11-18,기아,니로 플러스,2023,SUV
2024-11-18,현대자동차,팰리세이드(PALISADE),2021,SUV
2024-11-18,현대자동차,투싼 하이브리드(TUCSON HYBRID),2021,SUV
2024-11-18,기아,스포티지,2017,SUV
2024-11-18,기아,쏘렌토,2018,SUV
2024-11-18,기아,카니발,2023,MPV/미니밴
2024-11-19,현대자동차,투싼(TUCSON),2023,SUV
2024-11-19,기아,카니발,2021,MPV/미니밴
2024-11-19,르노코리아,XM3,2020,SUV
2024-11-19,기아,쏘렌토 하이브리드,2022,SUV
2024-11-19,기아,스포티지,2022,SUV
2024-11-19,현대자동차,코나 일렉트릭 (KONA ELECTRIC),2019,SUV
2024-11-19,현대자동차,팰리세이드(PALISADE),2020,SUV
2024-11-19,기아,쏘렌토,2017,SUV
2024-11-20,KG 모빌리티,토레스,2023,SUV
2024-11-21,르노코리아,QM3,2016,SUV
2024-11-21,르노코리아,QM3,2017,SUV
2024-11-21,기아,니로 하이브리드,2017,SUV
2024-11-21,기아,카니발,2021,MPV/미니밴
2024-11-21,KG 모빌리티,G4 렉스턴,2020,SUV
2024-11-21,현대자동차,싼타페 하이브리드(SANTAFE HYBRID),2024,SUV
2024-11-21,기아,카니발,2021,MPV/미니밴
2024-11-21,기아,스포티지,2024,SUV
2024-11-22,현대자동차,싼타페(SANTAFE),2024,SUV
2024-11-22,BMW,BMW X7 xDrive40i,2021,SUV
2024-11-22,기아,쏘렌토,2018,SUV
2024-11-25,현대자동차,싼타페 하이브리드(SANTAFE HYBRID),2025,SUV
2024-11-25,르노코리아,QM6,2023,SUV
2024-11-25,기아,쏘렌토,2018,SUV
2024-11-26,현대자동차,싼타페 하이브리드(SANTAFE HYBRID),2024,SUV
2024-11-27,기아,카렌스,2015,MPV/미니밴
2024-11-27,현대자동차,팰리세이드(PALISADE),2021,SUV
2024-11-27,기아,카니발 하이브리드,2025,MPV/미니밴
2024-11-27,기아,스포티지 하이브리드,2022,SUV
2024-11-27,현대자동차,투싼(TUCSON),2006,SUV
2024-11-28,현대자동차,싼타페(SANTAFE),2024,SUV
2024-11-28,현대자동차,싼타페 하이브리드(SANTAFE HYBRID),2024,SUV
2024-11-28,현대자동차,코나 일렉트릭 (KONA ELECTRIC),2020,SUV
2024-11-28,현대자동차,싼타페 하이브리드(SANTAFE HYBRID),2024,SUV
2024-11-29,KG 모빌리티,토레스,2023,SUV
2024-11-29,현대자동차,투싼(TUCSON),2016,SUV
2024-11-29,KG 모빌리티,렉스턴스포츠 칸,2022,SUV
2024-11-29,기아,니로 하이브리드,2017,SUV
2024-11-29,KG 모빌리티,토레스,2023,SUV
2024-11-29,KG 모빌리티,토레스,2023,SUV
2024-12-02,KG 모빌리티,렉스턴스포츠 칸 쿨멘,2024,SUV
2024-12-02,KG 모빌리티,토레스,2024,SUV
2024-12-02,현대자동차,GV80,2021,SUV
2024-12-02,KG 모빌리티,토레스,2023,SUV
2024-12-03,현대자동차,싼타페(SANTAFE),2019,SUV
2024-12-03,재규어랜드로버,재규어 F-PACE 20d,2017,SUV
2024-12-03,KG 모빌리티,티볼리,2021,SUV
2024-12-03,기아,카니발,2021,MPV/미니밴
2024-12-03,BMW,BMW X7 xDrive40i,2024,SUV
2024-12-03,KG 모빌리티,렉스턴스포츠,2021,SUV
2024-12-04,기아,쏘렌토 하이브리드,2024,SUV
2024-12-04,현대자동차,투싼 하이브리드(TUCSON HYBRID),2022,SUV
2024-12-04,KG 모빌리티,토레스,2025,SUV
2024-12-04,현대자동차,싼타페(SANTAFE),2016,SUV
2024-12-04,재규어랜드로버,재규어 E-PACE P250,2019,SUV
2024-12-05,현대자동차,GV80,2020,SUV
2024-12-05,KG 모빌리티,렉스턴스포츠 칸,2021,SUV
2024-12-05,기아,카니발,2019,MPV/미니밴
2024-12-05,기아,쏘렌토,2019,SUV
2024-12-05,BMW,BMW X5 xDrive45e iPerformance,2022,SUV
2024-12-05,현대자동차,팰리세이드(PALISADE),2019,SUV
2024-12-05,기아,모하비,2021,SUV
2024-12-05,기아,쏘렌토 하이브리드,2022,SUV
2024-12-05,기아,카니발,2019,MPV/미니밴
2024-12-06,기아,쏘렌토,2021,SUV
2024-12-06,현대자동차,투싼(TUCSON),2016,SUV
2024-12-06,기아,카니발,2023,MPV/미니밴
2024-12-06,기아,쏘렌토,2021,SUV
2024-12-06,기아,카니발,2025,MPV/미니밴
2024-12-06,기아,니로 하이브리드,2017,SUV
2024-12-06,현대자동차,투싼(TUCSON),2024,SUV
2024-12-06,현대자동차,팰리세이드(PALISADE),2020,SUV
2024-12-06,현대자동차,싼타페 하이브리드(SANTAFE HYBRID),2024,SUV
2024-12-06,KG 모빌리티,토레스,2024,SUV
2024-12-06,현대자동차,싼타페 하이브리드(SANTAFE HYBRID),2024,SUV
2024-12-06,현대자동차,투싼(TUCSON),2016,SUV
2024-12-09,현대자동차,팰리세이드(PALISADE),2019,SUV
2024-12-09,현대자동차,팰리세이드(PALISADE),2020,SUV
2024-12-09,기아,카니발,2020,MPV/미니밴
2024-12-09,재규어랜드로버,재규어 I-PACE EV400,2019,SUV
2024-12-09,현대자동차,싼타페 하이브리드(SANTAFE HYBRID),2025,SUV
2024-12-09,르노코리아,XM3,2020,SUV
2024-12-09,기아,니로 하이브리드,2020,SUV
2024-12-10,현대자동차,싼타페(SANTAFE),2015,SUV
2024-12-10,기아,카니발,2018,MPV/미니밴
2024-12-10,현대자동차,싼타페 하이브리드(SANTAFE HYBRID),2024,SUV
2024-12-10,현대자동차,싼타페 하이브리드(SANTAFE HYBRID),2024,SUV
2024-12-10,기아,쏘렌토,2018,SUV
2024-12-10,기아,쏘렌토 하이브리드,2021,SUV
2024-12-10,기아,카니발,2019,MPV/미니밴
2024-12-10,현대자동차,싼타페 하이브리드(SANTAFE HYBRID),2024,SUV
2024-12-10,기아,스포티지 하이브리드,2023,SUV
2024-12-11,르노코리아,XM3,2022,SUV
2024-12-11,르노코리아,XM3,2022,SUV
2024-12-11,기아,스포티지,2023,SUV
2024-12-11,혼다코리아,ODYSSEY,2021,MPV/미니밴
2024-12-11,현대자동차,스타리아 라운지 HYBRID (STARIA LOUNGE HYBRID),2025,MPV/미니밴
2024-12-11,기아,쏘렌토,2018,SUV
2024-12-11,기아,카니발,2021,MPV/미니밴
2024-12-11,르노코리아,XM3,2022,SUV
2024-12-12,기아,니로 하이브리드,2024,SUV
2024-12-12,기아,쏘렌토,2021,SUV
2024-12-13,KG 모빌리티,렉스턴,2013,SUV
2024-12-13,기아,카니발,2019,MPV/미니밴
2024-12-13,르노코리아,KOLEOS Hybrid(콜레오스 하이브리드),2025,SUV
2024-12-16,현대자동차,싼타페(SANTAFE),2024,SUV
2024-12-16,기아,카니발,2021,MPV/미니밴
2024-12-16,현대자동차,싼타페(SANTAFE),2024,SUV
2024-12-16,기아,쏘렌토 하이브리드,2021,SUV
2024-12-16,기아,쏘렌토,2018,SUV
2024-12-17,기아,니로 플러스,2023,SUV
2024-12-17,현대자동차,싼타페(SANTAFE),2024,SUV
2024-12-17,현대자동차,싼타페 하이브리드(SANTAFE HYBRID),2024,SUV
2024-12-17,기아,카니발,2021,MPV/미니밴
2024-12-17,BMW,BMW X7 xDrive40d,2021,SUV
2024-12-17,기아,쏘렌토,2018,SUV
2024-12-17,기아,쏘렌토 하이브리드,2024,SUV
2024-12-17,현대자동차,그랜드 스타렉스(GRAND STAREX),2012,MPV/미니밴
2024-12-17,르노코리아,XM3,2023,SUV
2024-12-18,기아,쏘렌토,2017,SUV
2024-12-18,기아,카니발,2021,MPV/미니밴
2024-12-18,현대자동차,싼타페 하이브리드(SANTAFE HYBRID),2025,SUV
2024-12-18,KG 모빌리티,티볼리,2021,SUV
2024-12-18,KG 모빌리티,티볼리,2017,SUV
2024-12-18,현대자동차,투싼 하이브리드(TUCSON HYBRID),2021,SUV
2024-12-18,기아,쏘렌토,2022,SUV
2024-12-18,현대자동차,투싼 하이브리드(TUCSON HYBRID),2022,SUV
2024-12-18,기아,카니발,2020,MPV/미니밴
2024-12-18,기아,쏘렌토 하이브리드,2021,SUV
2024-12-18,기아,카니발 하이브리드,2024,MPV/미니밴
2024-12-18,기아,카니발,2019,MPV/미니밴
2024-12-19,기아,쏘렌토 하이브리드,2024,SUV
2024-12-19,KG 모빌리티,토레스,2025,SUV
2024-12-19,현대자동차,싼타페(SANTAFE),2015,SUV
2024-12-19,기아,스포티지 하이브리드,2024,SUV
2024-12-20,KG 모빌리티,렉스턴스포츠 칸,2021,SUV
2024-12-20,르노코리아,KOLEOS Hybrid(콜레오스 하이브리드),2025,SUV
2024-12-20,르노코리아,KOLEOS Hybrid(콜레오스 하이브리드),2025,SUV
2024-12-20,르노코리아,KOLEOS Hybrid(콜레오스 하이브리드),2025,SUV
2024-12-20,기아,쏘렌토 하이브리드,2021,SUV
2024-12-20,메르세데스 벤츠,Mercedes-Benz GLB250 4MATIC,2020,SUV
2024-12-20,기아,쏘렌토,2017,SUV
2024-12-20,기아,니로 하이브리드,2017,SUV
2024-12-20,르노코리아,ARKANA 하이브리드,2025,SUV
2024-12-23,르노코리아,KOLEOS Hybrid(콜레오스 하이브리드),2025,SUV
2024-12-23,현대자동차,GV80,2024,SUV
2024-12-23,현대자동차,스타리아 (STARIA),2024,MPV/미니밴
2024-12-23,기아,니로 하이브리드,2018,SUV
2024-12-23,현대자동차,투싼(TUCSON),2018,SUV
2024-12-23,KG 모빌리티,티볼리,2024,SUV
2024-12-23,르노코리아,KOLEOS Hybrid(콜레오스 하이브리드),2025,SUV
2024-12-23,르노코리아,KOLEOS Hybrid(콜레오스 하이브리드),2025,SUV
2024-12-23,르노코리아,KOLEOS Hybrid(콜레오스 하이브리드),2025,SUV
2024-12-23,르노코리아,KOLEOS Hybrid(콜레오스 하이브리드),2025,SUV
2024-12-23,르노코리아,KOLEOS Hybrid(콜레오스 하이브리드),2025,SUV
2024-12-23,르노코리아,KOLEOS Hybrid(콜레오스 하이브리드),2025,SUV
2024-12-23,르노코리아,KOLEOS Hybrid(콜레오스 하이브리드),2025,SUV
2024-12-24,르노코리아,KOLEOS Hybrid(콜레오스 하이브리드),2025,SUV
2024-12-24,르노코리아,QM6,2024,SUV
2024-12-24,르노코리아,KOLEOS Hybrid(콜레오스 하이브리드),2025,SUV
2024-12-24,르노코리아,XM3,2021,SUV
2024-12-24,르노코리아,KOLEOS Hybrid(콜레오스 하이브리드),2025,SUV
2024-12-24,현대자동차,투싼(TUCSON),2016,SUV
2024-12-24,르노코리아,KOLEOS Hybrid(콜레오스 하이브리드),2025,SUV
2024-12-24,기아,쏘렌토 하이브리드,2025,SUV
2024-12-24,르노코리아,KOLEOS Hybrid(콜레오스 하이브리드),2025,SUV
2024-12-24,르노코리아,KOLEOS Hybrid(콜레오스 하이브리드),2025,SUV
2024-12-24,르노코리아,KOLEOS Hybrid(콜레오스 하이브리드),2025,SUV
2024-12-24,르노코리아,KOLEOS Hybrid(콜레오스 하이브리드),2025,SUV
2024-12-24,르노코리아,KOLEOS Hybrid(콜레오스 하이브리드),2025,SUV
2024-12-24,르노코리아,KOLEOS Hybrid(콜레오스 하이브리드),2025,SUV
2024-12-24,르노코리아,KOLEOS Hybrid(콜레오스 하이브리드),2025,SUV
2024-12-24,르노코리아,KOLEOS Hybrid(콜레오스 하이브리드),2025,SUV
2024-12-24,르노코리아,KOLEOS Hybrid(콜레오스 하이브리드),2025,SUV
2024-12-24,르노코리아,KOLEOS Hybrid(콜레오스 하이브리드),2025,SUV
2024-12-24,현대자동차,GV80,2020,SUV
2024-12-31,기아,니로 하이브리드,2018,SUV
2025-01-02,현대자동차,싼타페(SANTAFE),2021,SUV
2025-01-02,메르세데스 벤츠,GLC350 e 4Matic,2019,SUV
2025-01-02,르노코리아,KOLEOS Hybrid(콜레오스 하이브리드),2025,SUV
2025-01-02,르노코리아,KOLEOS Hybrid(콜레오스 하이브리드),2025,SUV
2025-01-02,기아,카니발,2022,MPV/미니밴
2025-01-02,메르세데스 벤츠,Mercedes-Benz EQB300 4MATIC,2023,SUV
2025-01-02,르노코리아,KOLEOS Hybrid(콜레오스 하이브리드),2025,SUV
2025-01-02,르노코리아,KOLEOS Hybrid(콜레오스 하이브리드),2025,SUV
2025-01-02,르노코리아,KOLEOS Hybrid(콜레오스 하이브리드),2025,SUV
2025-01-02,르노코리아,KOLEOS Hybrid(콜레오스 하이브리드),2025,SUV
2025-01-02,르노코리아,KOLEOS Hybrid(콜레오스 하이브리드),2025,SUV
2025-01-02,르노코리아,KOLEOS Hybrid(콜레오스 하이브리드),2025,SUV
2025-01-02,르노코리아,KOLEOS Hybrid(콜레오스 하이브리드),2025,SUV
2025-01-02,르노코리아,KOLEOS Hybrid(콜레오스 하이브리드),2025,SUV
2025-01-02,르노코리아,KOLEOS Hybrid(콜레오스 하이브리드),2025,SUV
2025-01-02,르노코리아,KOLEOS Hybrid(콜레오스 하이브리드),2025,SUV
2025-01-02,기아,니로 EV,2024,SUV
2025-01-02,르노코리아,KOLEOS Hybrid(콜레오스 하이브리드),2025,SUV
2025-01-02,르노코리아,KOLEOS Hybrid(콜레오스 하이브리드),2025,SUV
2025-01-02,르노코리아,KOLEOS Hybrid(콜레오스 하이브리드),2025,SUV
2025-01-02,르노코리아,KOLEOS Hybrid(콜레오스 하이브리드),2025,SUV
2025-01-02,르노코리아,KOLEOS Hybrid(콜레오스 하이브리드),2025,SUV
2025-01-02,르노코리아,KOLEOS Hybrid(콜레오스 하이브리드),2025,SUV
2025-01-02,르노코리아,KOLEOS Hybrid(콜레오스 하이브리드),2025,SUV
2025-01-02,르노코리아,KOLEOS Hybrid(콜레오스 하이브리드),2025,SUV
2025-01-02,르노코리아,KOLEOS Hybrid(콜레오스 하이브리드),2025,SUV
2025-01-02,르노코리아,KOLEOS Hybrid(콜레오스 하이브리드),2025,SUV
2025-01-02,르노코리아,KOLEOS Hybrid(콜레오스 하이브리드),2025,SUV
2025-01-02,르노코리아,KOLEOS Hybrid(콜레오스 하이브리드),2025,SUV
2025-01-02,르노코리아,KOLEOS Hybrid(콜레오스 하이브리드),2025,SUV
2025-01-02,르노코리아,KOLEOS Hybrid(콜레오스 하이브리드),2025,SUV
2025-01-02,볼보,볼보 XC90T8 AWD,2017,SUV
2025-01-02,르노코리아,KOLEOS Hybrid(콜레오스 하이브리드),2025,SUV
2025-01-02,르노코리아,KOLEOS Hybrid(콜레오스 하이브리드),2025,SUV
2025-01-02,르노코리아,KOLEOS Hybrid(콜레오스 하이브리드),2025,SUV
2025-01-02,르노코리아,KOLEOS Hybrid(콜레오스 하이브리드),2025,SUV
2025-01-02,현대자동차,싼타페 하이브리드(SANTAFE HYBRID),2024,SUV
2025-01-02,르노코리아,KOLEOS Hybrid(콜레오스 하이브리드),2025,SUV
2025-01-02,르노코리아,KOLEOS Hybrid(콜레오스 하이브리드),2025,SUV
2025-01-02,기아,카니발,2019,MPV/미니밴
2025-01-02,르노코리아,XM3,2020,SUV
2025-01-02,기아,카니발,2019,MPV/미니밴
2025-01-02,르노코리아,KOLEOS Hybrid(콜레오스 하이브리드),2025,SUV
2025-01-02,르노코리아,KOLEOS Hybrid(콜레오스 하이브리드),2025,SUV
2025-01-02,르노코리아,KOLEOS Hybrid(콜레오스 하이브리드),2025,SUV
2025-01-02,르노코리아,KOLEOS Hybrid(콜레오스 하이브리드),2025,SUV
2025-01-02,르노코리아,KOLEOS Hybrid(콜레오스 하이브리드),2025,SUV
2025-01-02,르노코리아,KOLEOS Hybrid(콜레오스 하이브리드),2025,SUV
2025-01-02,르노코리아,KOLEOS Hybrid(콜레오스 하이브리드),2025,SUV
2025-01-03,KG 모빌리티,렉스턴,2023,SUV
2025-01-03,KG 모빌리티,토레스,2024,SUV
2025-01-06,KG 모빌리티,렉스턴스포츠,2020,SUV
2025-01-06,현대자동차,싼타페 하이브리드(SANTAFE HYBRID),2024,SUV
2025-01-06,현대자동차,팰리세이드(PALISADE),2020,SUV
2025-01-06,기아,카니발,2023,MPV/미니밴
2025-01-06,기아,니로 하이브리드,2017,SUV
2025-01-06,기아,쏘렌토,2018,SUV
2025-01-06,기아,쏘렌토,2016,SUV
2025-01-06,BMW,BMW X5 xDrive40e iPerformance,2018,SUV
2025-01-07,기아,쏘렌토 하이브리드,2022,SUV
2025-01-07,혼다코리아,CR-V HYBRID 4WD,2024,SUV
2025-01-07,현대자동차,GV70,2023,SUV
2025-01-07,기아,카니발,2021,MPV/미니밴
2025-01-07,기아,카니발,2022,MPV/미니밴
2025-01-07,기아,스포티지,2025,SUV
2025-01-07,현대자동차,GV70,2022,SUV
2025-01-08,기아,카니발,2021,MPV/미니밴
2025-01-08,기아,스포티지,2025,SUV
2025-01-08,기아,쏘렌토,2021,SUV
2025-01-08,기아,쏘렌토,2024,SUV
2025-01-08,기아,쏘렌토 하이브리드,2024,SUV
2025-01-08,기아,쏘렌토,2021,SUV
2025-01-09,기아,니로 EV,2022,SUV
2025-01-09,KG 모빌리티,티볼리,2024,SUV
2025-01-09,기아,스포티지,2025,SUV
2025-01-09,KG 모빌리티,렉스턴,2021,SUV
2025-01-09,기아,스포티지,2025,SUV
2025-01-09,기아,스포티지 하이브리드,2025,SUV
2025-01-09,기아,니로 하이브리드,2017,SUV
2025-01-09,기아,스포티지,2025,SUV
2025-01-09,기아,스포티지,2025,SUV
2025-01-09,기아,스포티지,2025,SUV
2025-01-09,현대자동차,싼타페(SANTAFE),2024,SUV
2025-01-10,현대자동차,투싼(TUCSON),2023,SUV
2025-01-10,BMW,BMW X7 xDrive40i,2021,SUV
2025-01-10,르노코리아,XM3,2021,SUV
2025-01-10,기아,스포티지,2025,SUV
2025-01-10,기아,카니발,2024,MPV/미니밴
2025-01-10,KG 모빌리티,토레스 EVX,2024,SUV
2025-01-10,기아,스포티지 하이브리드,2025,SUV
2025-01-10,기아,스포티지,2025,SUV
2025-01-10,기아,스포티지 하이브리드,2025,SUV
2025-01-10,기아,스포티지 하이브리드,2025,SUV
2025-01-13,KG 모빌리티,G4 렉스턴,2019,SUV
2025-01-13,르노코리아,KOLEOS Hybrid(콜레오스 하이브리드),2025,SUV
2025-01-13,르노코리아,KOLEOS Hybrid(콜레오스 하이브리드),2025,SUV
2025-01-13,기아,쏘렌토,2021,SUV
2025-01-13,현대자동차,싼타페 하이브리드(SANTAFE HYBRID),2024,SUV
2025-01-13,기아,스포티지 하이브리드,2023,SUV
2025-01-13,KG 모빌리티,렉스턴,2021,SUV
2025-01-13,르노코리아,KOLEOS Hybrid(콜레오스 하이브리드),2025,SUV
2025-01-13,기아,스포티지,2025,SUV
2025-01-13,기아,스포티지 하이브리드,2025,SUV
2025-01-13,기아,카니발,2024,MPV/미니밴
2025-01-13,기아,스포티지,2025,SUV
2025-01-13,기아,스포티지,2025,SUV
2025-01-13,기아,스포티지,2025,SUV
2025-01-13,KG 모빌리티,렉스턴,2021,SUV
2025-01-13,기아,스포티지,2025,SUV
2025-01-13,기아,스포티지,2025,SUV
2025-01-13,KG 모빌리티,렉스턴스포츠,2023,SUV
2025-01-13,기아,스포티지,2025,SUV
2025-01-13,기아,스포티지,2025,SUV
2025-01-13,KG 모빌리티,렉스턴,2021,SUV
2025-01-13,KG 모빌리티,렉스턴,2021,SUV
2025-01-13,KG 모빌리티,렉스턴,2021,SUV
2025-01-13,기아,스포티지 하이브리드,2025,SUV
2025-01-13,기아,스포티지 하이브리드,2025,SUV
2025-01-13,현대자동차,싼타페 하이브리드(SANTAFE HYBRID),2025,SUV
2025-01-14,현대자동차,코나(KONA),2018,SUV
2025-01-14,KG 모빌리티,렉스턴,2021,SUV
2025-01-14,기아,스포티지 하이브리드,2025,SUV
2025-01-14,KG 모빌리티,렉스턴,2021,SUV
2025-01-14,포드,Explorer 3.0,2022,SUV
2025-01-14,기아,카니발,2021,MPV/미니밴
2025-01-14,기아,스포티지 하이브리드,2025,SUV
2025-01-14,기아,스포티지,2025,SUV
2025-01-14,기아,카니발,2021,MPV/미니밴
2025-01-14,현대자동차,투싼 하이브리드(TUCSON HYBRID),2022,SUV
2025-01-15,현대자동차,투싼 하이브리드(TUCSON HYBRID),2021,SUV
2025-01-15,기아,쏘렌토 하이브리드,2025,SUV
2025-01-15,KG 모빌리티,렉스턴,2021,SUV
2025-01-15,KG 모빌리티,렉스턴,2021,SUV
2025-01-15,KG 모빌리티,렉스턴,2024,SUV
2025-01-15,현대자동차,GV70,2022,SUV
2025-01-15,BMW,BMW X7 xDrive 30d M Sport Package,2020,SUV
2025-01-16,기아,스포티지,2025,SUV
2025-01-16,KG 모빌리티,렉스턴,2023,SUV
2025-01-16,기아,카니발,2021,MPV/미니밴
2025-01-16,현대자동차,싼타페 하이브리드(SANTAFE HYBRID),2025,SUV
2025-01-16,기아,쏘렌토 하이브리드,2024,SUV
2025-01-16,기아,스포티지,2025,SUV
2025-01-16,KG 모빌리티,G4 렉스턴,2020,SUV
2025-01-16,현대자동차,코나 하이브리드(KONA HYBRID),2023,SUV
2025-01-16,기아,카니발,2021,MPV/미니밴
2025-01-16,현대자동차,싼타페 하이브리드(SANTAFE HYBRID),2024,SUV
2025-01-16,기아,쏘렌토,2022,SUV
2025-01-17,기아,니로 하이브리드,2017,SUV
2025-01-17,KG 모빌리티,티볼리,2025,SUV
2025-01-17,현대자동차,싼타페(SANTAFE),2021,SUV
2025-01-17,현대자동차,싼타페 하이브리드(SANTAFE HYBRID),2024,SUV
2025-01-17,현대자동차,싼타페 하이브리드(SANTAFE HYBRID),2024,SUV
2025-01-17,기아,쏘렌토,2022,SUV
2025-01-17,기아,니로 하이브리드,2017,SUV
2025-01-20,KG 모빌리티,렉스턴,2024,SUV
2025-01-20,현대자동차,싼타페 하이브리드(SANTAFE HYBRID),2024,SUV
2025-01-20,르노코리아,QM3,2015,SUV
2025-01-20,르노코리아,XM3,2021,SUV
2025-01-20,현대자동차,싼타페 하이브리드(SANTAFE HYBRID),2024,SUV
2025-01-20,기아,니로 하이브리드,2017,SUV
2025-01-20,현대자동차,싼타페 하이브리드(SANTAFE HYBRID),2024,SUV
2025-01-20,기아,쏘렌토,2018,SUV
2025-01-20,현대자동차,팰리세이드(PALISADE),2021,SUV
2025-01-20,KG 모빌리티,렉스턴,2022,SUV
2025-01-21,현대자동차,싼타페 하이브리드(SANTAFE HYBRID),2024,SUV
2025-01-21,르노코리아,KOLEOS Hybrid(콜레오스 하이브리드),2025,SUV
2025-01-21,현대자동차,싼타페 하이브리드(SANTAFE HYBRID),2024,SUV
2025-01-21,르노코리아,KOLEOS Hybrid(콜레오스 하이브리드),2025,SUV
2025-01-21,현대자동차,투싼(TUCSON),2016,SUV
2025-01-21,KG 모빌리티,렉스턴,2022,SUV
2025-01-21,기아,카니발,2021,MPV/미니밴
2025-01-21,현대자동차,싼타페 하이브리드(SANTAFE HYBRID),2024,SUV
2025-01-21,현대자동차,싼타페 하이브리드(SANTAFE HYBRID),2024,SUV
2025-01-21,현대자동차,싼타페 하이브리드(SANTAFE HYBRID),2024,SUV
2025-01-21,현대자동차,싼타페 하이브리드(SANTAFE HYBRID),2024,SUV
2025-01-21,현대자동차,싼타페 하이브리드(SANTAFE HYBRID),2024,SUV
2025-01-21,현대자동차,싼타페 하이브리드(SANTAFE HYBRID),2024,SUV
2025-01-21,현대자동차,싼타페 하이브리드(SANTAFE HYBRID),2024,SUV
2025-01-21,현대자동차,싼타페 하이브리드(SANTAFE HYBRID),2024,SUV
2025-01-22,현대자동차,싼타페 하이브리드(SANTAFE HYBRID),2024,SUV
2025-01-22,현대자동차,싼타페 하이브리드(SANTAFE HYBRID),2024,SUV
2025-01-22,현대자동차,투싼(TUCSON),2021,SUV
2025-01-22,기아,카니발,2021,MPV/미니밴
2025-01-22,현대자동차,싼타페 하이브리드(SANTAFE HYBRID),2024,SUV
2025-01-22,현대자동차,싼타페 하이브리드(SANTAFE HYBRID),2024,SUV
2025-01-22,현대자동차,싼타페 하이브리드(SANTAFE HYBRID),2024,SUV
2025-01-22,기아,쏘렌토,2019,SUV
2025-01-22,현대자동차,팰리세이드(PALISADE),2021,SUV
2025-01-23,현대자동차,싼타페(SANTAFE),2020,SUV
2025-01-23,기아,쏘렌토 하이브리드,2024,SUV
2025-01-23,KG 모빌리티,렉스턴,2021,SUV
2025-01-23,KG 모빌리티,렉스턴,2024,SUV
2025-01-23,현대자동차,스타리아 (STARIA),2022,MPV/미니밴
2025-01-23,KG 모빌리티,렉스턴,2021,SUV
2025-01-23,현대자동차,싼타페 하이브리드(SANTAFE HYBRID),2024,SUV
2025-01-23,현대자동차,싼타페 하이브리드(SANTAFE HYBRID),2024,SUV
2025-01-23,기아,스포티지 하이브리드,2025,SUV
2025-01-24,현대자동차,스타리아 (STARIA),2025,MPV/미니밴
2025-01-24,기아,쏘렌토 하이브리드,2021,SUV
2025-01-24,기아,쏘렌토 하이브리드,2024,SUV
2025-01-24,현대자동차,싼타페 하이브리드(SANTAFE HYBRID),2024,SUV
2025-01-24,기아,쏘렌토 하이브리드,2024,SUV
2025-01-24,현대자동차,싼타페 하이브리드(SANTAFE HYBRID),2024,SUV
2025-01-24,기아,카니발,2021,MPV/미니밴
2025-01-24,기아,쏘렌토 하이브리드,2022,SUV
2025-01-24,현대자동차,싼타페 하이브리드(SANTAFE HYBRID),2024,SUV
2025-01-24,기아,쏘렌토 하이브리드,2024,SUV
2025-01-31,기아,카니발,2021,MPV/미니밴
2025-01-31,현대자동차,코나 하이브리드(KONA HYBRID),2024,SUV
2025-01-31,현대자동차,싼타페 하이브리드(SANTAFE HYBRID),2024,SUV
2025-01-31,KG 모빌리티,렉스턴,2021,SUV
2025-01-31,기아,카니발,2016,MPV/미니밴
2025-01-31,KG 모빌리티,렉스턴스포츠 쿨멘,2024,SUV
2025-01-31,현대자동차,싼타페 하이브리드(SANTAFE HYBRID),2024,SUV
2025-01-31,기아,쏘렌토,2018,SUV
2025-01-31,기아,카니발,2025,MPV/미니밴
2025-01-31,기아,카니발,2021,MPV/미니밴
2025-01-31,기아,쏘렌토,2024,SUV
2025-01-31,현대자동차,팰리세이드(PALISADE),2024,SUV
2025-01-31,KG 모빌리티,티볼리,2020,SUV
2025-01-31,기아,니로 하이브리드,2021,SUV
2025-01-31,현대자동차,팰리세이드(PALISADE),2024,SUV
2025-02-03,기아,카니발,2021,MPV/미니밴
2025-02-03,메르세데스 벤츠,Mercedes-Benz EQB300 4MATIC,2023,SUV
2025-02-03,현대자동차,팰리세이드(PALISADE),2023,SUV
2025-02-03,기아,쏘렌토,2018,SUV
2025-02-03,기아,쏘렌토 하이브리드,2025,SUV
2025-02-03,현대자동차,싼타페 하이브리드(SANTAFE HYBRID),2024,SUV
2025-02-03,현대자동차,싼타페 하이브리드(SANTAFE HYBRID),2025,SUV
2025-02-03,기아,쏘렌토 하이브리드,2024,SUV
2025-02-03,기아,카니발,2021,MPV/미니밴
2025-02-03,현대자동차,싼타페 하이브리드(SANTAFE HYBRID),2024,SUV
2025-02-03,기아,스포티지,2025,SUV
2025-02-03,기아,쏘렌토 하이브리드,2024,SUV
2025-02-04,기아,쏘렌토 하이브리드,2022,SUV
2025-02-04,기아,니로 하이브리드,2018,SUV
2025-02-04,현대자동차,싼타페 하이브리드(SANTAFE HYBRID),2024,SUV
2025-02-04,현대자동차,투싼(TUCSON),2017,SUV
2025-02-04,KG 모빌리티,렉스턴,2024,SUV
2025-02-04,KG 모빌리티,토레스,2023,SUV
2025-02-04,현대자동차,싼타페 하이브리드(SANTAFE HYBRID),2024,SUV
2025-02-04,현대자동차,싼타페 하이브리드(SANTAFE HYBRID),2024,SUV
2025-02-04,현대자동차,싼타페 하이브리드(SANTAFE HYBRID),2024,SUV
2025-02-04,현대자동차,싼타페 하이브리드(SANTAFE HYBRID),2024,SUV
2025-02-04,기아,쏘렌토 하이브리드,2022,SUV
2025-02-04,현대자동차,싼타페 하이브리드(SANTAFE HYBRID),2024,SUV
2025-02-04,기아,카니발 하이브리드,2024,MPV/미니밴
2025-02-04,르노코리아,QM3,2015,SUV
2025-02-04,기아,쏘렌토 하이브리드,2021,SUV
2025-02-04,기아,쏘렌토 하이브리드,2024,SUV
2025-02-04,BMW,BMW X5 xDrive40i,2023,SUV
2025-02-05,르노코리아,KOLEOS Hybrid(콜레오스 하이브리드),2025,SUV
2025-02-05,현대자동차,싼타페 하이브리드(SANTAFE HYBRID),2024,SUV
2025-02-05,현대자동차,싼타페 하이브리드(SANTAFE HYBRID),2025,SUV
2025-02-05,현대자동차,싼타페 하이브리드(SANTAFE HYBRID),2024,SUV
2025-02-05,현대자동차,싼타페 하이브리드(SANTAFE HYBRID),2024,SUV
2025-02-05,KG 모빌리티,렉스턴,2021,SUV
2025-02-05,현대자동차,싼타페 하이브리드(SANTAFE HYBRID),2024,SUV
2025-02-05,현대자동차,싼타페 하이브리드(SANTAFE HYBRID),2024,SUV
2025-02-05,KG 모빌리티,토레스 EVX,2024,SUV
2025-02-05,현대자동차,싼타페 하이브리드(SANTAFE HYBRID),2024,SUV
2025-02-05,현대자동차,싼타페 하이브리드(SANTAFE HYBRID),2024,SUV
2025-02-05,현대자동차,싼타페 하이브리드(SANTAFE HYBRID),2024,SUV
2025-02-05,현대자동차,싼타페 하이브리드(SANTAFE HYBRID),2024,SUV
2025-02-05,현대자동차,팰리세이드(PALISADE),2022,SUV
2025-02-05,기아,카니발,2019,MPV/미니밴
2025-02-05,현대자동차,싼타페 하이브리드(SANTAFE HYBRID),2024,SUV
2025-02-05,기아,쏘렌토 하이브리드,2024,SUV
2025-02-05,현대자동차,싼타페 하이브리드(SANTAFE HYBRID),2024,SUV
2025-02-05,기아,카니발,2022,MPV/미니밴
2025-02-05,기아,모하비,2022,SUV
2025-02-05,기아,스포티지 하이브리드,2025,SUV
2025-02-06,기아,카니발,2022,MPV/미니밴
2025-02-06,현대자동차,싼타페 하이브리드(SANTAFE HYBRID),2024,SUV
2025-02-06,현대자동차,싼타페 하이브리드(SANTAFE HYBRID),2024,SUV
2025-02-06,르노코리아,XM3,2021,SUV
2025-02-06,현대자동차,싼타페 하이브리드(SANTAFE HYBRID),2024,SUV
2025-02-06,현대자동차,싼타페 하이브리드(SANTAFE HYBRID),2024,SUV
2025-02-06,현대자동차,싼타페 하이브리드(SANTAFE HYBRID),2024,SUV
2025-02-06,기아,쏘렌토 하이브리드,2024,SUV
2025-02-06,현대자동차,싼타페 하이브리드(SANTAFE HYBRID),2024,SUV
2025-02-06,현대자동차,싼타페 하이브리드(SANTAFE HYBRID),2024,SUV
2025-02-06,기아,쏘렌토,2021,SUV
2025-02-06,기아,쏘렌토,2025,SUV
2025-02-06,현대자동차,싼타페 하이브리드(SANTAFE HYBRID),2025,SUV
2025-02-06,현대자동차,싼타페 하이브리드(SANTAFE HYBRID),2024,SUV
2025-02-06,기아,쏘렌토 하이브리드,2021,SUV
2025-02-06,현대자동차,싼타페 하이브리드(SANTAFE HYBRID),2024,SUV
2025-02-06,현대자동차,싼타페 하이브리드(SANTAFE HYBRID),2024,SUV
2025-02-06,기아,카니발,2021,MPV/미니밴
2025-02-06,기아,카니발,2021,MPV/미니밴
2025-02-06,KG 모빌리티,렉스턴스포츠 쿨멘 칸,2024,SUV
2025-02-06,현대자동차,싼타페 하이브리드(SANTAFE HYBRID),2024,SUV
2025-02-06,현대자동차,싼타페 하이브리드(SANTAFE HYBRID),2024,SUV
2025-02-06,기아,쏘렌토,2017,SUV
2025-02-06,현대자동차,싼타페 하이브리드(SANTAFE HYBRID),2024,SUV
2025-02-06,현대자동차,싼타페 하이브리드(SANTAFE HYBRID),2025,SUV
2025-02-07,기아,쏘렌토 하이브리드,2022,SUV
2025-02-07,기아,쏘렌토,2015,SUV
2025-02-07,현대자동차,싼타페 하이브리드(SANTAFE HYBRID),2024,SUV
2025-02-07,현대자동차,팰리세이드(PALISADE),2019,SUV
2025-02-07,현대자동차,싼타페 하이브리드(SANTAFE HYBRID),2024,SUV
2025-02-07,KG 모빌리티,렉스턴,2024,SUV
2025-02-07,현대자동차,싼타페 하이브리드(SANTAFE HYBRID),2024,SUV
2025-02-07,현대자동차,싼타페 하이브리드(SANTAFE HYBRID),2024,SUV
2025-02-07,현대자동차,싼타페 하이브리드(SANTAFE HYBRID),2024,SUV
2025-02-07,기아,쏘렌토 하이브리드,2021,SUV
2025-02-07,현대자동차,싼타페(SANTAFE),2024,SUV
2025-02-07,기아,카니발,2021,MPV/미니밴
2025-02-07,현대자동차,싼타페 하이브리드(SANTAFE HYBRID),2024,SUV
2025-02-07,기아,카니발,2021,MPV/미니밴
2025-02-07,르노코리아,QM3,2014,SUV
2025-02-07,기아,쏘렌토 하이브리드,2022,SUV
2025-02-07,기아,카니발,2021,MPV/미니밴
2025-02-07,기아,쏘렌토,2018,SUV
2025-02-07,르노코리아,KOLEOS Hybrid(콜레오스 하이브리드),2025,SUV
2025-02-07,르노코리아,KOLEOS(콜레오스),2025,SUV
2025-02-07,르노코리아,KOLEOS Hybrid(콜레오스 하이브리드),2025,SUV
2025-02-07,현대자동차,그랜드 스타렉스(GRAND STAREX),2015,MPV/미니밴
2025-02-07,르노코리아,KOLEOS Hybrid(콜레오스 하이브리드),2025,SUV
2025-02-10,기아,카니발,2023,MPV/미니밴
2025-02-10,기아,카니발,2021,MPV/미니밴
2025-02-10,기아,카니발,2021,MPV/미니밴
2025-02-10,현대자동차,싼타페 하이브리드(SANTAFE HYBRID),2024,SUV
2025-02-10,현대자동차,싼타페 하이브리드(SANTAFE HYBRID),2024,SUV
2025-02-10,현대자동차,싼타페 하이브리드(SANTAFE HYBRID),2024,SUV
2025-02-10,현대자동차,싼타페 하이브리드(SANTAFE HYBRID),2024,SUV
2025-02-10,현대자동차,싼타페 하이브리드(SANTAFE HYBRID),2024,SUV
2025-02-10,현대자동차,싼타페 하이브리드(SANTAFE HYBRID),2024,SUV
2025-02-10,KG 모빌리티,렉스턴,2021,SUV
2025-02-10,현대자동차,싼타페 하이브리드(SANTAFE HYBRID),2024,SUV
2025-02-10,현대자동차,싼타페 하이브리드(SANTAFE HYBRID),2024,SUV
2025-02-10,기아,쏘렌토 하이브리드,2024,SUV
2025-02-10,현대자동차,싼타페 하이브리드(SANTAFE HYBRID),2024,SUV
2025-02-11,KG 모빌리티,렉스턴스포츠 칸,2024,SUV
2025-02-11,현대자동차,싼타페 하이브리드(SANTAFE HYBRID),2024,SUV
2025-02-11,기아,카니발,2021,MPV/미니밴
2025-02-11,현대자동차,싼타페 하이브리드(SANTAFE HYBRID),2025,SUV
2025-02-11,기아,카니발,2021,MPV/미니밴
2025-02-11,KG 모빌리티,토레스,2023,SUV
2025-02-11,현대자동차,싼타페(SANTAFE),2024,SUV
2025-02-11,현대자동차,싼타페 하이브리드(SANTAFE HYBRID),2024,SUV
2025-02-11,현대자동차,싼타페 하이브리드(SANTAFE HYBRID),2024,SUV
2025-02-11,현대자동차,싼타페 하이브리드(SANTAFE HYBRID),2024,SUV
2025-02-11,현대자동차,싼타페 하이브리드(SANTAFE HYBRID),2024,SUV
2025-02-11,현대자동차,싼타페 하이브리드(SANTAFE HYBRID),2024,SUV
2025-02-11,기아,스포티지,2023,SUV
2025-02-11,현대자동차,싼타페 하이브리드(SANTAFE HYBRID),2024,SUV
2025-02-11,기아,카니발,2021,MPV/미니밴
2025-02-11,현대자동차,싼타페 하이브리드(SANTAFE HYBRID),2024,SUV
2025-02-11,기아,쏘렌토 하이브리드,2024,SUV
2025-02-12,기아,쏘렌토 하이브리드,2024,SUV
2025-02-12,르노코리아,QM6,2020,SUV
2025-02-12,현대자동차,싼타페 하이브리드(SANTAFE HYBRID),2024,SUV
2025-02-12,현대자동차,싼타페 하이브리드(SANTAFE HYBRID),2024,SUV
2025-02-12,현대자동차,싼타페 하이브리드(SANTAFE HYBRID),2024,SUV
2025-02-12,르노코리아,QM3,2015,SUV
2025-02-12,현대자동차,싼타페 하이브리드(SANTAFE HYBRID),2024,SUV
2025-02-12,기아,쏘렌토 하이브리드,2022,SUV
2025-02-12,현대자동차,싼타페 하이브리드(SANTAFE HYBRID),2024,SUV
2025-02-12,기아,쏘렌토 하이브리드,2024,SUV
2025-02-12,현대자동차,싼타페 하이브리드(SANTAFE HYBRID),2025,SUV
2025-02-12,기아,쏘렌토 하이브리드,2024,SUV
2025-02-12,현대자동차,싼타페(SANTAFE),2024,SUV
2025-02-12,현대자동차,싼타페 하이브리드(SANTAFE HYBRID),2024,SUV
2025-02-12,포드,Explorer 2.3 AWD,2018,SUV
2025-02-12,르노코리아,QM3,2017,SUV
2025-02-12,메르세데스 벤츠,Mercedes-Benz EQB300 4MATIC,2023,SUV
2025-02-12,기아,카니발,2025,MPV/미니밴
2025-02-12,기아,쏘렌토 하이브리드,2022,SUV
2025-02-12,기아,카니발,2021,MPV/미니밴
2025-02-12,기아,카니발,2016,MPV/미니밴
2025-02-13,현대자동차,싼타페 하이브리드(SANTAFE HYBRID),2024,SUV
2025-02-13,현대자동차,싼타페 하이브리드(SANTAFE HYBRID),2024,SUV
2025-02-13,현대자동차,싼타페 하이브리드(SANTAFE HYBRID),2024,SUV
2025-02-13,현대자동차,싼타페 하이브리드(SANTAFE HYBRID),2024,SUV
2025-02-13,기아,카니발,2022,MPV/미니밴
2025-02-13,기아,쏘렌토 하이브리드,2021,SUV
2025-02-13,현대자동차,스타리아 HYBRID (STARIA HYBRID),2025,MPV/미니밴
2025-02-13,현대자동차,싼타페 하이브리드(SANTAFE HYBRID),2024,SUV
2025-02-13,현대자동차,싼타페 하이브리드(SANTAFE HYBRID),2024,SUV
2025-02-13,현대자동차,싼타페 하이브리드(SANTAFE HYBRID),2024,SUV
2025-02-13,현대자동차,싼타페 하이브리드(SANTAFE HYBRID),2024,SUV
2025-02-13,현대자동차,팰리세이드(PALISADE),2024,SUV
2025-02-13,현대자동차,싼타페 하이브리드(SANTAFE HYBRID),2024,SUV
2025-02-14,현대자동차,싼타페 하이브리드(SANTAFE HYBRID),2024,SUV
2025-02-14,현대자동차,싼타페 하이브리드(SANTAFE HYBRID),2024,SUV
2025-02-14,현대자동차,싼타페 하이브리드(SANTAFE HYBRID),2024,SUV
2025-02-14,현대자동차,싼타페(SANTAFE),2024,SUV
2025-02-14,KG 모빌리티,토레스,2024,SUV
2025-02-14,현대자동차,싼타페 하이브리드(SANTAFE HYBRID),2024,SUV
2025-02-14,기아,카니발,2021,MPV/미니밴
2025-02-14,기아,카니발,2021,MPV/미니밴
2025-02-14,현대자동차,싼타페 하이브리드(SANTAFE HYBRID),2024,SUV
2025-02-14,현대자동차,싼타페 하이브리드(SANTAFE HYBRID),2024,SUV
2025-02-14,현대자동차,싼타페 하이브리드(SANTAFE HYBRID),2024,SUV
2025-02-14,현대자동차,싼타페 하이브리드(SANTAFE HYBRID),2024,SUV
2025-02-17,기아,쏘렌토 하이브리드,2024,SUV
2025-02-17,현대자동차,싼타페 하이브리드(SANTAFE HYBRID),2024,SUV
2025-02-17,기아,니로 하이브리드,2018,SUV
2025-02-17,메르세데스 벤츠,Mercedes-Benz GLB250 4MATIC,2020,SUV
2025-02-17,현대자동차,싼타페 하이브리드(SANTAFE HYBRID),2024,SUV
2025-02-17,기아,쏘렌토 하이브리드,2024,SUV
2025-02-17,기아,스포티지 하이브리드,2022,SUV
2025-02-17,현대자동차,싼타페 하이브리드(SANTAFE HYBRID),2024,SUV
2025-02-17,기아,카니발,2021,MPV/미니밴
2025-02-17,KG 모빌리티,토레스,2023,SUV
2025-02-17,현대자동차,싼타페 하이브리드(SANTAFE HYBRID),2024,SUV
2025-02-17,현대자동차,싼타페 하이브리드(SANTAFE HYBRID),2024,SUV
2025-02-18,현대자동차,싼타페 하이브리드(SANTAFE HYBRID),2024,SUV
2025-02-18,기아,쏘렌토 하이브리드,2024,SUV
2025-02-18,현대자동차,싼타페 하이브리드(SANTAFE HYBRID),2024,SUV
2025-02-18,기아,쏘렌토 하이브리드,2022,SUV
2025-02-18,기아,카니발,2021,MPV/미니밴
2025-02-18,기아,카니발,2019,MPV/미니밴
2025-02-18,기아,카니발,2023,MPV/미니밴
2025-02-18,기아,카니발,2023,MPV/미니밴
2025-02-18,현대자동차,싼타페 하이브리드(SANTAFE HYBRID),2024,SUV
2025-02-18,현대자동차,싼타페 하이브리드(SANTAFE HYBRID),2024,SUV
2025-02-18,현대자동차,싼타페 하이브리드(SANTAFE HYBRID),2024,SUV
2025-02-18,현대자동차,싼타페 하이브리드(SANTAFE HYBRID),2024,SUV
2025-02-18,현대자동차,싼타페 하이브리드(SANTAFE HYBRID),2024,SUV
2025-02-18,기아,카니발,2016,MPV/미니밴
2025-02-18,현대자동차,싼타페 하이브리드(SANTAFE HYBRID),2024,SUV
2025-02-18,기아,쏘렌토 하이브리드,2024,SUV
2025-02-18,KG 모빌리티,렉스턴,2021,SUV
2025-02-18,현대자동차,싼타페 하이브리드(SANTAFE HYBRID),2024,SUV
2025-02-18,현대자동차,싼타페 하이브리드(SANTAFE HYBRID),2024,SUV
2025-02-19,토요타,토요타 RAV4 Hybrid AWD,2021,SUV
2025-02-19,BMW,BMW X5 xDrive30d,2014,SUV
2025-02-19,기아,쏘렌토,2021,SUV
2025-02-19,기아,카니발,2021,MPV/미니밴
2025-02-19,기아,쏘렌토 하이브리드,2024,SUV
2025-02-19,KG 모빌리티,토레스,2023,SUV
2025-02-19,현대자동차,싼타페 하이브리드(SANTAFE HYBRID),2024,SUV
2025-02-19,현대자동차,팰리세이드(PALISADE),2019,SUV
2025-02-19,기아,스포티지 하이브리드,2025,SUV
2025-02-19,기아,스포티지,2019,SUV
2025-02-19,기아,카니발,2021,MPV/미니밴
2025-02-19,르노코리아,KOLEOS Hybrid(콜레오스 하이브리드),2025,SUV
2025-02-19,기아,쏘렌토 하이브리드,2024,SUV
2025-02-19,현대자동차,투싼 하이브리드(TUCSON HYBRID),2025,SUV
2025-02-19,KG 모빌리티,렉스턴,2024,SUV
2025-02-19,현대자동차,싼타페 하이브리드(SANTAFE HYBRID),2024,SUV
2025-02-20,KG 모빌리티,렉스턴스포츠,2019,SUV
2025-02-20,KG 모빌리티,토레스,2025,SUV
2025-02-20,르노코리아,ARKANA 하이브리드,2025,SUV
2025-02-20,기아,니로 하이브리드,2020,SUV
2025-02-20,기아,쏘렌토,2016,SUV
2025-02-20,현대자동차,투싼 하이브리드(TUCSON HYBRID),2021,SUV
2025-02-20,기아,쏘렌토 하이브리드,2022,SUV
2025-02-20,현대자동차,싼타페 하이브리드(SANTAFE HYBRID),2024,SUV
2025-02-20,기아,니로 하이브리드,2017,SUV
2025-02-21,현대자동차,투싼(TUCSON),2007,SUV
2025-02-21,현대자동차,GV70,2023,SUV
2025-02-21,현대자동차,GV70,2021,SUV
2025-02-21,KG 모빌리티,토레스,2023,SUV
2025-02-21,현대자동차,싼타페 하이브리드(SANTAFE HYBRID),2024,SUV
2025-02-21,기아,쏘렌토,2017,SUV
2025-02-21,현대자동차,싼타페 하이브리드(SANTAFE HYBRID),2024,SUV
2025-02-24,현대자동차,투싼(TUCSON),2013,SUV
2025-02-24,현대자동차,싼타페(SANTAFE),2014,SUV
2025-02-24,르노코리아,XM3,2020,SUV
2025-02-24,기아,카니발,2023,MPV/미니밴
2025-02-24,현대자동차,스타리아 라운지 (STARIA LOUNGE),2022,MPV/미니밴
2025-02-24,기아,쏘렌토 하이브리드,2024,SUV
2025-02-24,현대자동차,GV70,2025,SUV
2025-02-24,기아,쏘렌토 하이브리드,2023,SUV
2025-02-24,KG 모빌리티,렉스턴,2021,SUV
2025-02-25,기아,쏘렌토,2016,SUV
2025-02-25,현대자동차,싼타페 하이브리드(SANTAFE HYBRID),2024,SUV
2025-02-25,현대자동차,팰리세이드(Palisade),2025,SUV
2025-02-25,기아,카니발,2018,MPV/미니밴
2025-02-25,현대자동차,싼타페 하이브리드(SANTAFE HYBRID),2024,SUV
2025-02-25,현대자동차,팰리세이드(PALISADE),2021,SUV
2025-02-25,KG 모빌리티,렉스턴,2021,SUV
2025-02-26,현대자동차,투싼 하이브리드(TUCSON HYBRID),2025,SUV
2025-02-26,기아,쏘렌토 하이브리드,2023,SUV
2025-02-26,KG 모빌리티,렉스턴,2021,SUV
2025-02-26,기아,쏘렌토 하이브리드,2024,SUV
2025-02-26,기아,스포티지 하이브리드,2022,SUV
2025-02-26,기아,스포티지 하이브리드,2024,SUV
2025-02-26,르노코리아,QM6,2017,SUV
2025-02-26,기아,쏘렌토 하이브리드,2024,SUV
2025-02-27,기아,카니발,2021,MPV/미니밴
2025-02-27,기아,쏘렌토,2019,SUV
2025-02-27,기아,카니발,2021,MPV/미니밴
2025-02-27,기아,쏘렌토 하이브리드,2023,SUV
2025-02-27,현대자동차,싼타페 하이브리드(SANTAFE HYBRID),2024,SUV
2025-02-27,기아,쏘렌토 하이브리드,2025,SUV
2025-02-27,기아,쏘렌토 하이브리드,2023,SUV
2025-02-27,기아,니로 하이브리드,2017,SUV
2025-02-28,기아,쏘렌토 하이브리드,2025,SUV
2025-02-28,메르세데스 벤츠,Mercedes-Benz EQA250,2021,SUV
2025-02-28,르노코리아,QM6,2025,SUV
2025-02-28,기아,카니발,2022,MPV/미니밴
2025-02-28,기아,쏘렌토 하이브리드,2025,SUV
2025-02-28,기아,쏘렌토 하이브리드,2022,SUV
2025-02-28,기아,쏘렌토 하이브리드,2025,SUV
2025-02-28,기아,니로 하이브리드,2017,SUV
2025-02-28,KG 모빌리티,렉스턴,2021,SUV
2025-02-28,현대자동차,싼타페 하이브리드(SANTAFE HYBRID),2024,SUV
2025-02-28,KG 모빌리티,G4 렉스턴,2018,SUV
2025-02-28,KG 모빌리티,렉스턴,2022,SUV
2025-02-28,기아,스포티지 하이브리드,2025,SUV
2025-02-28,KG 모빌리티,G4 렉스턴,2018,SUV
2025-02-28,KG 모빌리티,G4 렉스턴,2018,SUV
2025-02-28,KG 모빌리티,렉스턴,2023,SUV
2025-02-28,현대자동차,팰리세이드(PALISADE),2023,SUV
2025-02-28,KG 모빌리티,G4 렉스턴,2018,SUV
2025-02-28,현대자동차,GV70,2021,SUV
2025-02-28,KG 모빌리티,G4 렉스턴,2019,SUV
2025-02-28,KG 모빌리티,G4 렉스턴,2018,SUV
2025-02-28,KG 모빌리티,렉스턴,2021,SUV
2025-02-28,기아,쏘렌토 하이브리드,2025,SUV
2025-02-28,기아,쏘렌토 하이브리드,2024,SUV
2025-02-28,기아,쏘렌토,2018,SUV
2025-02-28,메르세데스 벤츠,Mercedes-Benz EQB300 4MATIC,2024,SUV
2025-03-04,기아,카니발,2021,MPV/미니밴
2025-03-04,기아,스포티지 하이브리드,2022,SUV
2025-03-04,KG 모빌리티,렉스턴스포츠 쿨멘,2024,SUV
2025-03-04,현대자동차,팰리세이드(PALISADE),2021,SUV
2025-03-04,현대자동차,투싼 하이브리드(TUCSON HYBRID),2021,SUV
2025-03-04,현대자동차,팰리세이드(Palisade),2025,SUV
2025-03-04,현대자동차,싼타페 하이브리드(SANTAFE HYBRID),2024,SUV
2025-03-04,KG 모빌리티,토레스,2024,SUV
2025-03-04,기아,쏘렌토,2021,SUV
2025-03-04,기아,카니발,2021,MPV/미니밴
2025-03-04,기아,스포티지,2025,SUV
2025-03-04,KG 모빌리티,렉스턴,2024,SUV
2025-03-04,기아,쏘렌토 하이브리드,2021,SUV
2025-03-04,기아,모하비,2020,SUV
2025-03-04,KG 모빌리티,렉스턴,2024,SUV
2025-03-04,기아,니로 EV,2019,SUV
2025-03-04,현대자동차,싼타페(SANTAFE),2022,SUV
2025-03-04,기아,니로 하이브리드,2024,SUV
2025-03-04,현대자동차,투싼(TUCSON),2023,SUV
2025-03-04,기아,카니발,2021,MPV/미니밴
2025-03-04,토요타,토요타 RAV4 Hybrid AWD,2021,SUV
2025-03-04,기아,쏘렌토 하이브리드,2024,SUV
2025-03-05,기아,쏘렌토 하이브리드,2024,SUV
2025-03-05,현대자동차,GV70,2022,SUV
2025-03-05,현대자동차,GV70,2022,SUV
2025-03-05,현대자동차,GV70,2022,SUV
2025-03-05,현대자동차,GV70,2021,SUV
2025-03-05,현대자동차,싼타페 하이브리드(SANTAFE HYBRID),2025,SUV
2025-03-05,현대자동차,싼타페 하이브리드(SANTAFE HYBRID),2024,SUV
2025-03-05,르노코리아,XM3,2020,SUV
2025-03-05,기아,쏘렌토 하이브리드,2021,SUV
2025-03-05,현대자동차,GV70,2024,SUV
2025-03-05,KG 모빌리티,렉스턴,2021,SUV
2025-03-05,현대자동차,코나(KONA),2024,SUV
2025-03-06,기아,스포티지 하이브리드,2024,SUV
2025-03-06,르노코리아,KOLEOS Hybrid(콜레오스 하이브리드),2025,SUV
2025-03-06,르노코리아,KOLEOS Hybrid(콜레오스 하이브리드),2025,SUV
2025-03-06,르노코리아,KOLEOS Hybrid(콜레오스 하이브리드),2025,SUV
2025-03-06,현대자동차,싼타페(SANTAFE),2019,SUV
2025-03-06,르노코리아,KOLEOS Hybrid(콜레오스 하이브리드),2025,SUV
2025-03-06,르노코리아,KOLEOS Hybrid(콜레오스 하이브리드),2025,SUV
2025-03-06,기아,쏘렌토 하이브리드,2024,SUV
2025-03-06,현대자동차,싼타페(SANTAFE),2013,SUV
2025-03-06,르노코리아,KOLEOS Hybrid(콜레오스 하이브리드),2025,SUV
2025-03-06,르노코리아,KOLEOS Hybrid(콜레오스 하이브리드),2025,SUV
2025-03-06,기아,카니발,2025,MPV/미니밴
2025-03-06,기아,쏘렌토 하이브리드,2025,SUV
2025-03-06,현대자동차,싼타페 하이브리드(SANTAFE HYBRID),2024,SUV
2025-03-06,기아,쏘렌토 하이브리드,2024,SUV
2025-03-06,기아,스포티지,2011,SUV
2025-03-07,현대자동차,GV70,2022,SUV
2025-03-07,기아,쏘렌토,2021,SUV
2025-03-07,현대자동차,싼타페(SANTAFE),2019,SUV
2025-03-07,기아,스포티지,2022,SUV
2025-03-07,르노코리아,KOLEOS Hybrid(콜레오스 하이브리드),2025,SUV
2025-03-07,현대자동차,싼타페 하이브리드(SANTAFE HYBRID),2024,SUV
2025-03-07,현대자동차,싼타페(SANTAFE),2013,SUV
2025-03-07,현대자동차,GV70,2022,SUV
2025-03-07,현대자동차,싼타페 하이브리드(SANTAFE HYBRID),2024,SUV
2025-03-07,르노코리아,KOLEOS Hybrid(콜레오스 하이브리드),2025,SUV
2025-03-07,기아,카니발,2025,MPV/미니밴
2025-03-07,르노코리아,KOLEOS Hybrid(콜레오스 하이브리드),2025,SUV
2025-03-07,르노코리아,KOLEOS Hybrid(콜레오스 하이브리드),2025,SUV
2025-03-07,기아,스포티지 하이브리드,2022,SUV
2025-03-10,기아,쏘렌토 하이브리드,2024,SUV
2025-03-10,현대자동차,싼타페 하이브리드(SANTAFE HYBRID),2024,SUV
2025-03-10,기아,쏘렌토 하이브리드,2025,SUV
2025-03-10,기아,카니발,2021,MPV/미니밴
2025-03-10,현대자동차,싼타페 하이브리드(SANTAFE HYBRID),2025,SUV
2025-03-10,르노코리아,KOLEOS Hybrid(콜레오스 하이브리드),2025,SUV
2025-03-10,기아,스포티지 하이브리드,2022,SUV
2025-03-10,르노코리아,KOLEOS Hybrid(콜레오스 하이브리드),2025,SUV
2025-03-10,르노코리아,KOLEOS Hybrid(콜레오스 하이브리드),2025,SUV
2025-03-10,르노코리아,KOLEOS Hybrid(콜레오스 하이브리드),2025,SUV
2025-03-10,르노코리아,KOLEOS Hybrid(콜레오스 하이브리드),2025,SUV
2025-03-10,르노코리아,KOLEOS Hybrid(콜레오스 하이브리드),2025,SUV
2025-03-10,기아,스포티지 하이브리드,2022,SUV
2025-03-11,KG 모빌리티,렉스턴,2021,SUV
2025-03-11,기아,카니발,2021,MPV/미니밴
2025-03-11,기아,스포티지,2025,SUV
2025-03-11,기아,스포티지,2025,SUV
2025-03-11,르노코리아,KOLEOS Hybrid(콜레오스 하이브리드),2025,SUV
2025-03-11,기아,쏘렌토 하이브리드,2024,SUV
2025-03-11,현대자동차,GV70,2022,SUV
2025-03-11,기아,니로 플러스,2023,SUV
2025-03-11,현대자동차,싼타페(SANTAFE),2024,SUV
2025-03-11,르노코리아,KOLEOS Hybrid(콜레오스 하이브리드),2025,SUV
2025-03-11,르노코리아,KOLEOS Hybrid(콜레오스 하이브리드),2025,SUV
2025-03-12,르노코리아,KOLEOS Hybrid(콜레오스 하이브리드),2025,SUV
2025-03-12,현대자동차,GV70,2023,SUV
2025-03-12,기아,카니발,2021,MPV/미니밴
2025-03-12,현대자동차,싼타페 하이브리드(SANTAFE HYBRID),2024,SUV
2025-03-12,기아,쏘렌토 하이브리드,2022,SUV
2025-03-12,현대자동차,팰리세이드(PALISADE),2021,SUV
2025-03-12,현대자동차,팰리세이드(PALISADE),2022,SUV
2025-03-12,기아,쏘렌토 하이브리드,2021,SUV
2025-03-12,현대자동차,싼타페 하이브리드(SANTAFE HYBRID),2024,SUV
2025-03-12,현대자동차,팰리세이드(PALISADE),2022,SUV
2025-03-13,기아,카니발,2021,MPV/미니밴
2025-03-13,기아,스포티지,2025,SUV
2025-03-13,기아,스포티지,2024,SUV
2025-03-13,현대자동차,싼타페 하이브리드(SANTAFE HYBRID),2025,SUV
2025-03-13,현대자동차,투싼 하이브리드(TUCSON HYBRID),2024,SUV
2025-03-13,르노코리아,KOLEOS Hybrid(콜레오스 하이브리드),2025,SUV
2025-03-13,기아,카니발,2025,MPV/미니밴
2025-03-13,기아,스포티지 하이브리드,2022,SUV
2025-03-14,기아,카니발,2022,MPV/미니밴
2025-03-14,기아,스포티지,2022,SUV
2025-03-14,현대자동차,팰리세이드(PALISADE),2024,SUV
2025-03-14,기아,니로 하이브리드,2017,SUV
2025-03-17,현대자동차,GV70,2022,SUV
2025-03-17,현대자동차,팰리세이드(PALISADE),2021,SUV
2025-03-17,현대자동차,싼타페(SANTAFE),2016,SUV
2025-03-17,기아,쏘렌토,2021,SUV
2025-03-17,재규어랜드로버,재규어 I-PACE EV400,2020,SUV
2025-03-17,르노코리아,XM3,2020,SUV
2025-03-17,르노코리아,KOLEOS (콜레오스),2025,SUV
2025-03-17,현대자동차,팰리세이드(Palisade),2025,SUV
2025-03-17,현대자동차,팰리세이드(Palisade),2025,SUV
2025-03-17,현대자동차,코나(KONA),2025,SUV
2025-03-17,기아,카니발,2025,MPV/미니밴
2025-03-18,현대자동차,투싼(TUCSON),2017,SUV
2025-03-18,기아,카렌스,2014,MPV/미니밴
2025-03-18,르노코리아,KOLEOS Hybrid(콜레오스 하이브리드),2025,SUV
2025-03-19,기아,카니발,2023,MPV/미니밴
2025-03-19,기아,니로 EV,2019,SUV
2025-03-19,KG 모빌리티,렉스턴,2023,SUV
2025-03-19,르노코리아,QM3,2015,SUV
2025-03-19,르노코리아,QM3,2015,SUV
2025-03-20,르노코리아,KOLEOS Hybrid(콜레오스 하이브리드),2025,SUV
2025-03-20,KG 모빌리티,렉스턴,2024,SUV
2025-03-20,현대자동차,싼타페 하이브리드(SANTAFE HYBRID),2024,SUV
2025-03-20,현대자동차,싼타페 하이브리드(SANTAFE HYBRID),2024,SUV
2025-03-20,현대자동차,싼타페 하이브리드(SANTAFE HYBRID),2024,SUV
2025-03-20,르노코리아,KOLEOS Hybrid(콜레오스 하이브리드),2025,SUV
2025-03-20,르노코리아,KOLEOS Hybrid(콜레오스 하이브리드),2025,SUV
2025-03-20,기아,쏘렌토 하이브리드,2024,SUV
2025-03-20,기아,스포티지,2025,SUV
2025-03-21,KG 모빌리티,토레스 EVX,2024,SUV
2025-03-21,기아,쏘렌토 하이브리드,2024,SUV
2025-03-21,현대자동차,팰리세이드(Palisade),2025,SUV
2025-03-21,현대자동차,팰리세이드(Palisade),2025,SUV
2025-03-21,기아,카니발,2021,MPV/미니밴
2025-03-24,현대자동차,싼타페 하이브리드(SANTAFE HYBRID),2024,SUV
2025-03-24,현대자동차,코나(KONA),2023,SUV
2025-03-24,르노코리아,KOLEOS Hybrid(콜레오스 하이브리드),2025,SUV
2025-03-24,현대자동차,코나 하이브리드(KONA HYBRID),2023,SUV
2025-03-24,기아,카니발,2021,MPV/미니밴
2025-03-25,포드,Explorer 2.3,2020,SUV
2025-03-25,포드,Explorer 2.3,2020,SUV
2025-03-25,기아,쏘렌토 하이브리드,2021,SUV
2025-03-25,기아,카니발,2021,MPV/미니밴
2025-03-25,현대자동차,싼타페 하이브리드(SANTAFE HYBRID),2024,SUV
2025-03-25,현대자동차,GV70,2022,SUV
2025-03-25,KG 모빌리티,렉스턴스포츠 칸,2022,SUV
2025-03-25,현대자동차,싼타페 하이브리드(SANTAFE HYBRID),2024,SUV
2025-03-25,KG 모빌리티,토레스,2023,SUV
2025-03-26,포드,Explorer 2.3,2020,SUV
2025-03-26,현대자동차,투싼(TUCSON),2020,SUV
2025-03-26,KG 모빌리티,토레스 EVX,2024,SUV
2025-03-27,포드,Explorer 2.3L,2022,SUV
2025-03-27,기아,카니발,2021,MPV/미니밴
2025-03-27,기아,카니발,2021,MPV/미니밴
2025-03-27,메르세데스 벤츠,Mercedes-Benz EQA250,2021,SUV
2025-03-27,기아,쏘렌토,2019,SUV
2025-03-27,포드,Explorer 2.3,2020,SUV
2025-03-28,현대자동차,싼타페 하이브리드(SANTAFE HYBRID),2024,SUV
2025-03-28,현대자동차,코나 일렉트릭 (KONA ELECTRIC),2020,SUV
2025-03-28,현대자동차,싼타페 하이브리드(SANTAFE HYBRID),2025,SUV
2025-03-28,기아,쏘렌토 하이브리드,2025,SUV
2025-03-28,기아,쏘렌토,2023,SUV
2025-03-28,현대자동차,GV80,2020,SUV
2025-03-28,현대자동차,싼타페(SANTAFE),2015,SUV
2025-03-28,기아,카니발,2024,MPV/미니밴
2025-03-31,기아,쏘렌토,2017,SUV
2025-03-31,기아,니로 플러스,2023,SUV
2025-03-31,기아,스포티지,2025,SUV
2025-03-31,기아,카니발,2021,MPV/미니밴
2025-03-31,기아,니로 EV,2022,SUV
2025-03-31,현대자동차,싼타페 하이브리드(SANTAFE HYBRID),2024,SUV
2025-03-31,현대자동차,코나 하이브리드(KONA HYBRID),2020,SUV
2025-03-31,현대자동차,싼타페 하이브리드(SANTAFE HYBRID),2024,SUV
2025-04-01,기아,니로 하이브리드,2022,SUV
2025-04-01,기아,스포티지,2025,SUV
2025-04-01,현대자동차,싼타페 하이브리드(SANTAFE HYBRID),2025,SUV
2025-04-01,기아,스포티지,2025,SUV
2025-04-01,르노코리아,KOLEOS Hybrid(콜레오스 하이브리드),2025,SUV
2025-04-01,기아,니로 하이브리드,2022,SUV
2025-04-02,포드,Explorer 2.3,2020,SUV
2025-04-02,포드,Explorer 2.3,2020,SUV
2025-04-02,르노코리아,KOLEOS Hybrid(콜레오스 하이브리드),2025,SUV
2025-04-02,기아,쏘렌토 하이브리드,2022,SUV
2025-04-02,볼보,볼보 XC90D5 AWD,2019,SUV
2025-04-02,포드,Explorer 2.3,2020,SUV
2025-04-02,포드,Explorer 2.3,2020,SUV
2025-04-02,포드,Explorer 2.3,2020,SUV
2025-04-02,포드,Explorer 2.3,2021,SUV
2025-04-02,현대자동차,투싼(TUCSON),2021,SUV
2025-04-03,기아,카니발,2025,MPV/미니밴
2025-04-03,KG 모빌리티,렉스턴스포츠 칸,2022,SUV
2025-04-03,기아,니로 EV,2022,SUV
2025-04-03,KG 모빌리티,토레스,2025,SUV
2025-04-03,기아,쏘렌토 하이브리드,2021,SUV
2025-04-03,포드,Explorer 2.3,2021,SUV
2025-04-04,기아,쏘렌토 하이브리드,2025,SUV
2025-04-04,기아,쏘렌토,2018,SUV
2025-04-04,현대자동차,투싼(TUCSON),2017,SUV
2025-04-04,현대자동차,투싼 하이브리드(TUCSON HYBRID),2024,SUV
2025-04-07,기아,니로 하이브리드,2020,SUV
2025-04-07,기아,카니발,2021,MPV/미니밴
2025-04-07,현대자동차,GV70,2025,SUV
2025-04-07,기아,쏘렌토 하이브리드,2024,SUV
2025-04-07,기아,쏘렌토 하이브리드,2025,SUV
2025-04-07,기아,쏘렌토 하이브리드,2025,SUV
2025-04-07,현대자동차,스타리아 (STARIA),2023,MPV/미니밴
2025-04-07,현대자동차,팰리세이드(PALISADE),2021,SUV
2025-04-07,기아,쏘렌토 하이브리드,2023,SUV
2025-04-08,현대자동차,팰리세이드(PALISADE),2021,SUV
2025-04-08,기아,쏘렌토 하이브리드,2025,SUV
2025-04-08,기아,쏘렌토 하이브리드,2022,SUV
2025-04-08,현대자동차,싼타페 하이브리드(SANTAFE HYBRID),2025,SUV
2025-04-08,기아,쏘렌토 하이브리드,2021,SUV
2025-04-09,현대자동차,싼타페(SANTAFE),2019,SUV
2025-04-09,기아,쏘렌토 하이브리드,2025,SUV
2025-04-09,현대자동차,팰리세이드(PALISADE),2022,SUV
2025-04-09,포드,Explorer 2.3,2020,SUV
2025-04-09,기아,쏘렌토 하이브리드,2022,SUV
2025-04-09,기아,쏘렌토,2021,SUV
2025-04-09,기아,쏘렌토,2021,SUV
2025-04-10,현대자동차,팰리세이드(PALISADE),2019,SUV
2025-04-10,르노코리아,XM3,2022,SUV
2025-04-10,기아,스포티지 하이브리드,2023,SUV
2025-04-10,기아,쏘렌토,2018,SUV
2025-04-11,현대자동차,그랜드 스타렉스(GRAND STAREX),2021,MPV/미니밴
2025-04-11,포드,Explorer 2.3,2021,SUV
2025-04-11,포드,Explorer 2.3,2021,SUV
2025-04-14,기아,스포티지,2023,SUV
2025-04-14,KG 모빌리티,렉스턴스포츠 칸,2020,SUV
2025-04-14,현대자동차,싼타페 하이브리드(SANTAFE HYBRID),2025,SUV
2025-04-14,기아,스포티지,2025,SUV
2025-04-15,현대자동차,팰리세이드(Palisade),2025,SUV
2025-04-15,현대자동차,팰리세이드(Palisade),2025,SUV
2025-04-15,현대자동차,팰리세이드(Palisade),2025,SUV
2025-04-15,기아,니로 하이브리드,2023,SUV
2025-04-15,현대자동차,팰리세이드(Palisade),2025,SUV
2025-04-15,현대자동차,팰리세이드(Palisade),2025,SUV
2025-04-15,현대자동차,팰리세이드(Palisade),2025,SUV
2025-04-15,현대자동차,싼타페 하이브리드(SANTAFE HYBRID),2023,SUV
2025-04-15,현대자동차,팰리세이드(Palisade),2025,SUV
2025-04-15,현대자동차,팰리세이드(Palisade),2025,SUV
2025-04-15,현대자동차,팰리세이드(Palisade),2025,SUV
2025-04-15,현대자동차,팰리세이드(Palisade),2025,SUV
2025-04-15,현대자동차,팰리세이드(Palisade),2025,SUV
2025-04-15,기아,쏘렌토 하이브리드,2021,SUV
2025-04-15,현대자동차,팰리세이드(PALISADE),2023,SUV
2025-04-15,기아,쏘렌토 하이브리드,2022,SUV
2025-04-15,BMW,BMW X5 xDrive40i,2023,SUV
2025-04-16,KG 모빌리티,렉스턴스포츠 칸,2022,SUV
2025-04-16,기아,쏘렌토,2022,SUV
2025-04-16,현대자동차,싼타페(SANTAFE),2021,SUV
2025-04-16,현대자동차,팰리세이드(Palisade),2025,SUV
2025-04-16,르노코리아,KOLEOS Hybrid(콜레오스 하이브리드),2025,SUV
2025-04-16,현대자동차,싼타페(SANTAFE),2014,SUV
2025-04-16,현대자동차,팰리세이드(Palisade),2025,SUV
2025-04-16,기아,쏘렌토 하이브리드,2024,SUV
2025-04-16,기아,쏘렌토 하이브리드,2025,SUV
2025-04-16,현대자동차,팰리세이드(Palisade),2025,SUV
2025-04-16,현대자동차,팰리세이드(Palisade),2025,SUV
2025-04-16,기아,쏘렌토 하이브리드,2025,SUV
2025-04-16,현대자동차,팰리세이드(Palisade),2025,SUV
2025-04-16,기아,카니발,2018,MPV/미니밴
2025-04-16,현대자동차,팰리세이드(Palisade),2025,SUV
2025-04-16,기아,쏘렌토 하이브리드,2025,SUV
2025-04-16,기아,카니발,2018,MPV/미니밴
2025-04-16,현대자동차,팰리세이드(Palisade),2025,SUV
2025-04-16,현대자동차,팰리세이드(Palisade),2025,SUV
2025-04-16,현대자동차,팰리세이드(PALISADE),2019,SUV
2025-04-16,현대자동차,팰리세이드(Palisade),2025,SUV
2025-04-17,기아,쏘렌토,2025,SUV
2025-04-17,기아,쏘렌토 하이브리드,2021,SUV
2025-04-17,기아,카니발,2021,MPV/미니밴
2025-04-17,현대자동차,팰리세이드(Palisade),2025,SUV
2025-04-17,현대자동차,팰리세이드(Palisade),2025,SUV
2025-04-17,르노코리아,QM6,2025,SUV
2025-04-17,르노코리아,QM6,2025,SUV
2025-04-18,현대자동차,팰리세이드(Palisade),2025,SUV
2025-04-18,현대자동차,팰리세이드(Palisade),2025,SUV
2025-04-18,현대자동차,팰리세이드(Palisade),2025,SUV
2025-04-18,기아,니로 EV,2021,SUV
2025-04-18,현대자동차,싼타페(SANTAFE),2024,SUV
2025-04-18,기아,스포티지,2023,SUV
2025-04-18,현대자동차,투싼(TUCSON),2016,SUV
2025-04-18,기아,쏘렌토,2016,SUV
2025-04-18,현대자동차,팰리세이드(Palisade),2025,SUV
2025-04-18,현대자동차,팰리세이드(Palisade),2025,SUV
2025-04-18,현대자동차,팰리세이드(Palisade),2025,SUV
2025-04-18,기아,쏘렌토 하이브리드,2025,SUV
2025-04-18,현대자동차,팰리세이드(Palisade),2025,SUV
2025-04-21,기아,카니발,2021,MPV/미니밴
2025-04-21,KG 모빌리티,토레스 EVX,2024,SUV
2025-04-21,현대자동차,싼타페 하이브리드(SANTAFE HYBRID),2025,SUV
2025-04-21,BMW,BMW X5 xDrive30d,2017,SUV
2025-04-21,현대자동차,팰리세이드(Palisade),2025,SUV
2025-04-21,현대자동차,팰리세이드(Palisade),2025,SUV
2025-04-21,기아,쏘렌토,2021,SUV
2025-04-21,현대자동차,팰리세이드(Palisade),2025,SUV
2025-04-21,르노코리아,ARKANA,2025,SUV
2025-04-22,KG 모빌리티,토레스 EVX,2024,SUV
2025-04-22,KG 모빌리티,렉스턴스포츠 칸,2022,SUV
2025-04-22,현대자동차,팰리세이드(Palisade),2025,SUV
2025-04-22,KG 모빌리티,토레스 EVX,2024,SUV
2025-04-22,기아,카니발,2021,MPV/미니밴
2025-04-22,KG 모빌리티,토레스 EVX,2024,SUV
2025-04-22,KG 모빌리티,토레스 EVX,2024,SUV
2025-04-22,KG 모빌리티,토레스 EVX,2024,SUV
2025-04-22,KG 모빌리티,토레스 EVX,2024,SUV
2025-04-22,KG 모빌리티,토레스 EVX,2024,SUV
2025-04-22,KG 모빌리티,토레스 EVX,2024,SUV
2025-04-22,KG 모빌리티,토레스 EVX,2024,SUV
2025-04-22,기아,쏘렌토 하이브리드,2025,SUV
2025-04-22,KG 모빌리티,토레스 EVX,2024,SUV
2025-04-22,KG 모빌리티,토레스 EVX,2024,SUV
2025-04-22,KG 모빌리티,토레스 EVX,2024,SUV
2025-04-22,현대자동차,싼타페(SANTAFE),2013,SUV
2025-04-22,현대자동차,팰리세이드(Palisade),2025,SUV
2025-04-23,기아,쏘렌토 하이브리드,2022,SUV
2025-04-23,현대자동차,팰리세이드(Palisade),2025,SUV
2025-04-23,기아,쏘렌토 하이브리드,2022,SUV
2025-04-23,포드,Explorer 2.3,2020,SUV
2025-04-23,기아,니로 하이브리드,2020,SUV
2025-04-23,현대자동차,싼타페(SANTAFE),2013,SUV
2025-04-23,현대자동차,팰리세이드(PALISADE),2019,SUV
2025-04-23,현대자동차,팰리세이드(PALISADE),2026,SUV
2025-04-23,르노코리아,KOLEOS Hybrid(콜레오스 하이브리드),2025,SUV
2025-04-23,기아,카니발,2021,MPV/미니밴
2025-04-23,현대자동차,팰리세이드(Palisade),2025,SUV
2025-04-24,현대자동차,투싼 하이브리드(TUCSON HYBRID),2021,SUV
2025-04-24,르노코리아,QM6,2018,SUV
2025-04-24,기아,카니발,2021,MPV/미니밴
2025-04-24,기아,쏘렌토,2018,SUV
2025-04-24,현대자동차,투싼(TUCSON),2019,SUV
2025-04-25,현대자동차,팰리세이드(Palisade),2025,SUV
2025-04-25,KG 모빌리티,토레스 EVX,2024,SUV
2025-04-25,KG 모빌리티,토레스 EVX,2024,SUV
2025-04-28,기아,쏘렌토 하이브리드,2025,SUV
2025-04-28,르노코리아,KOLEOS Hybrid(콜레오스 하이브리드),2025,SUV
2025-04-28,현대자동차,팰리세이드(Palisade),2025,SUV
2025-04-28,현대자동차,팰리세이드(Palisade),2025,SUV
2025-04-28,KG 모빌리티,토레스 EVX,2024,SUV
2025-04-28,기아,스포티지 하이브리드,2023,SUV
2025-04-29,기아,쏘렌토,2017,SUV
2025-04-29,기아,카니발,2021,MPV/미니밴
2025-04-29,르노코리아,KOLEOS Hybrid(콜레오스 하이브리드),2025,SUV
2025-04-29,기아,카니발,2021,MPV/미니밴
2025-04-29,KG 모빌리티,토레스,2023,SUV
2025-04-29,현대자동차,팰리세이드(Palisade),2025,SUV
2025-04-29,현대자동차,팰리세이드(PALISADE),2021,SUV
2025-04-30,기아,쏘렌토 하이브리드,2022,SUV
2025-04-30,현대자동차,코나 하이브리드(KONA HYBRID),2023,SUV
2025-04-30,KG 모빌리티,렉스턴,2021,SUV
2025-04-30,기아,스포티지,2017,SUV
2025-04-30,KG 모빌리티,토레스,2023,SUV
2025-04-30,현대자동차,싼타페 하이브리드(SANTAFE HYBRID),2025,SUV
2025-05-02,기아,니로 플러스,2023,SUV
2025-05-02,KG 모빌리티,토레스 EVX,2024,SUV
2025-05-02,KG 모빌리티,토레스 EVX,2024,SUV
2025-05-02,KG 모빌리티,토레스 EVX,2024,SUV
2025-05-02,KG 모빌리티,토레스 EVX,2024,SUV
2025-05-02,KG 모빌리티,토레스 EVX,2024,SUV
2025-05-02,현대자동차,GV70,2021,SUV
2025-05-02,KG 모빌리티,토레스 EVX,2024,SUV
2025-05-02,KG 모빌리티,토레스 EVX,2024,SUV
2025-05-02,KG 모빌리티,토레스 EVX,2025,SUV
2025-05-02,KG 모빌리티,토레스 EVX,2024,SUV
2025-05-02,KG 모빌리티,토레스 EVX,2024,SUV
2025-05-02,KG 모빌리티,토레스 EVX,2024,SUV
2025-05-02,현대자동차,팰리세이드(Palisade),2025,SUV
2025-05-02,KG 모빌리티,토레스 EVX,2024,SUV
2025-05-02,KG 모빌리티,토레스 EVX,2024,SUV
2025-05-02,KG 모빌리티,토레스 EVX,2024,SUV
2025-05-02,KG 모빌리티,토레스 EVX,2024,SUV
2025-05-02,KG 모빌리티,토레스 EVX,2024,SUV
2025-05-02,KG 모빌리티,토레스 EVX,2024,SUV
2025-05-02,KG 모빌리티,토레스 EVX,2024,SUV
2025-05-02,KG 모빌리티,토레스 EVX,2024,SUV
2025-05-02,KG 모빌리티,토레스 EVX,2024,SUV
2025-05-02,기아,쏘렌토 하이브리드,2022,SUV
2025-05-02,기아,카니발,2021,MPV/미니밴
2025-05-02,KG 모빌리티,토레스 EVX,2024,SUV
2025-05-02,KG 모빌리티,렉스턴스포츠,2025,SUV
2025-05-02,기아,카니발,2021,MPV/미니밴
2025-05-07,KG 모빌리티,토레스 EVX,2024,SUV
2025-05-07,KG 모빌리티,토레스 EVX,2024,SUV
2025-05-07,KG 모빌리티,토레스 EVX,2024,SUV
2025-05-07,KG 모빌리티,토레스 EVX,2024,SUV
2025-05-07,KG 모빌리티,토레스 EVX,2024,SUV
2025-05-07,KG 모빌리티,토레스 EVX,2024,SUV
2025-05-07,KG 모빌리티,토레스 EVX,2024,SUV
2025-05-07,KG 모빌리티,토레스 EVX,2025,SUV
2025-05-07,KG 모빌리티,토레스 EVX,2024,SUV
2025-05-07,KG 모빌리티,토레스 EVX,2024,SUV
2025-05-07,KG 모빌리티,토레스 EVX,2024,SUV
2025-05-07,KG 모빌리티,토레스 EVX,2024,SUV
2025-05-07,KG 모빌리티,토레스 EVX,2024,SUV
2025-05-07,KG 모빌리티,토레스 EVX,2024,SUV
2025-05-07,KG 모빌리티,토레스 EVX,2024,SUV
2025-05-07,KG 모빌리티,토레스 EVX,2024,SUV
2025-05-07,KG 모빌리티,토레스 EVX,2024,SUV
2025-05-07,KG 모빌리티,토레스 EVX,2024,SUV
2025-05-07,KG 모빌리티,토레스 EVX,2024,SUV
2025-05-07,KG 모빌리티,토레스 EVX,2025,SUV
2025-05-07,KG 모빌리티,토레스 EVX,2024,SUV
2025-05-07,KG 모빌리티,토레스 EVX,2024,SUV
2025-05-07,KG 모빌리티,토레스 EVX,2024,SUV
2025-05-07,르노코리아,KOLEOS (콜레오스),2025,SUV
2025-05-07,KG 모빌리티,토레스 EVX,2024,SUV
2025-05-07,현대자동차,싼타페 하이브리드(SANTAFE HYBRID),2024,SUV
2025-05-07,KG 모빌리티,토레스 EVX,2024,SUV
2025-05-07,기아,스포티지,2023,SUV
2025-05-07,현대자동차,팰리세이드(Palisade),2025,SUV
2025-05-07,기아,쏘렌토,2021,SUV
2025-05-07,KG 모빌리티,토레스 EVX,2024,SUV
2025-05-07,기아,카니발 하이브리드,2025,MPV/미니밴
2025-05-07,KG 모빌리티,토레스 EVX,2024,SUV
2025-05-07,KG 모빌리티,토레스 EVX,2024,SUV
2025-05-07,KG 모빌리티,토레스 EVX,2024,SUV
2025-05-07,KG 모빌리티,토레스 EVX,2024,SUV
2025-05-07,기아,쏘렌토,2018,SUV
2025-05-08,현대자동차,투싼(TUCSON),2018,SUV
2025-05-08,KG 모빌리티,토레스 EVX,2024,SUV
2025-05-08,KG 모빌리티,토레스 EVX,2024,SUV
2025-05-08,KG 모빌리티,토레스 EVX,2024,SUV
2025-05-08,기아,스포티지,2025,SUV
2025-05-08,KG 모빌리티,토레스 EVX,2024,SUV
2025-05-08,KG 모빌리티,토레스 EVX,2024,SUV
2025-05-08,현대자동차,투싼 하이브리드(TUCSON HYBRID),2021,SUV
2025-05-08,KG 모빌리티,토레스 EVX,2024,SUV
2025-05-08,KG 모빌리티,토레스 EVX,2024,SUV
2025-05-08,KG 모빌리티,토레스 EVX,2024,SUV
2025-05-08,KG 모빌리티,토레스 EVX,2024,SUV
2025-05-08,KG 모빌리티,토레스 EVX,2024,SUV
2025-05-08,KG 모빌리티,토레스 EVX,2024,SUV
2025-05-08,KG 모빌리티,토레스 EVX,2024,SUV
2025-05-08,KG 모빌리티,토레스 EVX,2024,SUV
2025-05-08,KG 모빌리티,토레스 EVX,2024,SUV
2025-05-08,르노코리아,XM3,2022,SUV
2025-05-08,KG 모빌리티,토레스 EVX,2024,SUV
2025-05-08,현대자동차,팰리세이드(PALISADE),2021,SUV
2025-05-08,KG 모빌리티,토레스 EVX,2024,SUV
2025-05-08,KG 모빌리티,토레스 EVX,2024,SUV
2025-05-08,KG 모빌리티,토레스 EVX,2024,SUV
2025-05-08,KG 모빌리티,토레스 EVX,2024,SUV
2025-05-08,KG 모빌리티,토레스 EVX,2024,SUV
2025-05-08,KG 모빌리티,토레스 EVX,2024,SUV
2025-05-08,KG 모빌리티,토레스 EVX,2024,SUV
2025-05-08,기아,쏘렌토 하이브리드,2021,SUV
2025-05-08,현대자동차,팰리세이드(PALISADE),2026,SUV
2025-05-09,KG 모빌리티,토레스 EVX,2024,SUV
2025-05-09,현대자동차,싼타페 하이브리드(SANTAFE HYBRID),2025,SUV
2025-05-09,현대자동차,싼타페 하이브리드(SANTAFE HYBRID),2025,SUV
2025-05-09,기아,카니발 하이브리드,2024,MPV/미니밴
2025-05-09,기아,스포티지,2018,SUV
2025-05-09,기아,니로 EV,2022,SUV
2025-05-09,현대자동차,팰리세이드(PALISADE),2026,SUV
2025-05-09,현대자동차,투싼(TUCSON),2019,SUV
2025-05-09,KG 모빌리티,토레스 EVX,2024,SUV
2025-05-09,KG 모빌리티,토레스 EVX,2024,SUV
2025-05-09,KG 모빌리티,토레스 EVX,2024,SUV
2025-05-09,KG 모빌리티,토레스 EVX,2024,SUV
2025-05-09,KG 모빌리티,토레스 EVX,2024,SUV
2025-05-12,현대자동차,팰리세이드 하이브리드(PALISADE HYBRID),2026,SUV
2025-05-12,현대자동차,싼타페 하이브리드(SANTAFE HYBRID),2023,SUV
2025-05-12,현대자동차,코나 일렉트릭(KONA Electric),2025,SUV
2025-05-12,KG 모빌리티,토레스 EVX,2024,SUV
2025-05-12,기아,쏘렌토,2018,SUV
2025-05-12,현대자동차,팰리세이드(PALISADE),2021,SUV
2025-05-12,KG 모빌리티,토레스 EVX,2024,SUV
2025-05-12,기아,니로 플러스,2023,SUV
2025-05-12,기아,카니발,2022,MPV/미니밴
2025-05-12,재규어랜드로버,재규어 F-PACE 20d AWD,2019,SUV
2025-05-12,KG 모빌리티,토레스 EVX,2024,SUV
2025-05-12,기아,카니발,2021,MPV/미니밴
2025-05-12,기아,카니발,2021,MPV/미니밴
2025-05-12,기아,카니발,2023,MPV/미니밴
2025-05-13,현대자동차,코나 일렉트릭 (KONA ELECTRIC),2019,SUV
2025-05-13,기아,카니발 하이브리드,2024,MPV/미니밴
2025-05-13,현대자동차,GV70,2025,SUV
2025-05-13,기아,쏘렌토,2021,SUV
2025-05-13,기아,니로 하이브리드,2022,SUV
2025-05-13,현대자동차,코나(KONA),2024,SUV
2025-05-13,현대자동차,GV80,2020,SUV
2025-05-13,현대자동차,코나(KONA),2025,SUV
2025-05-14,기아,카니발,2021,MPV/미니밴
2025-05-14,현대자동차,팰리세이드(Palisade),2025,SUV
2025-05-14,기아,카니발,2022,MPV/미니밴
2025-05-14,BMW,BMW X5 xDrive40d,2016,SUV
2025-05-14,현대자동차,GV70,2021,SUV
2025-05-14,기아,쏘렌토,2018,SUV
2025-05-14,현대자동차,팰리세이드(PALISADE),2020,SUV
2025-05-14,KG 모빌리티,토레스 EVX,2024,SUV
2025-05-14,KG 모빌리티,토레스 EVX,2024,SUV
2025-05-15,기아,카니발,2019,MPV/미니밴
2025-05-15,현대자동차,GV80,2020,SUV
2025-05-15,기아,카니발,2022,MPV/미니밴
2025-05-15,르노코리아,QM6,2019,SUV
2025-05-15,현대자동차,투싼 하이브리드(TUCSON HYBRID),2021,SUV
2025-05-15,KG 모빌리티,토레스 EVX,2024,SUV
2025-05-15,KG 모빌리티,토레스 EVX,2024,SUV
2025-05-16,기아,카니발 하이브리드,2025,MPV/미니밴
2025-05-16,기아,카니발,2021,MPV/미니밴
2025-05-16,기아,카니발,2021,MPV/미니밴
2025-05-16,현대자동차,팰리세이드(Palisade),2025,SUV
2025-05-16,기아,카니발 하이브리드,2025,MPV/미니밴
2025-05-16,KG 모빌리티,토레스 EVX,2024,SUV
2025-05-16,현대자동차,팰리세이드 하이브리드(PALISADE HYBRID),2026,SUV
2025-05-19,현대자동차,싼타페 하이브리드(SANTAFE HYBRID),2024,SUV
2025-05-19,기아,쏘렌토,2015,SUV
2025-05-19,현대자동차,싼타페 하이브리드(SANTAFE HYBRID),2024,SUV
2025-05-19,기아,쏘렌토 하이브리드,2021,SUV
2025-05-19,르노코리아,KOLEOS Hybrid(콜레오스 하이브리드),2025,SUV
2025-05-19,기아,카니발,2023,MPV/미니밴
2025-05-19,현대자동차,팰리세이드(PALISADE),2020,SUV
2025-05-20,기아,니로 하이브리드,2018,SUV
2025-05-20,현대자동차,GV70,2021,SUV
2025-05-20,기아,카니발,2021,MPV/미니밴
2025-05-21,KG 모빌리티,토레스 EVX,2024,SUV
2025-05-21,기아,쏘렌토 하이브리드,2022,SUV
2025-05-21,기아,카니발,2021,MPV/미니밴
2025-05-21,혼다코리아,ODYSSEY,2021,MPV/미니밴
2025-05-21,기아,쏘렌토 하이브리드,2022,SUV
2025-05-21,기아,쏘렌토 하이브리드,2025,SUV
2025-05-21,현대자동차,GV70,2022,SUV
2025-05-21,현대자동차,팰리세이드(PALISADE),2022,SUV
2025-05-21,현대자동차,코나 하이브리드(KONA HYBRID),2025,SUV
2025-05-21,르노코리아,KOLEOS Hybrid(콜레오스 하이브리드),2025,SUV
2025-05-21,현대자동차,GV80,2024,SUV
2025-05-21,기아,카니발,2021,MPV/미니밴
2025-05-21,기아,쏘렌토 하이브리드,2025,SUV
2025-05-22,기아,카니발,2021,MPV/미니밴
2025-05-22,기아,카니발,2021,MPV/미니밴
2025-05-23,현대자동차,투싼 하이브리드(TUCSON HYBRID),2025,SUV
2025-05-23,르노코리아,QM3,2014,SUV
2025-05-23,기아,니로 플러스,2023,SUV
2025-05-23,현대자동차,싼타페 하이브리드(SANTAFE HYBRID),2024,SUV
2025-05-23,기아,카니발,2021,MPV/미니밴
2025-05-23,기아,카니발,2021,MPV/미니밴
2025-05-23,현대자동차,싼타페 하이브리드(SANTAFE HYBRID),2025,SUV
2025-05-26,현대자동차,팰리세이드(PALISADE),2019,SUV
2025-05-26,기아,카니발,2021,MPV/미니밴
2025-05-26,현대자동차,투싼(TUCSON),2019,SUV
2025-05-26,KG 모빌리티,티볼리,2020,SUV
2025-05-26,기아,카니발,2021,MPV/미니밴
2025-05-26,현대자동차,코나 하이브리드(KONA HYBRID),2025,SUV
2025-05-26,기아,쏘렌토 하이브리드,2021,SUV
2025-05-26,기아,카니발,2021,MPV/미니밴
2025-05-26,기아,카니발,2021,MPV/미니밴
2025-05-26,현대자동차,투싼 하이브리드(TUCSON HYBRID),2022,SUV
2025-05-26,현대자동차,싼타페(SANTAFE),2019,SUV
2025-05-26,기아,카니발,2022,MPV/미니밴
2025-05-27,기아,카니발 하이브리드,2024,MPV/미니밴
2025-05-27,기아,쏘렌토 하이브리드,2021,SUV
2025-05-27,기아,카니발 하이브리드,2024,MPV/미니밴
2025-05-27,기아,카니발,2021,MPV/미니밴
2025-05-27,기아,카니발,2022,MPV/미니밴
2025-05-27,현대자동차,팰리세이드(PALISADE),2022,SUV
2025-05-27,기아,카니발,2021,MPV/미니밴
2025-05-27,현대자동차,코나 일렉트릭 (KONA ELECTRIC),2019,SUV
2025-05-27,르노코리아,KOLEOS Hybrid(콜레오스 하이브리드),2025,SUV
2025-05-28,기아,카니발,2021,MPV/미니밴
2025-05-28,포드,Explorer 2.3,2020,SUV
2025-05-28,기아,카니발 하이브리드,2025,MPV/미니밴
2025-05-29,현대자동차,GV80,2020,SUV
2025-05-29,현대자동차,투싼 하이브리드(TUCSON HYBRID),2021,SUV
2025-05-29,KG 모빌리티,토레스,2025,SUV
2025-05-29,기아,쏘렌토 하이브리드,2022,SUV
2025-05-29,현대자동차,싼타페 하이브리드(SANTAFE HYBRID),2024,SUV
2025-05-30,기아,카니발,2021,MPV/미니밴
2025-05-30,현대자동차,싼타페(SANTAFE),2021,SUV
2025-05-30,기아,카니발,2023,MPV/미니밴
2025-05-30,기아,카니발,2021,MPV/미니밴
2025-05-30,기아,카니발,2019,MPV/미니밴
2025-05-30,기아,쏘렌토 하이브리드,2024,SUV
2025-05-30,현대자동차,팰리세이드(PALISADE),2026,SUV
2025-05-30,르노코리아,QM3,2014,SUV
2025-06-02,기아,카니발,2021,MPV/미니밴
2025-06-02,기아,쏘렌토 하이브리드,2021,SUV
2025-06-02,기아,쏘렌토,2021,SUV
2025-06-02,기아,카니발,2023,MPV/미니밴
2025-06-02,혼다코리아,CR-V HYBRID 4WD,2024,SUV
2025-06-02,기아,카니발,2021,MPV/미니밴
2025-06-02,기아,카니발,2019,MPV/미니밴
2025-06-02,현대자동차,GV70,2025,SUV
2025-06-02,기아,카니발,2021,MPV/미니밴
2025-06-02,현대자동차,싼타페(SANTAFE),2024,SUV
2025-06-02,현대자동차,팰리세이드(PALISADE),2022,SUV
2025-06-02,르노코리아,QM6,2017,SUV
2025-06-02,현대자동차,팰리세이드(PALISADE),2026,SUV
2025-06-02,현대자동차,팰리세이드(PALISADE),2026,SUV
2025-06-04,기아,카니발,2021,MPV/미니밴
2025-06-04,BMW,BMW X5 xDrive50e,2024,SUV
2025-06-04,현대자동차,싼타페(SANTAFE),2016,SUV
2025-06-04,기아,쏘렌토 하이브리드,2024,SUV
2025-06-04,KG 모빌리티,렉스턴,2021,SUV
2025-06-04,기아,스포티지 하이브리드,2022,SUV
2025-06-04,기아,스포티지,2018,SUV
2025-06-04,기아,카니발,2021,MPV/미니밴
2025-06-04,현대자동차,팰리세이드 하이브리드(PALISADE HYBRID),2026,SUV
2025-06-04,현대자동차,팰리세이드 하이브리드(PALISADE HYBRID),2026,SUV
2025-06-05,기아,쏘렌토 하이브리드,2021,SUV
2025-06-05,현대자동차,싼타페 하이브리드(SANTAFE HYBRID),2025,SUV
2025-06-05,기아,카니발,2021,MPV/미니밴
2025-06-05,기아,니로 하이브리드,2018,SUV
2025-06-05,기아,카니발,2021,MPV/미니밴
2025-06-05,현대자동차,싼타페(SANTAFE),2021,SUV
2025-06-05,KG 모빌리티,렉스턴스포츠 칸,2025,SUV
2025-06-05,KG 모빌리티,렉스턴스포츠 칸,2025,SUV
2025-06-05,르노코리아,QM6,2018,SUV
2025-06-05,KG 모빌리티,G4 렉스턴,2020,SUV
2025-06-05,KG 모빌리티,토레스,2023,SUV
2025-06-05,기아,카니발,2021,MPV/미니밴
2025-06-05,현대자동차,팰리세이드(Palisade),2025,SUV
2025-06-09,르노코리아,KOLEOS Hybrid(콜레오스 하이브리드),2025,SUV
2025-06-09,현대자동차,팰리세이드 하이브리드(PALISADE HYBRID),2026,SUV
2025-06-09,기아,카니발,2022,MPV/미니밴
2025-06-09,기아,카니발,2022,MPV/미니밴
2025-06-09,KG 모빌리티,렉스턴스포츠 칸 쿨멘,2024,SUV
2025-06-09,기아,카니발,2019,MPV/미니밴
2025-06-09,기아,쏘렌토 하이브리드,2021,SUV
2025-06-09,기아,카니발,2021,MPV/미니밴
2025-06-10,현대자동차,싼타페 하이브리드(SANTAFE HYBRID),2024,SUV
2025-06-10,현대자동차,싼타페 하이브리드(SANTAFE HYBRID),2022,SUV
2025-06-10,현대자동차,싼타페 하이브리드(SANTAFE HYBRID),2024,SUV
2025-06-10,기아,카니발,2021,MPV/미니밴
2025-06-10,KG 모빌리티,G4 렉스턴,2019,SUV
2025-06-10,기아,카니발 하이브리드,2025,MPV/미니밴
2025-06-11,기아,쏘렌토,2018,SUV
2025-06-11,르노코리아,KOLEOS Hybrid(콜레오스 하이브리드),2025,SUV
2025-06-11,기아,쏘렌토 하이브리드,2021,SUV
2025-06-11,르노코리아,KOLEOS Hybrid(콜레오스 하이브리드),2025,SUV
2025-06-11,현대자동차,투싼(TUCSON),2024,SUV
2025-06-11,기아,쏘렌토,2018,SUV
2025-06-11,현대자동차,팰리세이드(Palisade),2025,SUV
2025-06-11,현대자동차,투싼 하이브리드(TUCSON HYBRID),2021,SUV
2025-06-11,현대자동차,GV70,2021,SUV
2025-06-11,기아,카니발,2021,MPV/미니밴
2025-06-11,기아,모하비,2015,SUV
2025-06-12,현대자동차,팰리세이드(PALISADE),2021,SUV
2025-06-12,기아,스포티지,2024,SUV
2025-06-12,기아,스포티지,2022,SUV
2025-06-12,현대자동차,팰리세이드 하이브리드(PALISADE HYBRID),2026,SUV
2025-06-12,메르세데스 벤츠,Mercedes-Benz EQA250,2021,SUV
2025-06-12,르노코리아,KOLEOS Hybrid(콜레오스 하이브리드),2025,SUV
2025-06-12,KG 모빌리티,렉스턴,2022,SUV
2025-06-12,르노코리아,KOLEOS Hybrid(콜레오스 하이브리드),2025,SUV
2025-06-13,KG 모빌리티,토레스,2023,SUV
2025-06-13,기아,쏘렌토,2022,SUV
2025-06-13,KG 모빌리티,토레스,2023,SUV
2025-06-13,현대자동차,팰리세이드(Palisade),2025,SUV
2025-06-13,메르세데스 벤츠,Mercedes-Benz GLB250 4MATIC,2020,SUV
2025-06-13,현대자동차,싼타페 하이브리드(SANTAFE HYBRID),2024,SUV
2025-06-13,르노코리아,KOLEOS (콜레오스),2025,SUV
2025-06-13,기아,카니발,2021,MPV/미니밴
2025-06-13,기아,카니발,2021,MPV/미니밴
2025-06-13,현대자동차,GV80,2022,SUV
2025-06-16,기아,카니발,2021,MPV/미니밴
2025-06-16,기아,쏘렌토 하이브리드,2022,SUV
2025-06-16,기아,카니발,2022,MPV/미니밴
2025-06-17,현대자동차,싼타페 하이브리드(SANTAFE HYBRID),2024,SUV
2025-06-17,기아,쏘렌토 하이브리드,2022,SUV
2025-06-17,기아,스포티지,2012,SUV
2025-06-17,기아,니로 EV,2022,SUV
2025-06-17,기아,니로 EV,2022,SUV
2025-06-17,현대자동차,싼타페 하이브리드(SANTAFE HYBRID),2024,SUV
2025-06-17,르노코리아,XM3,2020,SUV
2025-06-17,현대자동차,코나 하이브리드(KONA HYBRID),2020,SUV
2025-06-18,기아,카니발,2021,MPV/미니밴
2025-06-18,기아,카니발,2021,MPV/미니밴
2025-06-18,기아,쏘렌토,2018,SUV
2025-06-18,기아,쏘렌토 하이브리드,2025,SUV
2025-06-18,현대자동차,팰리세이드(PALISADE),2022,SUV
2025-06-18,기아,스포티지,2022,SUV
2025-06-18,기아,쏘렌토,2021,SUV
2025-06-18,기아,카니발,2021,MPV/미니밴
2025-06-18,기아,카니발,2023,MPV/미니밴
2025-06-18,KG 모빌리티,토레스 하이브리드,2026,SUV
2025-06-18,기아,쏘렌토,2017,SUV
2025-06-18,현대자동차,싼타페(SANTAFE),2019,SUV
2025-06-18,기아,쏘렌토 하이브리드,2023,SUV
2025-06-18,현대자동차,투싼 하이브리드(TUCSON HYBRID),2025,SUV
2025-06-18,KG 모빌리티,G4 렉스턴,2018,SUV
2025-06-18,기아,카니발,2021,MPV/미니밴
2025-06-18,KG 모빌리티,토레스,2023,SUV
2025-06-19,기아,카니발,2023,MPV/미니밴
2025-06-19,기아,쏘렌토 하이브리드,2025,SUV
2025-06-19,현대자동차,싼타페(SANTAFE),2021,SUV
2025-06-19,현대자동차,싼타페(SANTAFE),2009,SUV
2025-06-19,현대자동차,스타리아 라운지 (STARIA LOUNGE),2023,MPV/미니밴
2025-06-19,기아,카니발,2021,MPV/미니밴
2025-06-19,현대자동차,코나(KONA),2021,SUV
2025-06-19,르노코리아,QM3,2016,SUV
2025-06-19,현대자동차,스타리아 (STARIA),2022,MPV/미니밴
2025-06-19,기아,니로 EV,2022,SUV
2025-06-19,현대자동차,투싼(TUCSON),2018,SUV
2025-06-19,르노코리아,QM3,2015,SUV
2025-06-19,기아,쏘렌토 하이브리드,2021,SUV
2025-06-20,르노코리아,KOLEOS Hybrid(콜레오스 하이브리드),2025,SUV
2025-06-20,현대자동차,코나 일렉트릭 (KONA ELECTRIC),2019,SUV
2025-06-20,르노코리아,QM6,2017,SUV
2025-06-20,BMW,BMW X5 xDrive40i,2023,SUV
2025-06-20,기아,쏘렌토 하이브리드,2025,SUV
2025-06-20,기아,스포티지,2023,SUV
2025-06-20,현대자동차,투싼(TUCSON),2021,SUV
2025-06-20,현대자동차,GV70,2022,SUV
2025-06-20,현대자동차,싼타페(SANTAFE),2021,SUV
2025-06-20,기아,니로 하이브리드,2025,SUV
2025-06-20,기아,쏘렌토 하이브리드,2021,SUV
2025-06-20,현대자동차,싼타페 하이브리드(SANTAFE HYBRID),2025,SUV
2025-06-23,기아,쏘렌토 하이브리드,2021,SUV
2025-06-23,기아,카니발,2021,MPV/미니밴
2025-06-23,기아,카니발,2022,MPV/미니밴
2025-06-23,르노코리아,XM3,2021,SUV
2025-06-23,르노코리아,QM3,2015,SUV
2025-06-23,현대자동차,싼타페 하이브리드(SANTAFE HYBRID),2025,SUV
2025-06-24,르노코리아,XM3,2020,SUV
2025-06-24,KG 모빌리티,티볼리,2021,SUV
2025-06-24,르노코리아,QM3,2015,SUV
2025-06-24,현대자동차,팰리세이드(Palisade),2025,SUV
2025-06-24,기아,니로 플러스,2023,SUV
2025-06-24,르노코리아,QM3,2014,SUV
2025-06-24,현대자동차,싼타페 하이브리드(SANTAFE HYBRID),2024,SUV
2025-06-24,르노코리아,KOLEOS Hybrid(콜레오스 하이브리드),2025,SUV
2025-06-24,기아,쏘렌토 하이브리드,2021,SUV
2025-06-24,현대자동차,싼타페(SANTAFE),2021,SUV
2025-06-25,기아,카니발,2021,MPV/미니밴
2025-06-25,KG 모빌리티,토레스 EVX,2024,SUV
2025-06-25,기아,카니발,2021,MPV/미니밴
2025-06-25,기아,카니발,2021,MPV/미니밴
2025-06-25,기아,카니발 하이브리드,2024,MPV/미니밴
2025-06-25,현대자동차,팰리세이드(PALISADE),2021,SUV
2025-06-25,르노코리아,XM3,2021,SUV
2025-06-25,기아,카니발,2022,MPV/미니밴
2025-06-25,현대자동차,싼타페 하이브리드(SANTAFE HYBRID),2024,SUV
2025-06-25,현대자동차,코나 일렉트릭 (KONA ELECTRIC),2019,SUV
2025-06-25,기아,니로 EV,2019,SUV
2025-06-25,현대자동차,팰리세이드(PALISADE),2020,SUV
2025-06-25,기아,카니발,2021,MPV/미니밴
2025-06-26,기아,카니발 하이브리드,2025,MPV/미니밴
2025-06-26,현대자동차,팰리세이드(PALISADE),2022,SUV
2025-06-26,현대자동차,싼타페(SANTAFE),2019,SUV
2025-06-26,르노코리아,XM3,2020,SUV
2025-06-26,기아,카니발,2021,MPV/미니밴
2025-06-26,현대자동차,투싼 하이브리드(TUCSON HYBRID),2021,SUV
2025-06-26,현대자동차,코나 일렉트릭 (KONA ELECTRIC),2020,SUV
2025-06-26,현대자동차,코나 일렉트릭 (KONA ELECTRIC),2020,SUV
2025-06-27,현대자동차,투싼 하이브리드(TUCSON HYBRID),2025,SUV
2025-06-27,르노코리아,QM3,2017,SUV
2025-06-27,현대자동차,GV80,2021,SUV
2025-06-27,현대자동차,코나 일렉트릭 (KONA ELECTRIC),2021,SUV
2025-06-27,기아,카니발,2022,MPV/미니밴
2025-06-27,기아,쏘렌토 하이브리드,2025,SUV
2025-06-27,현대자동차,GV80,2020,SUV
2025-06-27,기아,카니발,2021,MPV/미니밴
2025-06-27,기아,카니발,2020,MPV/미니밴
2025-06-27,현대자동차,투싼 하이브리드(TUCSON HYBRID),2025,SUV
2025-06-27,혼다코리아,ODYSSEY,2021,MPV/미니밴
2025-06-27,기아,니로 EV,2019,SUV
2025-06-30,포드,Explorer 2.3 AWD,2019,SUV
2025-06-30,기아,카니발,2025,MPV/미니밴
2025-06-30,기아,카니발 하이브리드,2025,MPV/미니밴
2025-06-30,기아,쏘렌토 하이브리드,2024,SUV
2025-06-30,기아,카니발 하이브리드,2024,MPV/미니밴
2025-06-30,기아,카니발,2021,MPV/미니밴
2025-06-30,기아,카니발 하이브리드,2024,MPV/미니밴
2025-06-30,르노코리아,QM6,2025,SUV
2025-06-30,기아,카니발 하이브리드,2024,MPV/미니밴
2025-06-30,KG 모빌리티,티볼리,2021,SUV
2025-06-30,현대자동차,투싼 하이브리드(TUCSON HYBRID),2021,SUV
2025-06-30,기아,카니발,2021,MPV/미니밴
2025-06-30,기아,카니발,2021,MPV/미니밴
2025-07-01,현대자동차,투싼(TUCSON),2020,SUV
2025-07-01,기아,쏘렌토,2017,SUV
2025-07-01,기아,카니발,2021,MPV/미니밴
2025-07-01,현대자동차,싼타페 하이브리드(SANTAFE HYBRID),2024,SUV
2025-07-01,기아,카니발,2022,MPV/미니밴
2025-07-01,기아,카니발 하이브리드,2024,MPV/미니밴
2025-07-01,기아,카니발 하이브리드,2025,MPV/미니밴
2025-07-01,르노코리아,KOLEOS Hybrid(콜레오스 하이브리드),2025,SUV
2025-07-02,기아,카니발,2019,MPV/미니밴
2025-07-02,현대자동차,싼타페(SANTAFE),2013,SUV
2025-07-02,현대자동차,싼타페(SANTAFE),2013,SUV
2025-07-02,기아,카니발 하이브리드,2024,MPV/미니밴
2025-07-02,기아,니로 EV,2022,SUV
2025-07-02,기아,스포티지 하이브리드,2022,SUV
2025-07-02,르노코리아,QM6,2017,SUV
2025-07-02,기아,쏘렌토 하이브리드,2022,SUV
2025-07-02,기아,쏘렌토 하이브리드,2021,SUV
2025-07-02,기아,카니발,2021,MPV/미니밴
2025-07-02,기아,니로 하이브리드,2018,SUV
2025-07-02,기아,쏘렌토 하이브리드,2022,SUV
2025-07-02,포드,Explorer 2.3 AWD,2018,SUV
2025-07-02,현대자동차,코나(KONA),2026,SUV
2025-07-02,기아,카니발,2021,MPV/미니밴
2025-07-02,기아,스포티지,2020,SUV
2025-07-02,현대자동차,싼타페(SANTAFE),2021,SUV
2025-07-03,기아,카니발,2023,MPV/미니밴
2025-07-03,현대자동차,싼타페 하이브리드(SANTAFE HYBRID),2022,SUV
2025-07-03,기아,니로 EV,2022,SUV
2025-07-03,현대자동차,투싼 하이브리드(TUCSON HYBRID),2021,SUV
2025-07-03,기아,카니발,2021,MPV/미니밴
2025-07-03,기아,카니발 하이브리드,2024,MPV/미니밴
2025-07-03,르노코리아,ARKANA,2025,SUV
2025-07-03,포드,Explorer 2.3 AWD,2016,SUV
2025-07-03,기아,카니발 하이브리드,2024,MPV/미니밴
2025-07-03,기아,쏘렌토,2021,SUV
2025-07-03,르노코리아,XM3,2022,SUV
2025-07-03,현대자동차,싼타페 하이브리드(SANTAFE HYBRID),2024,SUV
2025-07-03,포드,Explorer 2.3,2020,SUV
2025-07-03,포드,Explorer 2.3,2020,SUV
2025-07-04,BMW,BMW X7 xDrive 30d Design Pure Excellence,2020,SUV
2025-07-04,현대자동차,투싼(TUCSON),2025,SUV
2025-07-04,르노코리아,QM3,2015,SUV
2025-07-04,기아,카니발,2023,MPV/미니밴
2025-07-04,현대자동차,팰리세이드 하이브리드(PALISADE HYBRID),2026,SUV
2025-07-04,기아,스포티지 하이브리드,2024,SUV
2025-07-04,기아,카니발,2021,MPV/미니밴
2025-07-04,메르세데스 벤츠,GLC350 e 4Matic,2019,SUV
2025-07-07,기아,모하비,2018,SUV
2025-07-07,르노코리아,QM3,2017,SUV
2025-07-07,포드,Explorer 2.3 AWD,2018,SUV
2025-07-07,기아,카니발,2021,MPV/미니밴
2025-07-07,현대자동차,투싼 하이브리드(TUCSON HYBRID),2022,SUV
2025-07-07,현대자동차,싼타페 하이브리드(SANTAFE HYBRID),2024,SUV
2025-07-07,기아,니로 하이브리드,2021,SUV
2025-07-07,르노코리아,QM6,2019,SUV
2025-07-07,기아,쏘렌토 하이브리드,2021,SUV
2025-07-07,기아,쏘렌토 하이브리드,2021,SUV
2025-07-07,기아,니로 하이브리드,2020,SUV
2025-07-08,현대자동차,투싼(TUCSON),2017,SUV
2025-07-08,현대자동차,팰리세이드(Palisade),2025,SUV
2025-07-08,기아,카니발 하이브리드,2024,MPV/미니밴
2025-07-08,르노코리아,QM3,2015,SUV
2025-07-08,KG 모빌리티,티볼리,2016,SUV
2025-07-08,기아,쏘렌토 하이브리드,2021,SUV
2025-07-08,기아,카니발,2021,MPV/미니밴
2025-07-08,기아,쏘렌토,2021,SUV
2025-07-09,현대자동차,싼타페(SANTAFE),2019,SUV
2025-07-09,기아,니로 하이브리드,2017,SUV
2025-07-09,기아,쏘렌토 하이브리드,2021,SUV
2025-07-09,현대자동차,그랜드 스타렉스(GRAND STAREX),2016,MPV/미니밴
2025-07-09,기아,카니발,2021,MPV/미니밴
2025-07-09,기아,쏘렌토,2021,SUV
2025-07-09,현대자동차,투싼(TUCSON),2025,SUV
2025-07-10,기아,쏘렌토 하이브리드,2021,SUV
2025-07-10,르노코리아,QM3,2014,SUV
2025-07-10,기아,쏘렌토 하이브리드,2021,SUV
2025-07-11,기아,쏘렌토 하이브리드,2021,SUV
2025-07-11,르노코리아,KOLEOS Hybrid(콜레오스 하이브리드),2025,SUV
2025-07-11,포드,Explorer 2.3,2020,SUV
2025-07-11,포드,Explorer 2.3,2020,SUV
2025-07-11,기아,쏘렌토,2016,SUV
2025-07-11,기아,쏘렌토 하이브리드,2021,SUV
2025-07-14,포드,Explorer 2.3 AWD,2018,SUV
2025-07-14,토요타,토요타 Sienna Hybrid 2WD,2025,MPV/미니밴
2025-07-14,현대자동차,GV80,2020,SUV
2025-07-14,기아,쏘렌토 하이브리드,2024,SUV
2025-07-14,르노코리아,QM6,2019,SUV
2025-07-14,기아,니로 하이브리드,2020,SUV
2025-07-14,기아,쏘렌토 하이브리드,2021,SUV
2025-07-14,기아,카니발,2023,MPV/미니밴
2025-07-14,르노코리아,QM3,2014,SUV
2025-07-15,현대자동차,싼타페(SANTAFE),2021,SUV
2025-07-15,혼다코리아,ODYSSEY,2019,MPV/미니밴
2025-07-15,현대자동차,투싼 하이브리드(TUCSON HYBRID),2021,SUV
2025-07-15,KG 모빌리티,토레스,2025,SUV
2025-07-15,기아,쏘렌토,2020,SUV
2025-07-16,포드,Explorer 2.3 AWD,2018,SUV
2025-07-16,기아,카니발,2019,MPV/미니밴
2025-07-16,KG 모빌리티,렉스턴,2014,SUV
2025-07-16,기아,쏘렌토 하이브리드,2021,SUV
2025-07-16,기아,쏘렌토,2023,SUV
2025-07-16,기아,스포티지 하이브리드,2025,SUV
2025-07-16,현대자동차,코나 일렉트릭 (KONA ELECTRIC),2019,SUV
2025-07-16,기아,쏘렌토 하이브리드,2022,SUV
2025-07-17,현대자동차,투싼(TUCSON),2025,SUV
2025-07-17,현대자동차,팰리세이드(PALISADE),2026,SUV
2025-07-17,현대자동차,투싼 하이브리드(TUCSON HYBRID),2025,SUV
2025-07-18,포드,Explorer 2.3,2020,SUV
2025-07-18,기아,카니발,2021,MPV/미니밴
2025-07-18,현대자동차,코나 일렉트릭 (KONA ELECTRIC),2019,SUV
2025-07-18,현대자동차,투싼(TUCSON),2020,SUV
2025-07-18,혼다코리아,CR-V HYBRID 4WD,2021,SUV
2025-07-18,현대자동차,GV80,2022,SUV
2025-07-18,현대자동차,GV80,2021,SUV
2025-07-18,기아,카니발,2025,MPV/미니밴
2025-07-18,현대자동차,싼타페 하이브리드(SANTAFE HYBRID),2022,SUV
2025-07-18,기아,카니발,2022,MPV/미니밴
2025-07-18,기아,쏘렌토,2023,SUV
2025-07-21,르노코리아,KOLEOS Hybrid(콜레오스 하이브리드),2025,SUV
2025-07-21,기아,쏘렌토 하이브리드,2022,SUV
2025-07-21,기아,카니발,2021,MPV/미니밴
2025-07-21,기아,카니발,2024,MPV/미니밴
2025-07-21,현대자동차,싼타페 하이브리드(SANTAFE HYBRID),2024,SUV
2025-07-21,기아,카니발,2023,MPV/미니밴
2025-07-21,현대자동차,팰리세이드(PALISADE),2022,SUV
2025-07-21,현대자동차,GV80,2023,SUV
2025-07-21,현대자동차,투싼(TUCSON),2025,SUV
2025-07-22,현대자동차,팰리세이드(PALISADE),2019,SUV
2025-07-22,현대자동차,GV80,2023,SUV
2025-07-22,현대자동차,팰리세이드(Palisade),2025,SUV
2025-07-22,기아,카니발,2021,MPV/미니밴
2025-07-22,현대자동차,투싼 하이브리드(TUCSON HYBRID),2025,SUV
2025-07-22,기아,카니발,2017,MPV/미니밴
2025-07-22,기아,쏘렌토 하이브리드,2022,SUV
2025-07-22,기아,카니발,2021,MPV/미니밴
2025-07-22,현대자동차,싼타페(SANTAFE),2019,SUV
2025-07-22,기아,카니발,2021,MPV/미니밴
2025-07-22,기아,쏘렌토,2020,SUV
2025-07-22,기아,쏘렌토,2021,SUV
2025-07-22,기아,카니발,2023,MPV/미니밴
2025-07-23,현대자동차,투싼 하이브리드(TUCSON HYBRID),2024,SUV
2025-07-23,현대자동차,코나 하이브리드(KONA HYBRID),2026,SUV
2025-07-23,현대자동차,팰리세이드 하이브리드(PALISADE HYBRID),2026,SUV
2025-07-23,기아,니로 EV,2019,SUV
2025-07-23,기아,쏘렌토 하이브리드,2021,SUV
2025-07-23,현대자동차,GV80,2025,SUV
2025-07-23,현대자동차,GV80,2024,SUV
2025-07-23,기아,쏘렌토 하이브리드,2022,SUV
2025-07-23,기아,쏘렌토,2021,SUV
2025-07-23,현대자동차,GV80,2022,SUV
2025-07-23,현대자동차,GV80,2020,SUV
2025-07-23,현대자동차,GV80,2025,SUV
2025-07-23,현대자동차,GV80,2022,SUV
2025-07-23,현대자동차,GV80,2020,SUV
2025-07-23,현대자동차,GV80,2021,SUV
2025-07-24,현대자동차,코나 하이브리드(KONA HYBRID),2020,SUV
2025-07-24,현대자동차,코나 일렉트릭 (KONA ELECTRIC),2019,SUV
2025-07-24,현대자동차,투싼(TUCSON),2024,SUV
2025-07-24,KG 모빌리티,토레스 EVX,2024,SUV
2025-07-24,기아,카니발,2019,MPV/미니밴
2025-07-24,기아,모하비,2022,SUV
2025-07-24,기아,카니발,2019,MPV/미니밴
2025-07-24,기아,카니발,2019,MPV/미니밴
2025-07-24,현대자동차,싼타페 하이브리드(SANTAFE HYBRID),2024,SUV
2025-07-24,포드,Explorer 2.3,2021,SUV
2025-07-24,기아,카니발,2020,MPV/미니밴
2025-07-24,현대자동차,코나 일렉트릭 (KONA ELECTRIC),2019,SUV
2025-07-24,기아,쏘렌토 하이브리드,2021,SUV
2025-07-24,현대자동차,GV80,2023,SUV
2025-07-24,현대자동차,코나(KONA),2018,SUV
2025-07-24,기아,카니발,2019,MPV/미니밴
2025-07-24,기아,쏘렌토 하이브리드,2021,SUV
2025-07-24,현대자동차,코나 일렉트릭 (KONA ELECTRIC),2020,SUV
2025-07-24,기아,쏘렌토 하이브리드,2021,SUV
2025-07-24,기아,쏘렌토 하이브리드,2021,SUV
2025-07-24,기아,카니발 하이브리드,2024,MPV/미니밴
2025-07-24,현대자동차,GV80,2021,SUV
2025-07-24,현대자동차,GV80,2023,SUV
2025-07-24,현대자동차,GV80,2021,SUV
2025-07-24,현대자동차,투싼(TUCSON),2016,SUV
2025-07-24,현대자동차,GV80,2022,SUV
2025-07-24,현대자동차,GV80,2024,SUV
2025-07-25,기아,쏘렌토 하이브리드,2024,SUV
2025-07-25,KG 모빌리티,토레스 하이브리드,2026,SUV
2025-07-25,현대자동차,투싼(TUCSON),2024,SUV
2025-07-25,KG 모빌리티,토레스,2023,SUV
2025-07-25,KG 모빌리티,티볼리,2021,SUV
2025-07-25,현대자동차,팰리세이드(PALISADE),2019,SUV
2025-07-28,현대자동차,투싼 하이브리드(TUCSON HYBRID),2024,SUV
2025-07-28,기아,쏘렌토 하이브리드,2021,SUV
2025-07-28,기아,쏘렌토 하이브리드,2021,SUV
2025-07-28,기아,쏘렌토 하이브리드,2021,SUV
2025-07-28,현대자동차,싼타페 하이브리드(SANTAFE HYBRID),2025,SUV
2025-07-28,현대자동차,GV80,2020,SUV
2025-07-28,기아,쏘렌토,2019,SUV
2025-07-28,기아,쏘렌토,2019,SUV
2025-07-28,현대자동차,싼타페 하이브리드(SANTAFE HYBRID),2024,SUV
2025-07-28,기아,쏘렌토 하이브리드,2022,SUV
2025-07-28,현대자동차,투싼 하이브리드(TUCSON HYBRID),2021,SUV
2025-07-28,기아,카니발,2022,MPV/미니밴
2025-07-28,현대자동차,투싼 하이브리드(TUCSON HYBRID),2021,SUV
2025-07-28,현대자동차,스타리아 라운지 (STARIA LOUNGE),2024,MPV/미니밴
2025-07-29,현대자동차,GV80,2020,SUV
2025-07-29,현대자동차,팰리세이드(Palisade),2025,SUV
2025-07-29,기아,쏘렌토 하이브리드,2021,SUV
2025-07-29,기아,스포티지,2022,SUV
2025-07-29,기아,쏘렌토 하이브리드,2021,SUV
2025-07-29,기아,니로 하이브리드,2020,SUV
2025-07-29,기아,쏘렌토 하이브리드,2021,SUV
2025-07-29,현대자동차,투싼 하이브리드(TUCSON HYBRID),2021,SUV
2025-07-29,현대자동차,팰리세이드(PALISADE),2019,SUV
2025-07-29,현대자동차,투싼 하이브리드(TUCSON HYBRID),2025,SUV
2025-07-30,현대자동차,팰리세이드(PALISADE),2019,SUV
2025-07-30,기아,카니발,2024,MPV/미니밴
2025-07-30,현대자동차,투싼(TUCSON),2025,SUV
2025-07-30,르노코리아,KOLEOS Hybrid(콜레오스 하이브리드),2025,SUV
2025-07-30,기아,카니발,2021,MPV/미니밴
2025-07-30,기아,니로 EV,2019,SUV
2025-07-30,기아,쏘렌토 하이브리드,2021,SUV
2025-07-30,기아,카니발,2021,MPV/미니밴
2025-07-30,기아,쏘렌토,2021,SUV
2025-07-30,기아,쏘렌토 하이브리드,2021,SUV
2025-07-30,현대자동차,투싼(TUCSON),2016,SUV
2025-07-31,르노코리아,QM6,2017,SUV
2025-07-31,기아,카니발 하이브리드,2024,MPV/미니밴
2025-07-31,포드,Explorer 2.3 AWD,2019,SUV
2025-07-31,기아,카니발,2021,MPV/미니밴
2025-07-31,르노코리아,QM6,2017,SUV
2025-07-31,르노코리아,QM6,2017,SUV
2025-07-31,기아,카니발,2025,MPV/미니밴
2025-07-31,현대자동차,코나(KONA),2023,SUV
2025-07-31,르노코리아,KOLEOS Hybrid(콜레오스 하이브리드),2025,SUV
2025-08-01,기아,카니발,2020,MPV/미니밴
2025-08-01,현대자동차,투싼 하이브리드(TUCSON HYBRID),2021,SUV
2025-08-01,현대자동차,팰리세이드(PALISADE),2021,SUV
2025-08-01,기아,쏘렌토 하이브리드,2021,SUV
2025-08-01,기아,쏘렌토 하이브리드,2021,SUV
2025-08-01,르노코리아,KOLEOS Hybrid(콜레오스 하이브리드),2025,SUV
2025-08-01,기아,쏘렌토,2021,SUV
2025-08-01,기아,카니발,2024,MPV/미니밴
2025-08-01,기아,쏘렌토 하이브리드,2021,SUV
2025-08-01,기아,쏘렌토 하이브리드,2021,SUV
2025-08-04,기아,카니발,2021,MPV/미니밴
2025-08-04,현대자동차,투싼 하이브리드(TUCSON HYBRID),2025,SUV
2025-08-04,기아,쏘렌토 하이브리드,2021,SUV
2025-08-04,현대자동차,GV80,2020,SUV
2025-08-04,기아,카니발,2025,MPV/미니밴
2025-08-04,현대자동차,GV80,2022,SUV
2025-08-04,기아,카니발,2021,MPV/미니밴
2025-08-04,현대자동차,팰리세이드(PALISADE),2022,SUV
2025-08-04,기아,쏘렌토,2021,SUV
2025-08-04,현대자동차,GV80,2023,SUV
2025-08-04,현대자동차,GV80,2020,SUV
2025-08-04,현대자동차,투싼 하이브리드(TUCSON HYBRID),2021,SUV
2025-08-04,기아,쏘렌토 하이브리드,2021,SUV
2025-08-04,기아,카니발,2021,MPV/미니밴
2025-08-04,현대자동차,투싼(TUCSON),2019,SUV
2025-08-05,현대자동차,GV80,2020,SUV
2025-08-05,혼다코리아,ODYSSEY,2018,MPV/미니밴
2025-08-05,르노코리아,KOLEOS Hybrid(콜레오스 하이브리드),2025,SUV
2025-08-05,기아,쏘렌토 하이브리드,2021,SUV
2025-08-05,기아,쏘렌토 하이브리드,2022,SUV
2025-08-05,기아,쏘렌토 하이브리드,2021,SUV
2025-08-05,기아,쏘렌토 하이브리드,2021,SUV
2025-08-05,현대자동차,GV80,2023,SUV
2025-08-05,기아,쏘렌토 하이브리드,2021,SUV
2025-08-05,기아,쏘렌토 하이브리드,2021,SUV
2025-08-05,현대자동차,투싼(TUCSON),2019,SUV
2025-08-05,현대자동차,GV80,2022,SUV
2025-08-05,기아,쏘렌토 하이브리드,2021,SUV
2025-08-05,기아,쏘렌토 하이브리드,2021,SUV
2025-08-05,현대자동차,GV80,2025,SUV
2025-08-06,재규어랜드로버,재규어 I-PACE EV400,2019,SUV
2025-08-06,현대자동차,투싼(TUCSON),2020,SUV
2025-08-06,포드,Explorer 2.3L,2022,SUV
2025-08-06,기아,쏘렌토 하이브리드,2021,SUV
2025-08-06,기아,쏘렌토 하이브리드,2021,SUV
2025-08-06,현대자동차,코나 일렉트릭(KONA Electric),2026,SUV
2025-08-06,기아,스포티지,2022,SUV
2025-08-06,현대자동차,GV80,2022,SUV
2025-08-06,현대자동차,GV80,2023,SUV
2025-08-06,현대자동차,투싼 하이브리드(TUCSON HYBRID),2025,SUV
2025-08-06,르노코리아,QM6,2026,SUV
2025-08-06,기아,카니발,2021,MPV/미니밴
2025-08-06,현대자동차,GV80,2020,SUV
2025-08-06,르노코리아,QM3,2015,SUV
2025-08-06,현대자동차,GV80,2020,SUV
2025-08-06,현대자동차,GV80,2020,SUV
2025-08-07,현대자동차,싼타페 하이브리드(SANTAFE HYBRID),2024,SUV
2025-08-07,현대자동차,코나 하이브리드(KONA HYBRID),2023,SUV
2025-08-07,기아,쏘렌토 하이브리드,2021,SUV
2025-08-07,현대자동차,GV80,2022,SUV
2025-08-07,현대자동차,팰리세이드 하이브리드(PALISADE HYBRID),2026,SUV
2025-08-07,KG 모빌리티,토레스 EVX,2024,SUV
2025-08-07,기아,스포티지,2018,SUV
2025-08-07,현대자동차,투싼 하이브리드(TUCSON HYBRID),2024,SUV
2025-08-07,기아,카니발,2021,MPV/미니밴
2025-08-07,기아,카니발,2022,MPV/미니밴
2025-08-07,기아,모하비,2021,SUV
2025-08-07,기아,니로 EV,2019,SUV
2025-08-07,포드,Explorer 2.3 AWD,2016,SUV
2025-08-07,현대자동차,투싼 하이브리드(TUCSON HYBRID),2025,SUV
2025-08-08,기아,카니발,2021,MPV/미니밴
2025-08-08,현대자동차,투싼(TUCSON),2024,SUV
2025-08-08,현대자동차,GV80,2020,SUV
2025-08-08,현대자동차,투싼 하이브리드(TUCSON HYBRID),2025,SUV
2025-08-11,현대자동차,싼타페(SANTAFE),2019,SUV
2025-08-11,BMW,BMW X5 xDrive30d,2017,SUV
2025-08-11,기아,스포티지,2022,SUV
2025-08-11,기아,카니발,2021,MPV/미니밴
2025-08-11,현대자동차,투싼 하이브리드(TUCSON HYBRID),2021,SUV
2025-08-11,기아,카니발,2019,MPV/미니밴
2025-08-11,현대자동차,싼타페 하이브리드(SANTAFE HYBRID),2025,SUV
2025-08-11,기아,니로 하이브리드,2022,SUV
2025-08-11,기아,카니발,2024,MPV/미니밴
2025-08-11,재규어랜드로버,재규어 I-PACE EV400,2019,SUV
2025-08-11,재규어랜드로버,재규어 I-PACE EV400,2019,SUV
2025-08-11,재규어랜드로버,재규어 I-PACE EV400,2019,SUV
2025-08-11,재규어랜드로버,재규어 I-PACE EV400,2019,SUV
2025-08-11,기아,쏘렌토 하이브리드,2021,SUV
2025-08-11,재규어랜드로버,재규어 I-PACE EV400,2020,SUV
2025-08-11,재규어랜드로버,재규어 I-PACE EV400,2019,SUV
2025-08-11,현대자동차,투싼(TUCSON),2020,SUV
2025-08-11,기아,쏘렌토 하이브리드,2021,SUV
2025-08-11,현대자동차,투싼(TUCSON),2024,SUV
2025-08-11,기아,카니발,2023,MPV/미니밴
2025-08-11,기아,쏘렌토,2021,SUV
2025-08-12,현대자동차,싼타페 하이브리드(SANTAFE HYBRID),2025,SUV
2025-08-12,기아,카니발,2021,MPV/미니밴
2025-08-12,기아,쏘렌토 하이브리드,2026,SUV
2025-08-12,기아,카니발,2024,MPV/미니밴
2025-08-12,현대자동차,투싼 하이브리드(TUCSON HYBRID),2025,SUV
2025-08-12,재규어랜드로버,재규어 F-PACE 20d,2017,SUV
2025-08-12,기아,니로 하이브리드,2022,SUV
2025-08-12,재규어랜드로버,재규어 I-PACE EV400,2019,SUV
2025-08-12,르노코리아,QM3,2014,SUV
2025-08-12,기아,카니발,2022,MPV/미니밴
2025-08-12,기아,니로 하이브리드,2020,SUV
2025-08-12,르노코리아,ARKANA,2025,SUV
2025-08-12,재규어랜드로버,재규어 I-PACE EV400,2019,SUV
2025-08-13,기아,쏘렌토 하이브리드,2021,SUV
2025-08-13,기아,쏘렌토 하이브리드,2022,SUV
2025-08-13,현대자동차,GV80,2024,SUV
2025-08-13,혼다코리아,ODYSSEY,2019,MPV/미니밴
2025-08-13,현대자동차,싼타페(SANTAFE),2021,SUV
2025-08-13,현대자동차,GV80,2020,SUV
2025-08-13,현대자동차,GV80,2021,SUV
2025-08-13,현대자동차,투싼 하이브리드(TUCSON HYBRID),2025,SUV
2025-08-13,현대자동차,팰리세이드(PALISADE),2022,SUV
2025-08-13,기아,카니발,2021,MPV/미니밴
2025-08-13,현대자동차,팰리세이드(PALISADE),2020,SUV
2025-08-14,기아,쏘렌토,2021,SUV
2025-08-14,현대자동차,스타리아 라운지 (STARIA LOUNGE),2024,MPV/미니밴
2025-08-14,현대자동차,투싼(TUCSON),2025,SUV
2025-08-14,기아,쏘렌토 하이브리드,2022,SUV
2025-08-14,기아,니로 EV,2023,SUV
2025-08-14,현대자동차,코나 일렉트릭 (KONA ELECTRIC),2020,SUV
2025-08-14,기아,쏘렌토,2021,SUV
2025-08-14,기아,쏘렌토 하이브리드,2021,SUV
2025-08-14,기아,카니발,2021,MPV/미니밴
2025-08-14,KG 모빌리티,토레스 EVX,2024,SUV
2025-08-18,현대자동차,투싼(TUCSON),2016,SUV
2025-08-18,르노코리아,ARKANA 하이브리드,2025,SUV
2025-08-18,현대자동차,GV80,2022,SUV
2025-08-18,기아,쏘렌토 하이브리드,2022,SUV
2025-08-18,KG 모빌리티,G4 렉스턴,2020,SUV
2025-08-18,기아,쏘렌토 하이브리드,2022,SUV
2025-08-18,기아,카니발,2025,MPV/미니밴
2025-08-18,기아,쏘렌토 하이브리드,2021,SUV
2025-08-18,재규어랜드로버,재규어 I-PACE EV400,2019,SUV
2025-08-18,현대자동차,투싼(TUCSON),2023,SUV
2025-08-18,기아,니로 EV,2022,SUV
2025-08-18,현대자동차,투싼 하이브리드(TUCSON HYBRID),2021,SUV
2025-08-18,현대자동차,투싼 하이브리드(TUCSON HYBRID),2025,SUV
2025-08-18,르노코리아,XM3,2022,SUV
2025-08-18,현대자동차,팰리세이드 하이브리드(PALISADE HYBRID),2026,SUV
2025-08-18,르노코리아,QM3,2015,SUV
2025-08-18,현대자동차,투싼 하이브리드(TUCSON HYBRID),2025,SUV
2025-08-18,현대자동차,싼타페(SANTAFE),2024,SUV
2025-08-18,현대자동차,팰리세이드(PALISADE),2026,SUV
2025-08-19,기아,니로 하이브리드,2022,SUV
2025-08-19,현대자동차,GV80,2021,SUV
2025-08-19,현대자동차,GV70,2025,SUV
2025-08-19,현대자동차,GV80,2020,SUV
2025-08-19,기아,쏘렌토 하이브리드,2021,SUV
2025-08-19,현대자동차,GV80,2020,SUV
2025-08-19,현대자동차,GV80,2020,SUV
2025-08-19,현대자동차,GV80,2025,SUV
2025-08-19,기아,카니발,2023,MPV/미니밴
2025-08-19,현대자동차,투싼 하이브리드(TUCSON HYBRID),2022,SUV
2025-08-19,기아,카니발,2019,MPV/미니밴
2025-08-19,현대자동차,투싼(TUCSON),2024,SUV
2025-08-19,KG 모빌리티,토레스 EVX,2025,SUV
2025-08-19,기아,카니발,2025,MPV/미니밴
2025-08-19,기아,쏘렌토,2018,SUV
2025-08-19,기아,쏘렌토 하이브리드,2023,SUV
2025-08-19,KG 모빌리티,렉스턴,2021,SUV
2025-08-19,KG 모빌리티,G4 렉스턴,2019,SUV
2025-08-19,기아,카니발,2019,MPV/미니밴
2025-08-19,현대자동차,싼타페 하이브리드(SANTAFE HYBRID),2024,SUV
2025-08-19,현대자동차,싼타페 하이브리드(SANTAFE HYBRID),2024,SUV
2025-08-20,기아,쏘렌토 하이브리드,2021,SUV
2025-08-20,현대자동차,GV80,2023,SUV
2025-08-20,기아,스포티지,2022,SUV
2025-08-20,현대자동차,투싼 하이브리드(TUCSON HYBRID),2025,SUV
2025-08-20,현대자동차,투싼 하이브리드(TUCSON HYBRID),2021,SUV
2025-08-21,기아,카니발,2025,MPV/미니밴
2025-08-21,기아,카니발,2025,MPV/미니밴
2025-08-21,기아,카니발,2021,MPV/미니밴
2025-08-21,KG 모빌리티,티볼리,2020,SUV
2025-08-21,현대자동차,팰리세이드 하이브리드(PALISADE HYBRID),2026,SUV
2025-08-21,현대자동차,코나 하이브리드(KONA HYBRID),2020,SUV
2025-08-21,기아,쏘렌토 하이브리드,2021,SUV
2025-08-21,현대자동차,코나 일렉트릭 (KONA ELECTRIC),2019,SUV
2025-08-21,기아,쏘렌토 하이브리드,2021,SUV
2025-08-21,기아,니로 EV,2024,SUV
2025-08-21,기아,카니발,2019,MPV/미니밴
2025-08-21,현대자동차,코나 일렉트릭 (KONA ELECTRIC),2019,SUV
2025-08-21,현대자동차,싼타페 하이브리드(SANTAFE HYBRID),2024,SUV
2025-08-21,기아,니로 EV,2022,SUV
2025-08-21,기아,쏘렌토,2016,SUV
2025-08-21,기아,니로 EV,2022,SUV
2025-08-21,기아,스포티지,2025,SUV
2025-08-21,기아,쏘렌토,2016,SUV
2025-08-22,현대자동차,투싼 하이브리드(TUCSON HYBRID),2025,SUV
2025-08-22,현대자동차,투싼 하이브리드(TUCSON HYBRID),2025,SUV
2025-08-22,현대자동차,투싼 하이브리드(TUCSON HYBRID),2025,SUV
2025-08-22,기아,쏘렌토,2021,SUV
2025-08-22,현대자동차,코나(KONA),2022,SUV
2025-08-22,현대자동차,팰리세이드(PALISADE),2021,SUV
2025-08-22,현대자동차,팰리세이드(PALISADE),2021,SUV
2025-08-22,르노코리아,KOLEOS Hybrid(콜레오스 하이브리드),2025,SUV
2025-08-22,기아,스포티지,2023,SUV
2025-08-22,현대자동차,GV80,2022,SUV
2025-08-22,현대자동차,투싼 하이브리드(TUCSON HYBRID),2025,SUV
2025-08-22,현대자동차,GV80,2021,SUV
2025-08-22,기아,쏘렌토 하이브리드,2026,SUV
2025-08-22,르노코리아,QM6,2018,SUV
2025-08-22,현대자동차,GV80,2021,SUV
2025-08-22,KG 모빌리티,렉스턴,2015,SUV
2025-08-25,기아,카니발,2019,MPV/미니밴
2025-08-25,기아,쏘렌토,2021,SUV
2025-08-25,현대자동차,GV80,2020,SUV
2025-08-25,기아,쏘렌토,2015,SUV
2025-08-25,현대자동차,GV80,2022,SUV
2025-08-25,KG 모빌리티,G4 렉스턴,2019,SUV
2025-08-25,기아,쏘렌토 하이브리드,2023,SUV
2025-08-25,기아,니로 하이브리드,2017,SUV
2025-08-26,메르세데스 벤츠,Mercedes-Benz EQA 250,2024,SUV
2025-08-26,현대자동차,싼타페 하이브리드(SANTAFE HYBRID),2025,SUV
2025-08-26,현대자동차,싼타페 하이브리드(SANTAFE HYBRID),2025,SUV
2025-08-26,현대자동차,투싼 하이브리드(TUCSON HYBRID),2025,SUV
2025-08-26,메르세데스 벤츠,ML350 BlueTEC 4Matic,2013,SUV
2025-08-26,기아,쏘렌토,2019,SUV
2025-08-26,르노코리아,QM6,2017,SUV
2025-08-26,기아,니로 하이브리드,2022,SUV
2025-08-26,기아,쏘렌토,2021,SUV
2025-08-27,혼다코리아,ODYSSEY,2019,MPV/미니밴
2025-08-27,현대자동차,투싼(TUCSON),2016,SUV
2025-08-27,기아,쏘렌토,2021,SUV
2025-08-27,르노코리아,XM3,2020,SUV
2025-08-27,기아,쏘렌토 하이브리드,2021,SUV
2025-08-27,기아,쏘렌토 하이브리드,2025,SUV
2025-08-27,현대자동차,GV80,2024,SUV
2025-08-27,현대자동차,투싼(TUCSON),2025,SUV
2025-08-27,기아,스포티지 하이브리드,2024,SUV
2025-08-27,혼다코리아,ODYSSEY,2019,MPV/미니밴
2025-08-27,KG 모빌리티,G4 렉스턴,2020,SUV
2025-08-27,현대자동차,투싼 하이브리드(TUCSON HYBRID),2024,SUV
2025-08-27,기아,카니발,2021,MPV/미니밴
2025-08-27,기아,쏘렌토 하이브리드,2025,SUV
2025-08-27,KG 모빌리티,G4 렉스턴,2018,SUV
2025-08-27,현대자동차,GV80,2023,SUV
2025-08-27,BMW,BMW X5 xDrive30d M Sport Package,2020,SUV
2025-08-28,기아,카니발,2021,MPV/미니밴
2025-08-28,기아,쏘렌토 하이브리드,2021,SUV
2025-08-28,기아,쏘렌토 하이브리드,2021,SUV
2025-08-28,기아,쏘렌토,2023,SUV
2025-08-28,현대자동차,GV80,2020,SUV
2025-08-28,현대자동차,팰리세이드(PALISADE),2021,SUV
2025-08-28,르노코리아,QM3,2014,SUV
2025-08-28,현대자동차,싼타페(SANTAFE),2021,SUV
2025-08-28,현대자동차,투싼 하이브리드(TUCSON HYBRID),2021,SUV
2025-08-28,기아,니로 하이브리드,2020,SUV
2025-08-28,현대자동차,팰리세이드(PALISADE),2021,SUV
2025-08-29,메르세데스 벤츠,Mercedes-Benz GLB250 4MATIC,2021,SUV
2025-08-29,기아,카니발,2023,MPV/미니밴
2025-08-29,현대자동차,싼타페 하이브리드(SANTAFE HYBRID),2025,SUV
2025-08-29,기아,니로 EV,2019,SUV
2025-08-29,현대자동차,투싼 하이브리드(TUCSON HYBRID),2025,SUV
2025-08-29,기아,쏘렌토 하이브리드,2021,SUV
2025-08-29,현대자동차,팰리세이드(PALISADE),2021,SUV
2025-08-29,볼보,볼보 XC90B6 AWD,2023,SUV
2025-08-29,기아,쏘렌토 하이브리드,2021,SUV
2025-09-01,기아,스포티지 하이브리드,2025,SUV
2025-09-01,기아,스포티지,2025,SUV
2025-09-01,현대자동차,싼타페 하이브리드(SANTAFE HYBRID),2025,SUV
2025-09-01,기아,쏘렌토,2021,SUV
2025-09-01,기아,쏘렌토,2016,SUV
2025-09-01,현대자동차,투싼 하이브리드(TUCSON HYBRID),2022,SUV
2025-09-01,현대자동차,코나 일렉트릭 (KONA ELECTRIC),2019,SUV
2025-09-01,현대자동차,투싼(TUCSON),2020,SUV
2025-09-01,현대자동차,GV80,2022,SUV
2025-09-01,KG 모빌리티,G4 렉스턴,2020,SUV
2025-09-02,현대자동차,스타리아 라운지 (STARIA LOUNGE),2024,MPV/미니밴
2025-09-02,현대자동차,코나 일렉트릭 (KONA ELECTRIC),2019,SUV
2025-09-02,현대자동차,투싼 하이브리드(TUCSON HYBRID),2023,SUV
2025-09-02,현대자동차,투싼(TUCSON),2017,SUV
2025-09-02,현대자동차,GV80,2024,SUV
2025-09-02,기아,스포티지,2023,SUV
2025-09-02,기아,쏘렌토 하이브리드,2025,SUV
2025-09-03,기아,스포티지 하이브리드,2024,SUV
2025-09-03,기아,쏘렌토 하이브리드,2023,SUV
2025-09-03,현대자동차,팰리세이드(PALISADE),2021,SUV
2025-09-03,현대자동차,그랜드 스타렉스(GRAND STAREX),2011,MPV/미니밴
2025-09-03,현대자동차,투싼(TUCSON),2017,SUV
2025-09-03,기아,쏘렌토 하이브리드,2021,SUV
2025-09-03,기아,쏘렌토 하이브리드,2021,SUV
2025-09-04,현대자동차,투싼 하이브리드(TUCSON HYBRID),2021,SUV
2025-09-04,르노코리아,QM6,2017,SUV
2025-09-04,현대자동차,싼타페 하이브리드(SANTAFE HYBRID),2025,SUV
2025-09-04,현대자동차,싼타페(SANTAFE),2016,SUV
2025-09-04,현대자동차,GV80,2025,SUV
2025-09-04,기아,쏘렌토,2022,SUV
2025-09-04,기아,쏘렌토,2022,SUV
2025-09-04,현대자동차,싼타페(SANTAFE),2019,SUV
2025-09-05,현대자동차,싼타페(SANTAFE),2021,SUV
2025-09-05,기아,니로 EV,2024,SUV
2025-09-05,현대자동차,코나 일렉트릭 (KONA ELECTRIC),2019,SUV
2025-09-05,KG 모빌리티,G4 렉스턴,2019,SUV
2025-09-05,현대자동차,팰리세이드(Palisade),2025,SUV
2025-09-05,현대자동차,GV80,2022,SUV
2025-09-05,기아,카니발,2021,MPV/미니밴
2025-09-05,현대자동차,GV70,2022,SUV
2025-09-05,현대자동차,GV80,2022,SUV
2025-09-05,현대자동차,투싼(TUCSON),2025,SUV
2025-09-08,현대자동차,투싼 하이브리드(TUCSON HYBRID),2025,SUV
2025-09-08,기아,스포티지 하이브리드,2023,SUV
2025-09-08,현대자동차,싼타페(SANTAFE),2022,SUV
2025-09-08,현대자동차,투싼 하이브리드(TUCSON HYBRID),2022,SUV
2025-09-08,기아,카니발,2021,MPV/미니밴
2025-09-08,기아,카니발,2019,MPV/미니밴
2025-09-08,기아,카니발,2021,MPV/미니밴
2025-09-08,현대자동차,투싼 하이브리드(TUCSON HYBRID),2025,SUV
2025-09-08,기아,쏘렌토 하이브리드,2023,SUV
2025-09-09,현대자동차,스타리아 라운지 (STARIA LOUNGE),2025,MPV/미니밴
2025-09-09,현대자동차,투싼 하이브리드(TUCSON HYBRID),2022,SUV
2025-09-09,기아,쏘렌토 하이브리드,2023,SUV
2025-09-09,기아,쏘렌토,2021,SUV
2025-09-09,기아,카니발,2019,MPV/미니밴
2025-09-09,기아,쏘렌토,2022,SUV
2025-09-09,현대자동차,GV80,2020,SUV
2025-09-09,기아,카니발,2021,MPV/미니밴
2025-09-09,현대자동차,스타리아 (STARIA),2022,MPV/미니밴
2025-09-09,기아,쏘렌토 하이브리드,2021,SUV
2025-09-09,기아,쏘렌토 하이브리드,2021,SUV
2025-09-09,KG 모빌리티,G4 렉스턴,2020,SUV
2025-09-09,기아,쏘렌토,2018,SUV
2025-09-09,현대자동차,투싼 하이브리드(TUCSON HYBRID),2025,SUV
2025-09-10,현대자동차,투싼(TUCSON),2018,SUV
2025-09-10,KG 모빌리티,토레스 하이브리드,2026,SUV
2025-09-10,현대자동차,싼타페(SANTAFE),2019,SUV
2025-09-10,현대자동차,투싼 하이브리드(TUCSON HYBRID),2025,SUV
2025-09-10,기아,쏘렌토 하이브리드,2023,SUV
2025-09-10,현대자동차,투싼 하이브리드(TUCSON HYBRID),2025,SUV
2025-09-10,현대자동차,팰리세이드(Palisade),2025,SUV
2025-09-10,기아,쏘렌토 하이브리드,2021,SUV
2025-09-10,현대자동차,GV80,2023,SUV
2025-09-10,기아,쏘렌토 하이브리드,2021,SUV
2025-09-10,현대자동차,투싼(TUCSON),2025,SUV
2025-09-11,르노코리아,XM3 하이브리드,2024,SUV
2025-09-11,현대자동차,투싼 하이브리드(TUCSON HYBRID),2025,SUV
2025-09-11,기아,쏘렌토 하이브리드,2023,SUV
2025-09-11,현대자동차,투싼 하이브리드(TUCSON HYBRID),2025,SUV
2025-09-11,기아,쏘렌토 하이브리드,2025,SUV
2025-09-11,현대자동차,팰리세이드(PALISADE),2019,SUV
2025-09-11,기아,쏘렌토 하이브리드,2025,SUV
2025-09-11,기아,쏘렌토 하이브리드,2025,SUV
2025-09-12,현대자동차,싼타페(SANTAFE),2015,SUV
2025-09-12,기아,스포티지,2025,SUV
2025-09-12,현대자동차,싼타페 하이브리드(SANTAFE HYBRID),2024,SUV
2025-09-12,현대자동차,싼타페 하이브리드(SANTAFE HYBRID),2024,SUV
2025-09-12,현대자동차,싼타페 하이브리드(SANTAFE HYBRID),2024,SUV
2025-09-12,재규어랜드로버,재규어 F-PACE 20d,2018,SUV
2025-09-12,현대자동차,싼타페(SANTAFE),2022,SUV
2025-09-12,메르세데스 벤츠,Mercedes-Benz GLA250 4MATIC,2021,SUV
2025-09-12,현대자동차,코나 하이브리드(KONA HYBRID),2026,SUV
2025-09-12,현대자동차,싼타페 하이브리드(SANTAFE HYBRID),2024,SUV
2025-09-12,현대자동차,코나 일렉트릭 (KONA ELECTRIC),2020,SUV
2025-09-12,현대자동차,팰리세이드 하이브리드(PALISADE HYBRID),2026,SUV
2025-09-12,현대자동차,투싼(TUCSON),2025,SUV
2025-09-12,기아,쏘렌토,2021,SUV
2025-09-12,기아,스포티지,2023,SUV
2025-09-12,기아,카니발,2021,MPV/미니밴
2025-09-12,현대자동차,싼타페 하이브리드(SANTAFE HYBRID),2024,SUV
2025-09-12,현대자동차,투싼 하이브리드(TUCSON HYBRID),2024,SUV
2025-09-12,현대자동차,싼타페 하이브리드(SANTAFE HYBRID),2024,SUV
2025-09-12,현대자동차,싼타페 하이브리드(SANTAFE HYBRID),2024,SUV
2025-09-12,기아,카니발,2019,MPV/미니밴
2025-09-12,현대자동차,싼타페 하이브리드(SANTAFE HYBRID),2024,SUV
2025-09-15,현대자동차,싼타페 하이브리드(SANTAFE HYBRID),2024,SUV
2025-09-15,기아,쏘렌토,2024,SUV
2025-09-16,현대자동차,GV70,2025,SUV
2025-09-16,기아,쏘렌토 하이브리드,2022,SUV
2025-09-16,현대자동차,코나 일렉트릭(KONA Electric),2023,SUV
2025-09-16,기아,카니발,2020,MPV/미니밴
2025-09-16,기아,카니발,2022,MPV/미니밴
2025-09-16,현대자동차,팰리세이드 하이브리드(PALISADE HYBRID),2026,SUV
2025-09-16,현대자동차,싼타페 하이브리드(SANTAFE HYBRID),2025,SUV
2025-09-16,현대자동차,투싼(TUCSON),2025,SUV
2025-09-16,현대자동차,투싼 하이브리드(TUCSON HYBRID),2025,SUV
2025-09-16,르노코리아,KOLEOS Hybrid(콜레오스 하이브리드),2025,SUV
2025-09-16,KG 모빌리티,티볼리,2016,SUV
2025-09-16,기아,쏘렌토 하이브리드,2022,SUV
2025-09-16,르노코리아,QM6,2017,SUV
2025-09-16,메르세데스 벤츠,Mercedes-Benz EQB300 4MATIC,2023,SUV
2025-09-17,KG 모빌리티,티볼리,2017,SUV
2025-09-17,르노코리아,QM6,2017,SUV
2025-09-17,현대자동차,싼타페 하이브리드(SANTAFE HYBRID),2024,SUV
2025-09-17,기아,쏘렌토 하이브리드,2021,SUV
2025-09-17,기아,카니발,2025,MPV/미니밴
2025-09-18,현대자동차,코나 일렉트릭 (KONA ELECTRIC),2019,SUV
2025-09-18,현대자동차,투싼 하이브리드(TUCSON HYBRID),2025,SUV
2025-09-18,현대자동차,GV80,2020,SUV
2025-09-18,현대자동차,GV70,2022,SUV
2025-09-18,KG 모빌리티,G4 렉스턴,2018,SUV
2025-09-18,현대자동차,GV80,2020,SUV
2025-09-18,현대자동차,투싼(TUCSON),2025,SUV
2025-09-18,현대자동차,GV80,2023,SUV
2025-09-18,현대자동차,GV80,2024,SUV
2025-09-18,기아,카니발,2021,MPV/미니밴
2025-09-18,기아,쏘렌토 하이브리드,2023,SUV
2025-09-18,현대자동차,GV80,2022,SUV
2025-09-18,현대자동차,GV80,2022,SUV
2025-09-18,현대자동차,GV80,2025,SUV
2025-09-18,현대자동차,투싼 하이브리드(TUCSON HYBRID),2024,SUV
2025-09-18,현대자동차,투싼(TUCSON),2025,SUV
2025-09-18,현대자동차,투싼(TUCSON),2025,SUV
2025-09-18,현대자동차,싼타페 하이브리드(SANTAFE HYBRID),2024,SUV
2025-09-18,기아,카니발,2024,MPV/미니밴
2025-09-18,기아,카니발,2024,MPV/미니밴
2025-09-18,기아,스포티지 하이브리드,2022,SUV
2025-09-18,르노코리아,QM6,2020,SUV
2025-09-19,현대자동차,GV80,2021,SUV
2025-09-19,기아,쏘렌토,2021,SUV
2025-09-19,기아,쏘렌토,2022,SUV
2025-09-19,기아,카니발,2021,MPV/미니밴
2025-09-19,현대자동차,GV80,2020,SUV
2025-09-19,현대자동차,투싼 하이브리드(TUCSON HYBRID),2025,SUV
2025-09-19,기아,니로 하이브리드,2022,SUV
2025-09-19,현대자동차,GV80,2023,SUV
2025-09-19,기아,쏘렌토 하이브리드,2022,SUV
2025-09-19,현대자동차,GV70,2022,SUV
2025-09-19,현대자동차,팰리세이드(PALISADE),2023,SUV
2025-09-22,포드,Explorer 2.3,2020,SUV
2025-09-22,현대자동차,싼타페(SANTAFE),2024,SUV
2025-09-22,기아,쏘렌토,2020,SUV
2025-09-22,현대자동차,싼타페(SANTAFE),2025,SUV
2025-09-22,현대자동차,투싼 하이브리드(TUCSON HYBRID),2025,SUV
2025-09-22,현대자동차,팰리세이드(PALISADE),2020,SUV
2025-09-22,현대자동차,싼타페(SANTAFE),2024,SUV
2025-09-22,기아,니로 하이브리드,2017,SUV
2025-09-22,기아,모하비,2012,SUV
2025-09-22,현대자동차,투싼 하이브리드(TUCSON HYBRID),2021,SUV
2025-09-22,기아,스포티지,2023,SUV
2025-09-22,기아,니로 EV,2022,SUV
2025-09-22,기아,카니발,2019,MPV/미니밴
2025-09-22,현대자동차,투싼 하이브리드(TUCSON HYBRID),2025,SUV
2025-09-23,현대자동차,싼타페(SANTAFE),2025,SUV
2025-09-23,현대자동차,싼타페 하이브리드(SANTAFE HYBRID),2026,SUV
2025-09-23,기아,카니발,2019,MPV/미니밴
2025-09-23,기아,카니발,2020,MPV/미니밴
2025-09-23,현대자동차,투싼 하이브리드(TUCSON HYBRID),2025,SUV
2025-09-23,포드,Explorer 2.3,2020,SUV
2025-09-23,포드,Explorer 2.3,2020,SUV
2025-09-23,기아,쏘렌토 하이브리드,2021,SUV
2025-09-23,현대자동차,싼타페 하이브리드(SANTAFE HYBRID),2024,SUV
2025-09-23,현대자동차,투싼(TUCSON),2025,SUV
2025-09-23,현대자동차,싼타페 하이브리드(SANTAFE HYBRID),2024,SUV
2025-09-24,르노코리아,QM3,2014,SUV
2025-09-24,현대자동차,싼타페 하이브리드(SANTAFE HYBRID),2025,SUV
2025-09-24,현대자동차,싼타페 하이브리드(SANTAFE HYBRID),2025,SUV
2025-09-24,현대자동차,싼타페 하이브리드(SANTAFE HYBRID),2025,SUV
2025-09-24,현대자동차,싼타페 하이브리드(SANTAFE HYBRID),2025,SUV
2025-09-24,현대자동차,투싼 하이브리드(TUCSON HYBRID),2024,SUV
2025-09-24,현대자동차,싼타페 하이브리드(SANTAFE HYBRID),2025,SUV
2025-09-24,현대자동차,싼타페 하이브리드(SANTAFE HYBRID),2024,SUV
2025-09-24,현대자동차,싼타페(SANTAFE),2025,SUV
2025-09-24,기아,쏘렌토,2021,SUV
2025-09-24,현대자동차,싼타페 하이브리드(SANTAFE HYBRID),2024,SUV
2025-09-24,현대자동차,싼타페 하이브리드(SANTAFE HYBRID),2024,SUV
2025-09-24,기아,쏘렌토,2021,SUV
2025-09-24,현대자동차,싼타페 하이브리드(SANTAFE HYBRID),2024,SUV
2025-09-24,기아,쏘렌토 하이브리드,2023,SUV
2025-09-24,현대자동차,싼타페 하이브리드(SANTAFE HYBRID),2025,SUV
2025-09-24,현대자동차,싼타페 하이브리드(SANTAFE HYBRID),2026,SUV
2025-09-24,현대자동차,싼타페 하이브리드(SANTAFE HYBRID),2026,SUV
2025-09-24,현대자동차,싼타페 하이브리드(SANTAFE HYBRID),2024,SUV
2025-09-24,현대자동차,싼타페 하이브리드(SANTAFE HYBRID),2025,SUV
2025-09-24,현대자동차,싼타페 하이브리드(SANTAFE HYBRID),2025,SUV
2025-09-24,현대자동차,GV80,2020,SUV
2025-09-24,현대자동차,싼타페(SANTAFE),2025,SUV
2025-09-24,현대자동차,싼타페 하이브리드(SANTAFE HYBRID),2025,SUV
2025-09-24,현대자동차,싼타페 하이브리드(SANTAFE HYBRID),2025,SUV
2025-09-24,기아,쏘렌토,2022,SUV
2025-09-24,기아,쏘렌토,2021,SUV
2025-09-24,현대자동차,싼타페 하이브리드(SANTAFE HYBRID),2025,SUV
2025-09-24,현대자동차,싼타페 하이브리드(SANTAFE HYBRID),2025,SUV
2025-09-24,현대자동차,GV70,2022,SUV
2025-09-24,현대자동차,GV80,2022,SUV
2025-09-24,현대자동차,GV80,2021,SUV
2025-09-24,현대자동차,싼타페 하이브리드(SANTAFE HYBRID),2024,SUV
2025-09-24,르노코리아,QM3,2014,SUV
2025-09-24,르노코리아,QM6,2021,SUV
2025-09-25,현대자동차,싼타페 하이브리드(SANTAFE HYBRID),2024,SUV
2025-09-25,현대자동차,투싼 하이브리드(TUCSON HYBRID),2025,SUV
2025-09-25,현대자동차,싼타페 하이브리드(SANTAFE HYBRID),2025,SUV
2025-09-25,현대자동차,투싼 하이브리드(TUCSON HYBRID),2025,SUV
2025-09-25,현대자동차,싼타페 하이브리드(SANTAFE HYBRID),2024,SUV
2025-09-25,현대자동차,싼타페 하이브리드(SANTAFE HYBRID),2025,SUV
2025-09-25,기아,쏘렌토,2021,SUV
2025-09-25,기아,쏘렌토 하이브리드,2022,SUV
2025-09-25,현대자동차,싼타페 하이브리드(SANTAFE HYBRID),2024,SUV
2025-09-25,KG 모빌리티,G4 렉스턴,2020,SUV
2025-09-25,BMW,BMW X5 xDrive30d M Sport Package,2019,SUV
2025-09-25,재규어랜드로버,재규어 I-PACE EV400,2019,SUV
2025-09-25,현대자동차,싼타페 하이브리드(SANTAFE HYBRID),2025,SUV
2025-09-25,현대자동차,싼타페(SANTAFE),2024,SUV
2025-09-25,현대자동차,싼타페 하이브리드(SANTAFE HYBRID),2024,SUV
2025-09-25,현대자동차,싼타페(SANTAFE),2024,SUV
2025-09-25,KG 모빌리티,G4 렉스턴,2019,SUV
2025-09-25,현대자동차,싼타페 하이브리드(SANTAFE HYBRID),2024,SUV
2025-09-25,현대자동차,싼타페 하이브리드(SANTAFE HYBRID),2025,SUV
2025-09-25,현대자동차,싼타페 하이브리드(SANTAFE HYBRID),2024,SUV
2025-09-25,현대자동차,싼타페 하이브리드(SANTAFE HYBRID),2024,SUV
2025-09-25,현대자동차,팰리세이드 하이브리드(PALISADE HYBRID),2026,SUV
2025-09-26,현대자동차,싼타페 하이브리드(SANTAFE HYBRID),2025,SUV
2025-09-26,현대자동차,GV70,2021,SUV
2025-09-26,현대자동차,싼타페(SANTAFE),2024,SUV
2025-09-26,현대자동차,투싼(TUCSON),2025,SUV
2025-09-26,현대자동차,싼타페 하이브리드(SANTAFE HYBRID),2024,SUV
2025-09-26,기아,스포티지,2024,SUV
2025-09-26,기아,카니발 하이브리드,2024,MPV/미니밴
2025-09-26,르노코리아,QM6,2020,SUV
2025-09-26,기아,쏘렌토,2021,SUV
2025-09-26,현대자동차,투싼(TUCSON),2025,SUV
2025-09-29,현대자동차,싼타페(SANTAFE),2024,SUV
2025-09-29,현대자동차,투싼(TUCSON),2024,SUV
2025-09-29,현대자동차,투싼 하이브리드(TUCSON HYBRID),2022,SUV
2025-09-29,KG 모빌리티,토레스 EVX,2024,SUV
2025-09-29,기아,카니발,2025,MPV/미니밴
2025-09-29,현대자동차,싼타페 하이브리드(SANTAFE HYBRID),2024,SUV
2025-09-29,현대자동차,싼타페 하이브리드(SANTAFE HYBRID),2024,SUV
2025-09-29,기아,니로 PHEV,2020,SUV
2025-09-29,기아,니로 하이브리드,2026,SUV
2025-09-29,현대자동차,팰리세이드(Palisade),2025,SUV
2025-09-29,현대자동차,싼타페 하이브리드(SANTAFE HYBRID),2025,SUV
2025-09-29,현대자동차,싼타페 하이브리드(SANTAFE HYBRID),2024,SUV
2025-09-29,현대자동차,팰리세이드 하이브리드(PALISADE HYBRID),2026,SUV
2025-09-29,현대자동차,팰리세이드(Palisade),2025,SUV
2025-09-29,현대자동차,팰리세이드(PALISADE),2021,SUV
2025-09-29,기아,카니발,2025,MPV/미니밴
2025-09-29,현대자동차,싼타페 하이브리드(SANTAFE HYBRID),2024,SUV
2025-09-29,KG 모빌리티,G4 렉스턴,2020,SUV
2025-09-29,기아,니로 EV,2024,SUV
2025-09-29,기아,쏘렌토 하이브리드,2021,SUV
2025-09-30,현대자동차,투싼(TUCSON),2024,SUV
2025-09-30,메르세데스 벤츠,Mercedes-Benz EQA250,2021,SUV
2025-09-30,현대자동차,투싼(TUCSON),2024,SUV
2025-09-30,기아,카니발,2020,MPV/미니밴
2025-09-30,기아,카니발,2016,MPV/미니밴
2025-09-30,현대자동차,팰리세이드 하이브리드(PALISADE HYBRID),2026,SUV
2025-09-30,현대자동차,투싼(TUCSON),2025,SUV
2025-09-30,기아,카니발,2022,MPV/미니밴
2025-09-30,기아,카니발,2019,MPV/미니밴
2025-09-30,현대자동차,코나 일렉트릭 (KONA ELECTRIC),2019,SUV
2025-09-30,기아,쏘렌토 하이브리드,2021,SUV
2025-10-01,기아,쏘렌토,2026,SUV
2025-10-01,기아,쏘렌토,2021,SUV
2025-10-01,현대자동차,싼타페 하이브리드(SANTAFE HYBRID),2025,SUV
2025-10-01,현대자동차,싼타페 하이브리드(SANTAFE HYBRID),2025,SUV
2025-10-01,기아,카니발 하이브리드,2025,MPV/미니밴
2025-10-01,기아,쏘렌토 하이브리드,2021,SUV
2025-10-01,기아,쏘렌토 하이브리드,2022,SUV
2025-10-01,기아,쏘렌토 하이브리드,2022,SUV
2025-10-01,현대자동차,싼타페 하이브리드(SANTAFE HYBRID),2024,SUV
2025-10-01,현대자동차,싼타페 하이브리드(SANTAFE HYBRID),2025,SUV
2025-10-01,기아,쏘렌토,2021,SUV
2025-10-01,현대자동차,팰리세이드 하이브리드(PALISADE HYBRID),2026,SUV
2025-10-01,현대자동차,싼타페 하이브리드(SANTAFE HYBRID),2025,SUV
2025-10-01,현대자동차,GV80,2024,SUV
2025-10-01,기아,카니발,2023,MPV/미니밴
2025-10-01,현대자동차,싼타페(SANTAFE),2025,SUV
2025-10-01,현대자동차,싼타페 하이브리드(SANTAFE HYBRID),2022,SUV
2025-10-02,기아,쏘렌토 하이브리드,2021,SUV
2025-10-02,기아,쏘렌토 하이브리드,2021,SUV
2025-10-02,기아,스포티지 하이브리드,2024,SUV
2025-10-02,현대자동차,싼타페 하이브리드(SANTAFE HYBRID),2025,SUV
2025-10-02,르노코리아,QM6,2018,SUV
2025-10-02,현대자동차,투싼 하이브리드(TUCSON HYBRID),2025,SUV
2025-10-02,현대자동차,투싼 하이브리드(TUCSON HYBRID),2024,SUV
2025-10-02,현대자동차,싼타페 하이브리드(SANTAFE HYBRID),2025,SUV
2025-10-02,현대자동차,투싼 하이브리드(TUCSON HYBRID),2025,SUV
2025-10-02,기아,카니발,2019,MPV/미니밴
2025-10-02,현대자동차,팰리세이드(PALISADE),2020,SUV
2025-10-02,현대자동차,싼타페 하이브리드(SANTAFE HYBRID),2024,SUV
2025-10-10,기아,쏘렌토,2018,SUV
2025-10-10,기아,쏘렌토 하이브리드,2022,SUV
2025-10-10,현대자동차,싼타페 하이브리드(SANTAFE HYBRID),2024,SUV
2025-10-10,현대자동차,투싼(TUCSON),2024,SUV
2025-10-10,기아,스포티지 하이브리드,2022,SUV
2025-10-10,기아,쏘렌토 하이브리드,2023,SUV
2025-10-10,혼다코리아,ODYSSEY,2018,MPV/미니밴
2025-10-10,기아,쏘렌토 하이브리드,2022,SUV
2025-10-10,현대자동차,싼타페 하이브리드(SANTAFE HYBRID),2025,SUV
2025-10-10,기아,스포티지 하이브리드,2022,SUV
2025-10-10,현대자동차,싼타페 하이브리드(SANTAFE HYBRID),2024,SUV
2025-10-10,현대자동차,GV80 쿠페(GV80 Coupe),2025,SUV
2025-10-10,현대자동차,코나 일렉트릭 (KONA ELECTRIC),2019,SUV
2025-10-10,포드,Explorer 3.0 PHEV,2020,SUV
2025-10-10,기아,쏘렌토 하이브리드,2022,SUV
2025-10-13,현대자동차,스타리아 (STARIA),2025,MPV/미니밴
2025-10-13,기아,쏘렌토,2021,SUV
2025-10-13,기아,카니발 하이브리드,2024,MPV/미니밴
2025-10-13,KG 모빌리티,토레스 하이브리드,2026,SUV
2025-10-13,KG 모빌리티,토레스,2023,SUV
2025-10-13,기아,쏘렌토 하이브리드,2021,SUV
2025-10-13,현대자동차,투싼 하이브리드(TUCSON HYBRID),2024,SUV
2025-10-13,KG 모빌리티,토레스,2023,SUV
2025-10-13,현대자동차,투싼 하이브리드(TUCSON HYBRID),2024,SUV
2025-10-13,기아,카니발,2023,MPV/미니밴
2025-10-13,현대자동차,싼타페 하이브리드(SANTAFE HYBRID),2022,SUV
2025-10-13,르노코리아,QM3,2016,SUV
2025-10-13,기아,쏘렌토,2020,SUV
2025-10-13,기아,쏘렌토,2021,SUV
2025-10-13,기아,스포티지,2025,SUV
2025-10-14,현대자동차,팰리세이드(Palisade),2025,SUV
2025-10-14,르노코리아,QM6,2017,SUV
2025-10-14,현대자동차,코나 일렉트릭 (KONA ELECTRIC),2019,SUV
2025-10-14,현대자동차,GV70,2022,SUV
2025-10-14,기아,스포티지,2016,SUV
2025-10-14,KG 모빌리티,G4 렉스턴,2020,SUV
2025-10-14,기아,니로 하이브리드,2022,SUV
2025-10-14,기아,스포티지,2023,SUV
2025-10-15,현대자동차,GV70,2022,SUV
2025-10-15,KG 모빌리티,G4 렉스턴,2018,SUV
2025-10-15,현대자동차,코나 일렉트릭 (KONA ELECTRIC),2020,SUV
2025-10-15,현대자동차,GV80,2020,SUV
2025-10-15,현대자동차,싼타페 하이브리드(SANTAFE HYBRID),2025,SUV
2025-10-15,현대자동차,투싼(TUCSON),2022,SUV
2025-10-15,현대자동차,GV70,2021,SUV
2025-10-15,KG 모빌리티,G4 렉스턴,2018,SUV
2025-10-15,르노코리아,ARKANA 하이브리드,2025,SUV
2025-10-16,기아,니로 하이브리드,2022,SUV
2025-10-16,기아,스포티지,2025,SUV
2025-10-16,기아,카니발,2021,MPV/미니밴
2025-10-16,기아,쏘렌토,2022,SUV
2025-10-16,기아,카니발,2023,MPV/미니밴
2025-10-16,현대자동차,투싼 하이브리드(TUCSON HYBRID),2024,SUV
2025-10-16,기아,쏘렌토 하이브리드,2021,SUV
2025-10-16,현대자동차,투싼 하이브리드(TUCSON HYBRID),2024,SUV
2025-10-16,기아,쏘렌토,2021,SUV
2025-10-16,현대자동차,팰리세이드(PALISADE),2021,SUV
2025-10-16,기아,쏘렌토,2018,SUV
2025-10-16,르노코리아,QM6,2017,SUV
2025-10-16,르노코리아,QM3,2015,SUV
2025-10-16,현대자동차,싼타페(SANTAFE),2015,SUV
2025-10-17,현대자동차,GV80,2024,SUV
2025-10-17,기아,쏘렌토,2021,SUV
2025-10-17,르노코리아,KOLEOS Hybrid(콜레오스 하이브리드),2025,SUV
2025-10-17,현대자동차,팰리세이드 하이브리드(PALISADE HYBRID),2026,SUV
2025-10-17,기아,니로 EV,2024,SUV
2025-10-17,기아,카니발 하이브리드,2024,MPV/미니밴
2025-10-17,현대자동차,팰리세이드(PALISADE),2022,SUV
2025-10-17,현대자동차,싼타페(SANTAFE),2021,SUV
2025-10-17,르노코리아,QM6,2020,SUV
2025-10-17,기아,쏘렌토 하이브리드,2024,SUV
2025-10-17,현대자동차,싼타페 하이브리드(SANTAFE HYBRID),2024,SUV
2025-10-17,현대자동차,싼타페 하이브리드(SANTAFE HYBRID),2024,SUV
2025-10-17,기아,쏘렌토,2021,SUV
2025-10-17,현대자동차,싼타페 하이브리드(SANTAFE HYBRID),2025,SUV
2025-10-17,현대자동차,투싼(TUCSON),2024,SUV
2025-10-17,기아,쏘렌토 하이브리드,2023,SUV
2025-10-20,르노코리아,QM3,2015,SUV
2025-10-20,기아,쏘렌토 하이브리드,2025,SUV
2025-10-20,기아,쏘렌토,2024,SUV
2025-10-20,기아,쏘렌토 하이브리드,2021,SUV
2025-10-20,현대자동차,투싼 하이브리드(TUCSON HYBRID),2024,SUV
2025-10-20,기아,쏘렌토 하이브리드,2022,SUV
2025-10-20,현대자동차,투싼 하이브리드(TUCSON HYBRID),2025,SUV
2025-10-20,메르세데스 벤츠,Mercedes-Benz EQA250,2022,SUV
2025-10-20,기아,쏘렌토 하이브리드,2022,SUV
2025-10-20,기아,카니발,2024,MPV/미니밴
2025-10-20,현대자동차,팰리세이드(PALISADE),2020,SUV
2025-10-21,기아,카니발,2016,MPV/미니밴
2025-10-21,기아,카니발,2019,MPV/미니밴
2025-10-21,현대자동차,팰리세이드(PALISADE),2022,SUV
2025-10-21,혼다코리아,ODYSSEY,2018,MPV/미니밴
2025-10-21,현대자동차,GV80,2020,SUV
2025-10-21,기아,쏘렌토 하이브리드,2021,SUV
2025-10-21,현대자동차,투싼 하이브리드(TUCSON HYBRID),2021,SUV
2025-10-21,KG 모빌리티,G4 렉스턴,2020,SUV
2025-10-21,르노코리아,QM6,2017,SUV
2025-10-21,KG 모빌리티,G4 렉스턴,2020,SUV
2025-10-21,기아,쏘렌토 하이브리드,2025,SUV
2025-10-21,현대자동차,팰리세이드(PALISADE),2023,SUV
2025-10-21,현대자동차,투싼(TUCSON),2024,SUV
2025-10-21,기아,카니발,2025,MPV/미니밴
2025-10-21,기아,쏘렌토 하이브리드,2022,SUV
2025-10-21,기아,쏘렌토 하이브리드,2022,SUV
2025-10-22,기아,니로 하이브리드,2018,SUV
2025-10-22,기아,카니발,2019,MPV/미니밴
2025-10-22,기아,쏘렌토 하이브리드,2023,SUV
2025-10-22,현대자동차,투싼(TUCSON),2024,SUV
2025-10-22,현대자동차,투싼 하이브리드(TUCSON HYBRID),2025,SUV
2025-10-22,기아,스포티지,2022,SUV
2025-10-22,현대자동차,투싼 하이브리드(TUCSON HYBRID),2021,SUV
2025-10-22,기아,스포티지 하이브리드,2022,SUV
2025-10-22,현대자동차,싼타페(SANTAFE),2024,SUV
2025-10-22,기아,쏘렌토,2022,SUV
2025-10-22,기아,쏘렌토,2023,SUV
2025-10-23,메르세데스 벤츠,Mercedes-Benz EQA250,2021,SUV
2025-10-23,현대자동차,투싼(TUCSON),2019,SUV
2025-10-23,현대자동차,싼타페 하이브리드(SANTAFE HYBRID),2025,SUV
2025-10-23,현대자동차,싼타페 하이브리드(SANTAFE HYBRID),2024,SUV
2025-10-23,현대자동차,투싼 하이브리드(TUCSON HYBRID),2024,SUV
2025-10-23,기아,스포티지,2024,SUV
2025-10-23,기아,쏘렌토,2026,SUV
2025-10-23,기아,쏘렌토 하이브리드,2021,SUV
2025-10-23,현대자동차,싼타페 하이브리드(SANTAFE HYBRID),2023,SUV
2025-10-23,현대자동차,코나 일렉트릭 (KONA ELECTRIC),2019,SUV
2025-10-23,현대자동차,싼타페 하이브리드(SANTAFE HYBRID),2024,SUV
2025-10-23,현대자동차,싼타페(SANTAFE),2025,SUV
2025-10-23,기아,스포티지,2022,SUV
2025-10-23,현대자동차,팰리세이드 하이브리드(PALISADE HYBRID),2026,SUV
2025-10-23,KG 모빌리티,G4 렉스턴,2019,SUV
2025-10-24,기아,스포티지,2024,SUV
2025-10-24,기아,쏘렌토,2021,SUV
2025-10-24,기아,쏘렌토,2021,SUV
2025-10-24,기아,쏘렌토,2021,SUV
2025-10-24,기아,카니발,2021,MPV/미니밴
2025-10-24,현대자동차,투싼 하이브리드(TUCSON HYBRID),2025,SUV
2025-10-24,현대자동차,GV70,2022,SUV
2025-10-24,KG 모빌리티,티볼리,2021,SUV
2025-10-24,현대자동차,투싼 하이브리드(TUCSON HYBRID),2025,SUV
2025-10-24,현대자동차,투싼 하이브리드(TUCSON HYBRID),2025,SUV
2025-10-24,현대자동차,GV80,2022,SUV
2025-10-24,KG 모빌리티,G4 렉스턴,2019,SUV
2025-10-24,기아,카니발,2018,MPV/미니밴
2025-10-24,현대자동차,투싼(TUCSON),2024,SUV
2025-10-24,기아,쏘렌토,2023,SUV
2025-10-24,현대자동차,투싼(TUCSON),2019,SUV
2025-10-24,기아,카니발,2016,MPV/미니밴
2025-10-24,현대자동차,팰리세이드 하이브리드(PALISADE HYBRID),2026,SUV
2025-10-24,현대자동차,싼타페(SANTAFE),2024,SUV
2025-10-27,현대자동차,투싼 하이브리드(TUCSON HYBRID),2025,SUV
2025-10-27,기아,카니발,2021,MPV/미니밴
2025-10-27,현대자동차,투싼 하이브리드(TUCSON HYBRID),2025,SUV
2025-10-27,기아,쏘렌토,2021,SUV
2025-10-27,KG 모빌리티,렉스턴,2021,SUV
2025-10-27,현대자동차,싼타페(SANTAFE),2021,SUV
2025-10-27,기아,카니발 하이브리드,2024,MPV/미니밴
2025-10-27,현대자동차,GV80,2021,SUV
2025-10-27,기아,쏘렌토 하이브리드,2022,SUV
2025-10-27,기아,쏘렌토 하이브리드,2022,SUV
2025-10-27,르노코리아,KOLEOS (콜레오스),2026,SUV
2025-10-27,기아,카니발,2023,MPV/미니밴
2025-10-28,현대자동차,GV80,2023,SUV
2025-10-28,기아,카니발,2021,MPV/미니밴
2025-10-28,기아,니로 EV,2020,SUV
2025-10-28,현대자동차,싼타페(SANTAFE),2025,SUV
2025-10-28,현대자동차,투싼(TUCSON),2024,SUV
2025-10-28,현대자동차,GV80,2020,SUV
2025-10-28,기아,쏘렌토,2021,SUV
2025-10-28,기아,쏘렌토,2021,SUV
2025-10-28,현대자동차,팰리세이드(PALISADE),2023,SUV
2025-10-28,기아,쏘렌토 하이브리드,2023,SUV
2025-10-28,기아,카니발,2021,MPV/미니밴
2025-10-28,현대자동차,투싼 하이브리드(TUCSON HYBRID),2024,SUV
2025-10-28,르노코리아,ARKANA 하이브리드,2025,SUV
2025-10-28,현대자동차,투싼 하이브리드(TUCSON HYBRID),2025,SUV
2025-10-28,기아,쏘렌토 하이브리드,2022,SUV
2025-10-28,현대자동차,GV80,2020,SUV
2025-10-28,기아,카니발,2024,MPV/미니밴
2025-10-28,KG 모빌리티,렉스턴스포츠 칸 쿨멘,2024,SUV
2025-10-28,현대자동차,투싼 하이브리드(TUCSON HYBRID),2025,SUV
2025-10-28,KG 모빌리티,토레스 EVX,2025,SUV
2025-10-28,기아,카니발,2024,MPV/미니밴
2025-10-29,르노코리아,XM3,2020,SUV
2025-10-29,기아,카니발,2024,MPV/미니밴
2025-10-29,KG 모빌리티,G4 렉스턴,2020,SUV
2025-10-29,현대자동차,투싼 하이브리드(TUCSON HYBRID),2025,SUV
2025-10-29,르노코리아,QM6,2017,SUV
2025-10-29,르노코리아,QM6,2019,SUV
2025-10-29,KG 모빌리티,G4 렉스턴,2020,SUV
2025-10-29,기아,쏘렌토,2019,SUV
2025-10-29,기아,쏘렌토 하이브리드,2025,SUV
2025-10-29,현대자동차,투싼 하이브리드(TUCSON HYBRID),2024,SUV
2025-10-29,기아,쏘렌토 하이브리드,2022,SUV
2025-10-29,기아,스포티지 하이브리드,2024,SUV
2025-10-30,현대자동차,싼타페(SANTAFE),2025,SUV
2025-10-30,르노코리아,QM6,2019,SUV
2025-10-30,기아,쏘렌토 하이브리드,2021,SUV
2025-10-30,현대자동차,싼타페 하이브리드(SANTAFE HYBRID),2025,SUV
2025-10-30,르노코리아,QM3,2014,SUV
2025-10-30,메르세데스 벤츠,Mercedes-Benz GLB250 4MATIC,2021,SUV
2025-10-30,메르세데스 벤츠,Mercedes-Benz GLB250 4MATIC,2021,SUV
2025-10-30,현대자동차,투싼 하이브리드(TUCSON HYBRID),2024,SUV
2025-10-30,현대자동차,싼타페 하이브리드(SANTAFE HYBRID),2025,SUV
2025-10-30,현대자동차,투싼(TUCSON),2025,SUV
2025-10-30,현대자동차,싼타페 하이브리드(SANTAFE HYBRID),2024,SUV
2025-10-31,기아,쏘렌토 하이브리드,2022,SUV
2025-10-31,현대자동차,팰리세이드(PALISADE),2023,SUV
2025-10-31,현대자동차,GV70,2025,SUV
2025-10-31,현대자동차,투싼 하이브리드(TUCSON HYBRID),2025,SUV
2025-10-31,KG 모빌리티,렉스턴,2021,SUV
2025-10-31,기아,카니발,2019,MPV/미니밴
2025-10-31,현대자동차,투싼(TUCSON),2026,SUV
2025-10-31,현대자동차,투싼 하이브리드(TUCSON HYBRID),2023,SUV
2025-10-31,기아,쏘렌토 하이브리드,2022,SUV
2025-10-31,현대자동차,싼타페 하이브리드(SANTAFE HYBRID),2025,SUV
2025-10-31,메르세데스 벤츠,Mercedes-Benz EQB300 4MATIC,2023,SUV
2025-10-31,KG 모빌리티,티볼리,2020,SUV
2025-11-03,기아,쏘렌토,2021,SUV
2025-11-03,기아,쏘렌토 하이브리드,2022,SUV
2025-11-03,기아,카니발,2021,MPV/미니밴
2025-11-03,기아,카니발,2022,MPV/미니밴
2025-11-03,기아,쏘렌토,2021,SUV
2025-11-03,현대자동차,싼타페 하이브리드(SANTAFE HYBRID),2025,SUV
2025-11-03,현대자동차,팰리세이드(PALISADE),2020,SUV
2025-11-03,현대자동차,싼타페 하이브리드(SANTAFE HYBRID),2025,SUV
2025-11-03,현대자동차,팰리세이드(PALISADE),2024,SUV
2025-11-03,기아,쏘렌토 하이브리드,2021,SUV
2025-11-03,기아,카니발 하이브리드,2024,MPV/미니밴
2025-11-03,기아,쏘렌토,2016,SUV
2025-11-03,현대자동차,GV80,2022,SUV
2025-11-03,KG 모빌리티,토레스,2024,SUV
2025-11-03,기아,스포티지,2025,SUV
2025-11-03,KG 모빌리티,렉스턴,2023,SUV
2025-11-03,기아,쏘렌토 하이브리드,2022,SUV
2025-11-03,기아,쏘렌토,2020,SUV
2025-11-04,현대자동차,팰리세이드 하이브리드(PALISADE HYBRID),2026,SUV
2025-11-04,르노코리아,KOLEOS Hybrid(콜레오스 하이브리드),2025,SUV
2025-11-04,현대자동차,코나 하이브리드(KONA HYBRID),2026,SUV
2025-11-04,기아,쏘렌토,2021,SUV
2025-11-04,현대자동차,투싼 하이브리드(TUCSON HYBRID),2021,SUV
2025-11-04,기아,카니발,2022,MPV/미니밴
2025-11-04,기아,스포티지 하이브리드,2023,SUV
2025-11-04,기아,카니발,2025,MPV/미니밴
2025-11-04,기아,쏘렌토 하이브리드,2022,SUV
2025-11-04,현대자동차,싼타페 하이브리드(SANTAFE HYBRID),2025,SUV
2025-11-04,기아,카니발,2021,MPV/미니밴
2025-11-04,KG 모빌리티,토레스 EVX,2024,SUV
2025-11-04,기아,쏘렌토,2018,SUV
2025-11-04,KG 모빌리티,렉스턴스포츠 칸,2021,SUV
2025-11-05,현대자동차,투싼 하이브리드(TUCSON HYBRID),2021,SUV
2025-11-05,현대자동차,싼타페 하이브리드(SANTAFE HYBRID),2024,SUV
2025-11-05,KG 모빌리티,토레스 EVX,2024,SUV
2025-11-05,기아,스포티지,2017,SUV
2025-11-05,현대자동차,GV80,2024,SUV
2025-11-05,포드,Explorer 2.3,2020,SUV
2025-11-05,기아,쏘렌토,2021,SUV
2025-11-05,현대자동차,싼타페 하이브리드(SANTAFE HYBRID),2025,SUV
2025-11-05,현대자동차,싼타페(SANTAFE),2024,SUV
2025-11-05,현대자동차,싼타페 하이브리드(SANTAFE HYBRID),2025,SUV
2025-11-05,현대자동차,싼타페(SANTAFE),2014,SUV
2025-11-06,현대자동차,싼타페 하이브리드(SANTAFE HYBRID),2025,SUV
2025-11-06,기아,쏘렌토 하이브리드,2026,SUV
2025-11-06,현대자동차,GV80,2024,SUV
2025-11-06,현대자동차,싼타페 하이브리드(SANTAFE HYBRID),2025,SUV
2025-11-06,현대자동차,싼타페 하이브리드(SANTAFE HYBRID),2024,SUV
2025-11-06,현대자동차,투싼 하이브리드(TUCSON HYBRID),2021,SUV
2025-11-06,기아,카니발,2016,MPV/미니밴
2025-11-06,기아,니로 플러스,2023,SUV
2025-11-06,기아,쏘렌토 하이브리드,2021,SUV
2025-11-07,현대자동차,스타리아 (STARIA),2023,MPV/미니밴
2025-11-07,현대자동차,싼타페 하이브리드(SANTAFE HYBRID),2024,SUV
2025-11-07,BMW,BMW X5 xDrive30d xLine,2019,SUV
2025-11-07,현대자동차,싼타페 하이브리드(SANTAFE HYBRID),2025,SUV
2025-11-07,현대자동차,팰리세이드(PALISADE),2021,SUV
2025-11-07,현대자동차,싼타페 하이브리드(SANTAFE HYBRID),2025,SUV
2025-11-07,기아,쏘렌토 하이브리드,2021,SUV
2025-11-07,기아,스포티지,2023,SUV
2025-11-07,기아,카니발,2021,MPV/미니밴
2025-11-10,기아,카니발 하이브리드,2024,MPV/미니밴
2025-11-10,현대자동차,팰리세이드 하이브리드(PALISADE HYBRID),2026,SUV
2025-11-10,기아,카니발,2019,MPV/미니밴
2025-11-10,현대자동차,싼타페 하이브리드(SANTAFE HYBRID),2026,SUV
2025-11-10,현대자동차,팰리세이드(PALISADE),2021,SUV
2025-11-10,기아,쏘렌토 하이브리드,2021,SUV
2025-11-10,기아,카니발,2019,MPV/미니밴
2025-11-11,기아,쏘렌토,2019,SUV
2025-11-11,현대자동차,싼타페 하이브리드(SANTAFE HYBRID),2025,SUV
2025-11-11,현대자동차,싼타페 하이브리드(SANTAFE HYBRID),2025,SUV
2025-11-11,기아,니로 플러스,2023,SUV
2025-11-11,기아,쏘렌토 하이브리드,2022,SUV
2025-11-11,기아,카니발,2024,MPV/미니밴
2025-11-11,기아,스포티지,2025,SUV
2025-11-11,기아,쏘렌토 하이브리드,2022,SUV
2025-11-11,현대자동차,GV80,2020,SUV
2025-11-11,기아,카니발,2021,MPV/미니밴
2025-11-11,현대자동차,싼타페(SANTAFE),2024,SUV
2025-11-11,기아,쏘렌토 하이브리드,2022,SUV
2025-11-11,기아,니로 하이브리드,2026,SUV
2025-11-12,기아,카니발,2021,MPV/미니밴
2025-11-12,기아,쏘렌토,2017,SUV
2025-11-12,르노코리아,QM3,2015,SUV
2025-11-12,현대자동차,싼타페(SANTAFE),2024,SUV
2025-11-13,르노코리아,QM6,2020,SUV
2025-11-13,르노코리아,QM6,2020,SUV
2025-11-13,르노코리아,QM6,2022,SUV
2025-11-13,르노코리아,QM6,2017,SUV
2025-11-13,르노코리아,QM6,2017,SUV
2025-11-13,르노코리아,QM6,2017,SUV
2025-11-13,르노코리아,QM6,2020,SUV
2025-11-13,기아,니로 하이브리드,2017,SUV
2025-11-13,르노코리아,QM6,2021,SUV
2025-11-13,현대자동차,팰리세이드 하이브리드(PALISADE HYBRID),2026,SUV
2025-11-13,르노코리아,QM6,2019,SUV
2025-11-13,르노코리아,QM6,2020,SUV
2025-11-13,르노코리아,QM6,2018,SUV
2025-11-13,르노코리아,QM6,2022,SUV
2025-11-13,르노코리아,QM6,2020,SUV
2025-11-13,르노코리아,QM6,2017,SUV
2025-11-13,기아,쏘렌토,2021,SUV
2025-11-14,르노코리아,QM6,2019,SUV
2025-11-14,르노코리아,QM6,2020,SUV
2025-11-14,르노코리아,QM6,2020,SUV
2025-11-14,르노코리아,QM6,2020,SUV
2025-11-14,르노코리아,QM6,2023,SUV
2025-11-14,르노코리아,QM6,2018,SUV
2025-11-14,르노코리아,QM6,2020,SUV
2025-11-14,르노코리아,QM6,2018,SUV
2025-11-14,현대자동차,싼타페 하이브리드(SANTAFE HYBRID),2025,SUV
2025-11-14,르노코리아,QM6,2018,SUV
2025-11-14,현대자동차,싼타페 하이브리드(SANTAFE HYBRID),2024,SUV
2025-11-14,르노코리아,QM6,2018,SUV
2025-11-14,기아,니로 EV,2019,SUV
2025-11-14,르노코리아,QM6,2020,SUV
2025-11-14,르노코리아,QM6,2020,SUV
2025-11-14,르노코리아,QM6,2019,SUV
2025-11-14,르노코리아,QM6,2019,SUV
2025-11-14,르노코리아,QM6,2018,SUV
2025-11-14,기아,쏘렌토 하이브리드,2022,SUV
2025-11-14,기아,카니발,2016,MPV/미니밴
2025-11-14,르노코리아,QM6,2019,SUV
2025-11-14,르노코리아,QM6,2020,SUV
2025-11-14,르노코리아,QM6,2018,SUV
2025-11-14,르노코리아,QM6,2019,SUV
2025-11-17,현대자동차,코나 일렉트릭(KONA Electric),2023,SUV
2025-11-17,현대자동차,싼타페 하이브리드(SANTAFE HYBRID),2022,SUV
2025-11-17,기아,스포티지 하이브리드,2024,SUV
2025-11-17,현대자동차,GV70,2022,SUV
2025-11-17,현대자동차,투싼 하이브리드(TUCSON HYBRID),2021,SUV
2025-11-17,르노코리아,QM6,2018,SUV
2025-11-17,르노코리아,QM6,2020,SUV
2025-11-17,르노코리아,QM6,2017,SUV
2025-11-17,르노코리아,QM6,2021,SUV
2025-11-17,르노코리아,QM6,2019,SUV
2025-11-17,현대자동차,싼타페 하이브리드(SANTAFE HYBRID),2025,SUV
2025-11-17,현대자동차,코나 하이브리드(KONA HYBRID),2025,SUV
2025-11-17,르노코리아,QM6,2020,SUV
2025-11-17,기아,카니발,2021,MPV/미니밴
2025-11-17,르노코리아,QM6,2017,SUV
2025-11-17,르노코리아,QM6,2021,SUV
2025-11-17,르노코리아,QM6,2019,SUV
2025-11-17,르노코리아,QM6,2017,SUV
2025-11-17,르노코리아,KOLEOS Hybrid(콜레오스 하이브리드),2025,SUV
2025-11-18,기아,니로 플러스,2023,SUV
2025-11-18,르노코리아,QM6,2019,SUV
2025-11-18,르노코리아,QM6,2019,SUV
2025-11-18,기아,쏘렌토 하이브리드,2021,SUV
2025-11-18,르노코리아,QM3,2016,SUV
2025-11-18,현대자동차,팰리세이드(PALISADE),2021,SUV
2025-11-18,현대자동차,싼타페 하이브리드(SANTAFE HYBRID),2025,SUV
2025-11-18,현대자동차,팰리세이드(PALISADE),2024,SUV
2025-11-18,르노코리아,KOLEOS Hybrid(콜레오스 하이브리드),2025,SUV
2025-11-18,현대자동차,싼타페(SANTAFE),2024,SUV
2025-11-18,현대자동차,싼타페 하이브리드(SANTAFE HYBRID),2025,SUV
2025-11-18,르노코리아,QM6,2021,SUV
2025-11-18,기아,쏘렌토 하이브리드,2022,SUV
2025-11-18,르노코리아,QM6,2020,SUV
2025-11-18,KG 모빌리티,토레스,2024,SUV
2025-11-18,르노코리아,QM6,2017,SUV
2025-11-18,기아,쏘렌토 하이브리드,2022,SUV
2025-11-18,르노코리아,QM6,2017,SUV
2025-11-18,르노코리아,QM6,2017,SUV
2025-11-18,르노코리아,QM6,2018,SUV
2025-11-18,르노코리아,QM6,2020,SUV
2025-11-18,기아,카니발,2021,MPV/미니밴
2025-11-18,르노코리아,QM6,2017,SUV
2025-11-18,르노코리아,QM6,2018,SUV
2025-11-18,르노코리아,QM6,2019,SUV
2025-11-18,기아,쏘렌토 하이브리드,2023,SUV
2025-11-19,BMW,BMW X5 xDrive50e,2025,SUV
2025-11-20,르노코리아,QM6,2020,SUV
2025-11-20,KG 모빌리티,토레스 EVX,2024,SUV
2025-11-20,르노코리아,QM6,2019,SUV
2025-11-20,현대자동차,싼타페(SANTAFE),2025,SUV
2025-11-20,르노코리아,QM6,2017,SUV
2025-11-20,현대자동차,팰리세이드(PALISADE),2024,SUV
2025-11-20,르노코리아,QM6,2020,SUV
2025-11-20,르노코리아,QM6,2017,SUV
2025-11-20,포드,Explorer 2.3,2020,SUV
2025-11-20,기아,쏘렌토,2021,SUV
2025-11-20,르노코리아,XM3,2023,SUV
2025-11-20,르노코리아,QM6,2026,SUV
2025-11-20,르노코리아,QM6,2017,SUV
2025-11-20,현대자동차,싼타페 하이브리드(SANTAFE HYBRID),2024,SUV
2025-11-20,현대자동차,싼타페 하이브리드(SANTAFE HYBRID),2022,SUV
2025-11-20,르노코리아,QM6,2018,SUV
2025-11-20,기아,스포티지 하이브리드,2023,SUV
2025-11-20,기아,니로 EV,2023,SUV
2025-11-21,르노코리아,QM6,2018,SUV
2025-11-21,르노코리아,KOLEOS Hybrid(콜레오스 하이브리드),2025,SUV
2025-11-21,재규어랜드로버,재규어 F-PACE 20d,2018,SUV
2025-11-21,르노코리아,QM6,2019,SUV
2025-11-21,르노코리아,QM6,2020,SUV
2025-11-21,기아,카니발,2021,MPV/미니밴
2025-11-21,포드,Explorer 2.3,2020,SUV
2025-11-21,KG 모빌리티,토레스,2023,SUV
2025-11-21,메르세데스 벤츠,GLC350 e 4Matic,2019,SUV
2025-11-21,르노코리아,QM6,2021,SUV
2025-11-21,현대자동차,팰리세이드(Palisade),2025,SUV
2025-11-21,현대자동차,GV80,2020,SUV
2025-11-21,르노코리아,KOLEOS Hybrid(콜레오스 하이브리드),2025,SUV
2025-11-21,르노코리아,QM6,2020,SUV
2025-11-24,르노코리아,QM6,2022,SUV
2025-11-24,기아,카니발,2021,MPV/미니밴
2025-11-24,르노코리아,QM6,2020,SUV
2025-11-24,르노코리아,KOLEOS Hybrid(콜레오스 하이브리드),2025,SUV
2025-11-24,르노코리아,QM6,2020,SUV
2025-11-24,르노코리아,QM6,2018,SUV
2025-11-24,기아,카니발,2016,MPV/미니밴
2025-11-24,KG 모빌리티,G4 렉스턴,2018,SUV
2025-11-24,현대자동차,투싼 하이브리드(TUCSON HYBRID),2021,SUV
2025-11-24,기아,쏘렌토,2021,SUV
2025-11-24,르노코리아,QM6,2017,SUV
2025-11-24,르노코리아,KOLEOS Hybrid(콜레오스 하이브리드),2025,SUV
2025-11-25,현대자동차,팰리세이드(PALISADE),2023,SUV
2025-11-25,르노코리아,QM6,2017,SUV
2025-11-25,르노코리아,QM6,2018,SUV
2025-11-25,기아,카니발,2021,MPV/미니밴
2025-11-25,기아,카니발,2024,MPV/미니밴
2025-11-25,르노코리아,KOLEOS Hybrid(콜레오스 하이브리드),2025,SUV
2025-11-25,르노코리아,QM6,2023,SUV
2025-11-25,르노코리아,QM6,2021,SUV
2025-11-25,르노코리아,KOLEOS Hybrid(콜레오스 하이브리드),2025,SUV
2025-11-25,르노코리아,QM6,2020,SUV
2025-11-25,르노코리아,QM6,2020,SUV
2025-11-25,르노코리아,QM6,2019,SUV
2025-11-25,KG 모빌리티,토레스 하이브리드,2026,SUV
2025-11-25,기아,카니발,2021,MPV/미니밴
2025-11-25,기아,쏘렌토,2021,SUV
2025-11-25,볼보,볼보 XC90T8 AWD,2019,SUV
2025-11-25,기아,카니발 하이브리드,2026,MPV/미니밴
2025-11-25,기아,쏘렌토,2026,SUV
2025-11-25,BMW,BMW X5 xDrive40e iPerformance,2016,SUV
2025-11-26,르노코리아,QM6,2022,SUV
2025-11-26,현대자동차,GV80,2021,SUV
2025-11-26,르노코리아,QM6,2019,SUV
2025-11-26,르노코리아,QM6,2017,SUV
2025-11-26,기아,카니발,2025,MPV/미니밴
2025-11-27,기아,스포티지,2024,SUV
2025-11-27,기아,쏘렌토,2021,SUV
2025-11-27,르노코리아,QM6,2017,SUV
2025-11-27,기아,스포티지 하이브리드,2022,SUV
2025-11-27,르노코리아,QM6,2022,SUV
2025-11-27,현대자동차,싼타페 하이브리드(SANTAFE HYBRID),2025,SUV
2025-11-28,기아,스포티지 하이브리드,2025,SUV
2025-11-28,르노코리아,QM6,2020,SUV
2025-11-28,르노코리아,QM6,2017,SUV
2025-11-28,기아,카니발,2021,MPV/미니밴
2025-11-28,기아,스포티지,2024,SUV
2025-11-28,르노코리아,QM6,2018,SUV
2025-11-28,르노코리아,QM6,2023,SUV
2025-11-28,르노코리아,QM6,2021,SUV
2025-11-28,기아,쏘렌토 하이브리드,2021,SUV
2025-11-28,기아,스포티지,2016,SUV
2025-11-28,현대자동차,팰리세이드(PALISADE),2022,SUV
2025-11-28,현대자동차,GV70,2025,SUV
2025-11-28,기아,카니발,2019,MPV/미니밴
2025-12-01,기아,카니발,2021,MPV/미니밴
2025-12-01,르노코리아,KOLEOS Hybrid(콜레오스 하이브리드),2025,SUV
2025-12-01,기아,스포티지,2019,SUV
2025-12-01,기아,니로 하이브리드,2023,SUV
2025-12-01,르노코리아,KOLEOS Hybrid(콜레오스 하이브리드),2025,SUV
2025-12-01,르노코리아,KOLEOS Hybrid(콜레오스 하이브리드),2025,SUV
2025-12-01,르노코리아,KOLEOS Hybrid(콜레오스 하이브리드),2025,SUV
2025-12-01,르노코리아,KOLEOS Hybrid(콜레오스 하이브리드),2025,SUV
2025-12-01,르노코리아,QM6,2022,SUV
2025-12-01,현대자동차,코나(KONA),2025,SUV
2025-12-01,르노코리아,KOLEOS Hybrid(콜레오스 하이브리드),2025,SUV
2025-12-01,르노코리아,QM6,2017,SUV
2025-12-01,토요타,토요타 Alphard Hybrid,2026,MPV/미니밴
2025-12-01,르노코리아,KOLEOS Hybrid(콜레오스 하이브리드),2025,SUV
2025-12-01,르노코리아,KOLEOS Hybrid(콜레오스 하이브리드),2025,SUV
2025-12-01,기아,카니발,2019,MPV/미니밴
2025-12-01,르노코리아,XM3,2022,SUV
2025-12-01,르노코리아,QM6,2021,SUV
2025-12-01,르노코리아,QM6,2017,SUV
2025-12-01,르노코리아,KOLEOS Hybrid(콜레오스 하이브리드),2025,SUV
2025-12-01,기아,카니발 하이브리드,2024,MPV/미니밴
2025-12-02,르노코리아,KOLEOS Hybrid(콜레오스 하이브리드),2025,SUV
2025-12-02,르노코리아,QM6,2019,SUV
2025-12-02,르노코리아,KOLEOS Hybrid(콜레오스 하이브리드),2025,SUV
2025-12-02,포드,Explorer 2.3,2020,SUV
2025-12-02,르노코리아,QM3,2017,SUV
2025-12-02,르노코리아,KOLEOS Hybrid(콜레오스 하이브리드),2025,SUV
2025-12-02,르노코리아,KOLEOS Hybrid(콜레오스 하이브리드),2025,SUV
2025-12-02,기아,카니발,2023,MPV/미니밴
2025-12-02,르노코리아,KOLEOS Hybrid(콜레오스 하이브리드),2025,SUV
2025-12-02,르노코리아,KOLEOS Hybrid(콜레오스 하이브리드),2025,SUV
2025-12-02,르노코리아,KOLEOS Hybrid(콜레오스 하이브리드),2025,SUV
2025-12-02,르노코리아,KOLEOS Hybrid(콜레오스 하이브리드),2025,SUV
2025-12-02,르노코리아,KOLEOS Hybrid(콜레오스 하이브리드),2025,SUV
2025-12-02,르노코리아,KOLEOS Hybrid(콜레오스 하이브리드),2025,SUV
2025-12-02,르노코리아,KOLEOS Hybrid(콜레오스 하이브리드),2025,SUV
2025-12-02,르노코리아,KOLEOS Hybrid(콜레오스 하이브리드),2025,SUV
2025-12-02,르노코리아,KOLEOS Hybrid(콜레오스 하이브리드),2025,SUV
2025-12-02,르노코리아,KOLEOS Hybrid(콜레오스 하이브리드),2025,SUV
2025-12-02,르노코리아,KOLEOS Hybrid(콜레오스 하이브리드),2025,SUV
2025-12-02,르노코리아,KOLEOS Hybrid(콜레오스 하이브리드),2025,SUV
2025-12-02,르노코리아,KOLEOS Hybrid(콜레오스 하이브리드),2025,SUV
2025-12-02,르노코리아,KOLEOS Hybrid(콜레오스 하이브리드),2025,SUV
2025-12-02,르노코리아,KOLEOS Hybrid(콜레오스 하이브리드),2025,SUV
2025-12-02,르노코리아,KOLEOS Hybrid(콜레오스 하이브리드),2025,SUV
2025-12-02,르노코리아,KOLEOS Hybrid(콜레오스 하이브리드),2025,SUV
2025-12-02,르노코리아,KOLEOS Hybrid(콜레오스 하이브리드),2025,SUV
2025-12-02,르노코리아,KOLEOS Hybrid(콜레오스 하이브리드),2025,SUV
2025-12-02,르노코리아,KOLEOS Hybrid(콜레오스 하이브리드),2025,SUV
2025-12-02,르노코리아,KOLEOS Hybrid(콜레오스 하이브리드),2025,SUV
2025-12-02,르노코리아,KOLEOS Hybrid(콜레오스 하이브리드),2025,SUV
2025-12-03,르노코리아,QM6,2021,SUV
2025-12-03,르노코리아,QM6,2019,SUV
2025-12-03,르노코리아,QM6,2019,SUV
2025-12-03,르노코리아,QM6,2020,SUV
2025-12-03,르노코리아,QM6,2017,SUV
2025-12-03,르노코리아,QM6,2020,SUV
2025-12-03,르노코리아,QM6,2017,SUV
2025-12-03,르노코리아,KOLEOS Hybrid(콜레오스 하이브리드),2025,SUV
2025-12-03,르노코리아,QM6,2020,SUV
2025-12-03,르노코리아,QM6,2017,SUV
2025-12-03,르노코리아,QM6,2020,SUV
2025-12-03,르노코리아,QM6,2019,SUV
2025-12-03,르노코리아,QM6,2019,SUV
2025-12-03,르노코리아,QM6,2017,SUV
2025-12-03,르노코리아,QM6,2019,SUV
2025-12-03,르노코리아,QM6,2021,SUV
2025-12-03,르노코리아,QM6,2019,SUV
2025-12-03,르노코리아,QM6,2017,SUV
2025-12-03,르노코리아,QM6,2019,SUV
2025-12-03,르노코리아,QM6,2021,SUV
2025-12-03,르노코리아,QM6,2019,SUV
2025-12-03,르노코리아,QM6,2018,SUV
2025-12-03,르노코리아,QM6,2020,SUV
2025-12-03,르노코리아,QM6,2020,SUV
2025-12-03,르노코리아,QM6,2018,SUV
2025-12-03,르노코리아,QM6,2022,SUV
2025-12-03,르노코리아,QM6,2021,SUV
2025-12-03,르노코리아,QM6,2020,SUV
2025-12-03,르노코리아,QM6,2023,SUV
2025-12-03,르노코리아,QM6,2020,SUV
2025-12-03,르노코리아,QM6,2022,SUV
2025-12-03,르노코리아,QM6,2018,SUV
2025-12-03,르노코리아,QM6,2019,SUV
2025-12-03,르노코리아,QM6,2020,SUV
2025-12-03,르노코리아,QM6,2022,SUV
2025-12-03,르노코리아,QM6,2020,SUV
2025-12-03,르노코리아,QM6,2021,SUV
2025-12-03,르노코리아,QM6,2020,SUV
2025-12-03,르노코리아,QM6,2017,SUV
2025-12-03,르노코리아,QM6,2017,SUV
2025-12-03,르노코리아,QM6,2019,SUV
2025-12-03,르노코리아,QM6,2022,SUV
2025-12-03,르노코리아,QM6,2020,SUV
2025-12-03,르노코리아,QM6,2020,SUV
2025-12-03,르노코리아,QM6,2021,SUV
2025-12-03,르노코리아,QM6,2020,SUV
2025-12-03,르노코리아,QM6,2020,SUV
2025-12-03,르노코리아,QM6,2019,SUV
2025-12-03,르노코리아,QM6,2020,SUV
2025-12-03,르노코리아,QM6,2017,SUV
2025-12-03,르노코리아,QM6,2020,SUV
2025-12-03,르노코리아,QM6,2021,SUV
2025-12-03,르노코리아,QM6,2020,SUV
2025-12-03,르노코리아,QM6,2017,SUV
2025-12-03,르노코리아,QM6,2019,SUV
2025-12-03,르노코리아,QM6,2019,SUV
2025-12-03,르노코리아,QM6,2021,SUV
2025-12-03,르노코리아,QM6,2020,SUV
2025-12-03,르노코리아,QM6,2019,SUV
2025-12-03,르노코리아,QM6,2020,SUV
2025-12-03,르노코리아,QM6,2019,SUV
2025-12-03,르노코리아,QM6,2021,SUV
2025-12-03,르노코리아,QM6,2019,SUV
2025-12-03,르노코리아,QM6,2019,SUV
2025-12-03,르노코리아,QM6,2019,SUV
2025-12-03,르노코리아,QM6,2020,SUV
2025-12-03,르노코리아,QM6,2017,SUV
2025-12-03,르노코리아,QM6,2017,SUV
2025-12-03,르노코리아,QM6,2020,SUV
2025-12-03,르노코리아,QM6,2018,SUV
2025-12-03,르노코리아,QM6,2019,SUV
2025-12-03,르노코리아,QM6,2019,SUV
2025-12-03,르노코리아,QM6,2018,SUV
2025-12-03,르노코리아,QM6,2020,SUV
2025-12-03,르노코리아,QM6,2019,SUV
2025-12-03,르노코리아,QM6,2020,SUV
2025-12-03,르노코리아,QM6,2021,SUV
2025-12-03,르노코리아,QM6,2022,SUV
2025-12-03,르노코리아,QM6,2020,SUV
2025-12-03,르노코리아,QM6,2021,SUV
2025-12-03,르노코리아,KOLEOS Hybrid(콜레오스 하이브리드),2025,SUV
2025-12-03,르노코리아,KOLEOS Hybrid(콜레오스 하이브리드),2025,SUV
2025-12-03,르노코리아,KOLEOS Hybrid(콜레오스 하이브리드),2025,SUV
2025-12-03,르노코리아,KOLEOS Hybrid(콜레오스 하이브리드),2025,SUV
2025-12-03,현대자동차,싼타페(SANTAFE),2023,SUV
2025-12-03,기아,스포티지,2024,SUV
2025-12-03,르노코리아,KOLEOS Hybrid(콜레오스 하이브리드),2025,SUV
2025-12-03,현대자동차,GV80,2021,SUV
2025-12-03,현대자동차,투싼 하이브리드(TUCSON HYBRID),2024,SUV
2025-12-04,르노코리아,QM6,2020,SUV
2025-12-04,현대자동차,스타리아 라운지 (STARIA LOUNGE),2025,MPV/미니밴
2025-12-04,르노코리아,QM6,2020,SUV
2025-12-04,현대자동차,팰리세이드(PALISADE),2021,SUV
2025-12-04,르노코리아,QM6,2020,SUV
2025-12-04,현대자동차,팰리세이드(PALISADE),2022,SUV
2025-12-04,르노코리아,QM6,2019,SUV
2025-12-04,현대자동차,투싼 하이브리드(TUCSON HYBRID),2021,SUV
2025-12-04,르노코리아,QM6,2018,SUV
2025-12-04,현대자동차,GV80,2026,SUV
2025-12-04,르노코리아,QM6,2017,SUV
2025-12-04,르노코리아,QM6,2019,SUV
2025-12-04,르노코리아,QM6,2020,SUV
2025-12-04,르노코리아,QM6,2017,SUV
2025-12-04,르노코리아,QM6,2020,SUV
2025-12-04,기아,쏘렌토 하이브리드,2023,SUV
2025-12-04,르노코리아,QM6,2019,SUV
2025-12-04,르노코리아,QM6,2018,SUV
2025-12-04,르노코리아,QM6,2019,SUV
2025-12-04,르노코리아,QM6,2018,SUV
2025-12-04,르노코리아,QM6,2020,SUV
2025-12-04,르노코리아,KOLEOS Hybrid(콜레오스 하이브리드),2025,SUV
2025-12-04,르노코리아,KOLEOS Hybrid(콜레오스 하이브리드),2026,SUV
2025-12-04,현대자동차,GV70,2025,SUV
2025-12-05,BMW,BMW X7 xDrive40d,2025,SUV
2025-12-05,KG 모빌리티,렉스턴스포츠,2021,SUV
2025-12-05,기아,쏘렌토,2018,SUV
2025-12-05,현대자동차,싼타페(SANTAFE),2021,SUV
2025-12-05,르노코리아,KOLEOS Hybrid(콜레오스 하이브리드),2025,SUV
2025-12-05,르노코리아,KOLEOS Hybrid(콜레오스 하이브리드),2025,SUV
2025-12-05,기아,카니발,2021,MPV/미니밴
2025-12-05,기아,카니발,2021,MPV/미니밴
2025-12-05,르노코리아,QM6,2018,SUV
2025-12-05,르노코리아,QM6,2022,SUV
2025-12-05,르노코리아,KOLEOS Hybrid(콜레오스 하이브리드),2025,SUV
2025-12-05,르노코리아,QM6,2020,SUV
2025-12-05,기아,쏘렌토,2024,SUV
2025-12-05,기아,쏘렌토 하이브리드,2021,SUV
2025-12-05,르노코리아,KOLEOS Hybrid(콜레오스 하이브리드),2025,SUV
2025-12-05,르노코리아,QM6,2020,SUV
2025-12-05,포드,Explorer 2.3,2020,SUV
2025-12-08,르노코리아,QM6,2018,SUV
2025-12-08,르노코리아,KOLEOS Hybrid(콜레오스 하이브리드),2025,SUV
2025-12-08,르노코리아,KOLEOS Hybrid(콜레오스 하이브리드),2025,SUV
2025-12-08,르노코리아,KOLEOS Hybrid(콜레오스 하이브리드),2025,SUV
2025-12-08,르노코리아,QM6,2020,SUV
2025-12-08,현대자동차,싼타페(SANTAFE),2010,SUV
2025-12-08,르노코리아,KOLEOS Hybrid(콜레오스 하이브리드),2025,SUV
2025-12-08,르노코리아,QM6,2019,SUV
2025-12-08,현대자동차,싼타페(SANTAFE),2024,SUV
2025-12-08,현대자동차,싼타페 하이브리드(SANTAFE HYBRID),2025,SUV
2025-12-08,르노코리아,KOLEOS Hybrid(콜레오스 하이브리드),2025,SUV
2025-12-08,기아,카니발 하이브리드,2026,MPV/미니밴
2025-12-08,르노코리아,QM6,2020,SUV
2025-12-08,르노코리아,QM6,2020,SUV
2025-12-08,기아,카니발 하이브리드,2025,MPV/미니밴
2025-12-08,르노코리아,QM6,2020,SUV
2025-12-09,KG 모빌리티,렉스턴,2021,SUV
2025-12-09,르노코리아,QM6,2017,SUV
2025-12-09,르노코리아,KOLEOS Hybrid(콜레오스 하이브리드),2025,SUV
2025-12-09,포드,Explorer 2.3,2021,SUV
2025-12-09,르노코리아,KOLEOS Hybrid(콜레오스 하이브리드),2025,SUV
2025-12-09,르노코리아,KOLEOS Hybrid(콜레오스 하이브리드),2025,SUV
2025-12-09,르노코리아,QM6,2017,SUV
2025-12-09,기아,카니발,2021,MPV/미니밴
2025-12-09,르노코리아,KOLEOS Hybrid(콜레오스 하이브리드),2025,SUV
2025-12-09,포드,Explorer 2.3,2020,SUV
2025-12-09,르노코리아,QM6,2020,SUV
2025-12-09,르노코리아,XM3 하이브리드,2024,SUV
2025-12-09,포드,Explorer 2.3,2020,SUV
2025-12-09,르노코리아,KOLEOS Hybrid(콜레오스 하이브리드),2025,SUV
2025-12-09,포드,Explorer 2.3,2020,SUV
2025-12-09,르노코리아,KOLEOS Hybrid(콜레오스 하이브리드),2025,SUV
2025-12-09,르노코리아,QM6,2022,SUV
2025-12-10,현대자동차,싼타페(SANTAFE),2021,SUV
2025-12-10,르노코리아,QM6,2019,SUV
2025-12-10,르노코리아,QM6,2020,SUV
2025-12-10,르노코리아,QM6,2020,SUV
2025-12-10,르노코리아,KOLEOS Hybrid(콜레오스 하이브리드),2026,SUV
2025-12-10,르노코리아,QM6,2019,SUV
2025-12-10,현대자동차,싼타페(SANTAFE),2021,SUV
2025-12-10,르노코리아,QM6,2018,SUV
2025-12-10,기아,카니발 하이브리드,2024,MPV/미니밴
2025-12-10,르노코리아,QM6,2017,SUV
2025-12-10,르노코리아,QM6,2020,SUV
2025-12-10,현대자동차,팰리세이드(PALISADE),2019,SUV
2025-12-10,현대자동차,투싼(TUCSON),2019,SUV
2025-12-10,KG 모빌리티,토레스,2023,SUV
2025-12-11,르노코리아,QM6,2020,SUV
2025-12-11,르노코리아,QM6,2019,SUV
2025-12-11,르노코리아,QM6,2017,SUV
2025-12-11,르노코리아,QM6,2020,SUV
2025-12-11,르노코리아,QM6,2019,SUV
2025-12-11,기아,쏘렌토,2021,SUV
2025-12-11,르노코리아,QM6,2018,SUV
2025-12-11,르노코리아,QM6,2018,SUV
2025-12-11,르노코리아,QM6,2020,SUV
2025-12-11,르노코리아,QM6,2020,SUV
2025-12-11,르노코리아,QM6,2019,SUV
2025-12-11,르노코리아,QM6,2020,SUV
2025-12-11,르노코리아,QM6,2017,SUV
2025-12-11,르노코리아,QM6,2022,SUV
2025-12-11,르노코리아,QM6,2021,SUV
2025-12-11,르노코리아,QM6,2019,SUV
2025-12-11,르노코리아,QM6,2019,SUV
2025-12-11,르노코리아,QM6,2017,SUV
2025-12-11,르노코리아,QM6,2021,SUV
2025-12-11,르노코리아,QM6,2019,SUV
2025-12-11,르노코리아,QM6,2021,SUV
2025-12-11,르노코리아,QM6,2018,SUV
2025-12-11,르노코리아,QM6,2021,SUV
2025-12-11,르노코리아,QM6,2022,SUV
2025-12-11,르노코리아,QM6,2022,SUV
2025-12-11,르노코리아,QM6,2019,SUV
2025-12-11,르노코리아,QM6,2021,SUV
2025-12-11,르노코리아,QM6,2018,SUV
2025-12-11,르노코리아,QM6,2019,SUV
2025-12-11,르노코리아,QM6,2019,SUV
2025-12-11,르노코리아,QM6,2018,SUV
2025-12-11,르노코리아,QM6,2017,SUV
2025-12-11,르노코리아,QM6,2020,SUV
2025-12-11,르노코리아,QM6,2021,SUV
2025-12-11,르노코리아,QM6,2017,SUV
2025-12-11,르노코리아,QM6,2020,SUV
2025-12-11,르노코리아,QM6,2018,SUV
2025-12-11,르노코리아,QM6,2020,SUV
2025-12-11,르노코리아,QM6,2017,SUV
2025-12-11,르노코리아,QM6,2019,SUV
2025-12-11,르노코리아,QM6,2019,SUV
2025-12-11,BMW,BMW X5 xDrive30d,2021,SUV
2025-12-11,르노코리아,QM6,2020,SUV
2025-12-11,르노코리아,QM6,2017,SUV
2025-12-11,르노코리아,QM6,2017,SUV
2025-12-12,현대자동차,팰리세이드(PALISADE),2021,SUV
2025-12-12,현대자동차,팰리세이드(PALISADE),2021,SUV
2025-12-12,르노코리아,QM6,2020,SUV
2025-12-12,르노코리아,QM6,2020,SUV
2025-12-12,르노코리아,QM6,2017,SUV
2025-12-12,기아,스포티지,2018,SUV
2025-12-12,현대자동차,투싼(TUCSON),2018,SUV
2025-12-12,르노코리아,QM6,2020,SUV
2025-12-12,르노코리아,QM6,2017,SUV
2025-12-12,기아,카니발,2021,MPV/미니밴
2025-12-12,르노코리아,QM6,2017,SUV
2025-12-12,르노코리아,QM6,2020,SUV
2025-12-12,르노코리아,QM6,2020,SUV
2025-12-12,르노코리아,QM6,2020,SUV
2025-12-12,르노코리아,QM6,2021,SUV
2025-12-12,르노코리아,QM6,2021,SUV
2025-12-12,르노코리아,QM6,2019,SUV
2025-12-12,르노코리아,QM6,2017,SUV
2025-12-12,르노코리아,QM6,2017,SUV
2025-12-12,르노코리아,QM6,2017,SUV
2025-12-12,르노코리아,QM6,2019,SUV
2025-12-12,르노코리아,QM6,2019,SUV
2025-12-12,기아,스포티지,2025,SUV
2025-12-15,르노코리아,QM6,2019,SUV
2025-12-15,현대자동차,GV80,2021,SUV
2025-12-15,현대자동차,싼타페 하이브리드(SANTAFE HYBRID),2024,SUV
2025-12-15,르노코리아,QM6,2017,SUV
2025-12-15,르노코리아,QM6,2020,SUV
2025-12-15,르노코리아,QM6,2018,SUV
2025-12-15,기아,카니발,2024,MPV/미니밴
2025-12-15,르노코리아,QM6,2019,SUV
2025-12-16,KG 모빌리티,렉스턴,2021,SUV
2025-12-17,KG 모빌리티,토레스,2025,SUV
2025-12-17,KG 모빌리티,렉스턴스포츠 칸,2022,SUV
2025-12-17,르노코리아,QM6,2021,SUV
2025-12-17,메르세데스 벤츠,Mercedes-Benz GLE 450 4MATIC,2020,SUV
2025-12-17,현대자동차,투싼(TUCSON),2018,SUV
2025-12-18,르노코리아,QM6,2021,SUV
2025-12-18,르노코리아,KOLEOS Hybrid(콜레오스 하이브리드),2025,SUV
2025-12-18,르노코리아,QM6,2020,SUV
2025-12-18,기아,스포티지,2022,SUV
2025-12-18,기아,카니발,2017,MPV/미니밴
2025-12-19,르노코리아,KOLEOS Hybrid(콜레오스 하이브리드),2025,SUV
2025-12-19,르노코리아,KOLEOS Hybrid(콜레오스 하이브리드),2025,SUV
2025-12-19,르노코리아,KOLEOS Hybrid(콜레오스 하이브리드),2025,SUV
2025-12-19,르노코리아,KOLEOS Hybrid(콜레오스 하이브리드),2025,SUV
2025-12-19,르노코리아,KOLEOS Hybrid(콜레오스 하이브리드),2025,SUV
2025-12-19,KG 모빌리티,렉스턴스포츠,2021,SUV
2025-12-19,르노코리아,KOLEOS Hybrid(콜레오스 하이브리드),2025,SUV
2025-12-19,르노코리아,KOLEOS Hybrid(콜레오스 하이브리드),2025,SUV
2025-12-19,르노코리아,KOLEOS Hybrid(콜레오스 하이브리드),2025,SUV
2025-12-19,르노코리아,KOLEOS Hybrid(콜레오스 하이브리드),2025,SUV
2025-12-19,르노코리아,KOLEOS Hybrid(콜레오스 하이브리드),2025,SUV
2025-12-19,르노코리아,KOLEOS Hybrid(콜레오스 하이브리드),2025,SUV
2025-12-19,르노코리아,KOLEOS Hybrid(콜레오스 하이브리드),2025,SUV
2025-12-19,기아,쏘렌토 하이브리드,2022,SUV
2025-12-19,르노코리아,KOLEOS Hybrid(콜레오스 하이브리드),2025,SUV
2025-12-19,르노코리아,KOLEOS Hybrid(콜레오스 하이브리드),2025,SUV
2025-12-19,르노코리아,KOLEOS Hybrid(콜레오스 하이브리드),2025,SUV
2025-12-19,현대자동차,팰리세이드(PALISADE),2024,SUV
2025-12-19,르노코리아,KOLEOS Hybrid(콜레오스 하이브리드),2025,SUV
2025-12-19,르노코리아,KOLEOS Hybrid(콜레오스 하이브리드),2026,SUV
2025-12-19,르노코리아,KOLEOS Hybrid(콜레오스 하이브리드),2025,SUV
2025-12-19,르노코리아,KOLEOS Hybrid(콜레오스 하이브리드),2025,SUV
2025-12-19,르노코리아,QM6,2019,SUV
2025-12-19,KG 모빌리티,토레스 EVX,2024,SUV
2025-12-19,현대자동차,싼타페(SANTAFE),2025,SUV
2025-12-19,르노코리아,QM6,2018,SUV
2025-12-19,르노코리아,QM6,2019,SUV
2025-12-22,현대자동차,싼타페 하이브리드(SANTAFE HYBRID),2025,SUV
2025-12-22,현대자동차,싼타페(SANTAFE),2021,SUV
2025-12-22,기아,쏘렌토,2026,SUV
2025-12-22,기아,니로 EV,2023,SUV
2025-12-22,포드,Explorer 2.3,2020,SUV
2025-12-22,현대자동차,싼타페 하이브리드(SANTAFE HYBRID),2025,SUV
2025-12-22,르노코리아,KOLEOS Hybrid(콜레오스 하이브리드),2025,SUV
2025-12-22,르노코리아,KOLEOS Hybrid(콜레오스 하이브리드),2025,SUV
2025-12-22,르노코리아,KOLEOS Hybrid(콜레오스 하이브리드),2025,SUV
2025-12-22,르노코리아,KOLEOS Hybrid(콜레오스 하이브리드),2025,SUV
2025-12-22,르노코리아,KOLEOS Hybrid(콜레오스 하이브리드),2025,SUV
2025-12-22,르노코리아,KOLEOS Hybrid(콜레오스 하이브리드),2025,SUV
2025-12-22,르노코리아,KOLEOS Hybrid(콜레오스 하이브리드),2025,SUV
2025-12-22,르노코리아,KOLEOS Hybrid(콜레오스 하이브리드),2025,SUV
2025-12-22,르노코리아,KOLEOS Hybrid(콜레오스 하이브리드),2025,SUV
2025-12-22,기아,쏘렌토 하이브리드,2021,SUV
2025-12-22,르노코리아,QM6,2019,SUV
2025-12-22,기아,스포티지,2017,SUV
2025-12-22,르노코리아,KOLEOS Hybrid(콜레오스 하이브리드),2025,SUV
2025-12-22,현대자동차,투싼(TUCSON),2021,SUV
2025-12-22,현대자동차,투싼 하이브리드(TUCSON HYBRID),2025,SUV
2025-12-23,기아,카니발,2023,MPV/미니밴
2025-12-23,르노코리아,KOLEOS Hybrid(콜레오스 하이브리드),2025,SUV
2025-12-23,르노코리아,KOLEOS Hybrid(콜레오스 하이브리드),2025,SUV
2025-12-23,기아,니로 하이브리드,2017,SUV
2025-12-23,현대자동차,코나(KONA),2018,SUV
2025-12-23,현대자동차,팰리세이드(PALISADE),2021,SUV
2025-12-23,르노코리아,KOLEOS (콜레오스),2026,SUV
2025-12-24,기아,스포티지,2019,SUV
2025-12-24,기아,스포티지,2019,SUV
2025-12-24,기아,카니발 하이브리드,2024,MPV/미니밴
2025-12-24,르노코리아,KOLEOS Hybrid(콜레오스 하이브리드),2025,SUV
2025-12-24,기아,카니발,2021,MPV/미니밴
2025-12-24,기아,카니발,2021,MPV/미니밴
2025-12-24,기아,쏘렌토,2017,SUV
2025-12-24,현대자동차,GV80,2022,SUV
2025-12-24,현대자동차,투싼(TUCSON),2024,SUV
2025-12-24,현대자동차,팰리세이드(PALISADE),2024,SUV
2025-12-24,기아,카니발,2021,MPV/미니밴
2025-12-24,KG 모빌리티,G4 렉스턴,2018,SUV
2025-12-24,르노코리아,KOLEOS Hybrid(콜레오스 하이브리드),2025,SUV
2025-12-24,르노코리아,KOLEOS Hybrid(콜레오스 하이브리드),2025,SUV
2025-12-24,르노코리아,QM6,2020,SUV
2025-12-24,기아,카니발,2024,MPV/미니밴
2025-12-24,르노코리아,KOLEOS Hybrid(콜레오스 하이브리드),2025,SUV
2025-12-26,기아,니로 EV,2022,SUV
2025-12-26,기아,쏘렌토 하이브리드,2026,SUV
2025-12-26,기아,카니발,2021,MPV/미니밴
2025-12-26,기아,스포티지 하이브리드,2022,SUV
2025-12-26,기아,스포티지 하이브리드,2022,SUV
2025-12-26,현대자동차,투싼 하이브리드(TUCSON HYBRID),2025,SUV
2025-12-26,현대자동차,투싼 하이브리드(TUCSON HYBRID),2024,SUV
2025-12-26,현대자동차,GV70,2022,SUV
2025-12-26,기아,스포티지 하이브리드,2026,SUV
2025-12-26,포드,Explorer 2.3,2020,SUV
2025-12-26,기아,카니발,2021,MPV/미니밴
2025-12-26,기아,카니발 하이브리드,2024,MPV/미니밴
2025-12-29,기아,니로 EV,2022,SUV
2025-12-29,KG 모빌리티,렉스턴스포츠,2022,SUV
2025-12-29,KG 모빌리티,렉스턴,2021,SUV
2025-12-29,기아,쏘렌토 하이브리드,2021,SUV
2025-12-29,기아,니로 하이브리드,2022,SUV
2025-12-29,현대자동차,싼타페 하이브리드(SANTAFE HYBRID),2024,SUV
2025-12-29,현대자동차,싼타페 하이브리드(SANTAFE HYBRID),2024,SUV
2025-12-29,르노코리아,QM6,2017,SUV
2025-12-29,기아,쏘렌토 하이브리드,2025,SUV
2025-12-29,기아,쏘렌토,2021,SUV
2025-12-29,KG 모빌리티,렉스턴스포츠,2023,SUV
2025-12-29,KG 모빌리티,토레스 EVX,2024,SUV
2025-12-30,기아,카니발,2017,MPV/미니밴
2025-12-30,현대자동차,GV80,2024,SUV
2025-12-30,기아,카니발,2024,MPV/미니밴
2025-12-30,기아,쏘렌토 하이브리드,2021,SUV
2025-12-30,기아,스포티지 하이브리드,2022,SUV
2025-12-30,포드,Explorer 2.3,2020,SUV
2025-12-30,기아,스포티지,2022,SUV
2025-12-30,현대자동차,GV70,2021,SUV
2025-12-31,현대자동차,GV70,2026,SUV
2025-12-31,기아,쏘렌토 하이브리드,2025,SUV
2025-12-31,기아,카니발,2023,MPV/미니밴
2025-12-31,기아,카니발,2021,MPV/미니밴
2025-12-31,기아,쏘렌토 하이브리드,2021,SUV
2025-12-31,르노코리아,KOLEOS Hybrid(콜레오스 하이브리드),2025,SUV
2025-12-31,현대자동차,코나(KONA),2019,SUV
2025-12-31,기아,쏘렌토 하이브리드,2024,SUV
2025-12-31,르노코리아,KOLEOS Hybrid(콜레오스 하이브리드),2025,SUV
2025-12-31,기아,쏘렌토,2021,SUV
